book,chapter,verse,content_mismatch_summary,issue_count,order_differs_from_greek_syntax_informational_only,tr_scrivener_sequence,db_sequence,content_mismatch_detail
1Co,2,3,word_substitution,1,yes,κἀγὼ ἐν ἀσθενείᾳ καὶ ἐν φόβῳ καὶ ἐν τρόμῳ πολλῷ ἐγενόμην πρὸς ὑμᾶς·,εγω εγενομην προς υμας εν ασθενεια και εν φοβω και εν πολλω τρομω,"DIFFERENT FORM: same Strong's G1473, TR 'κἀγὼ' vs DB 'εγω'"
1Co,2,9,extra_word,1,yes,"ἀλλὰ καθὼς γέγραπται· ἃ ὀφθαλμὸς οὐκ εἶδεν καὶ οὖς οὐκ ἤκουσεν καὶ ἐπὶ καρδίαν ἀνθρώπου οὐκ ἀνέβη, ἃ ἡτοίμασεν ὁ θεὸς τοῖς ἀγαπῶσιν αὐτόν.¶",αλλα καθως γεγραπται οφθαλμος α ειδεν ουκ ειδεν και ουκ ους ηκουσεν και ανεβη ουκ επι καρδιαν ανθρωπου α ὁ θεος ητοιμασεν τοις αγαπωσιν αυτον,"EXTRA: DB has 'ειδεν' (G3708), no TR counterpart anywhere in verse"
1Co,2,11,missing_word,1,yes,τίς γὰρ οἶδεν ἀνθρώπων τὰ τοῦ ἀνθρώπου εἰ μὴ τὸ πνεῦμα τοῦ ἀνθρώπου τὸ ἐν αὐτῷ; οὕτως καὶ τὰ τοῦ θεοῦ οὐδεὶς οἶδεν εἰ μὴ τὸ πνεῦμα τοῦ θεοῦ.,γαρ τις ανθρωπων τα ὁ ανθρωπου ει μη ὁ πνευμα ὁ ανθρωπου το εν αυτω και ουτως τα ὁ θεου οιδεν ουδεις ει μη ὁ πνευμα ὁ θεου,"MISSING: TR has 'οἶδεν' (G6063), no match anywhere in DB verse"
1Co,3,1,mixed_content,2,yes,"Κἀγώ, ἀδελφοί, οὐκ ἠδυνήθην λαλῆσαι ὑμῖν ὡς πνευματικοῖς ἀλλ᾽ ὡς σαρκικοῖς ὡς νηπίοις ἐν Χριστῷ.",και εγω αδελφοι ηδυνηθην ουκ λαλησαι υμιν ως πνευματικοις αλλ ως σαρκικοις ως νηπιοις εν χριστω,"DIFFERENT FORM: same Strong's G1473, TR 'Κἀγώ,' vs DB 'εγω' | EXTRA: DB has 'και' (G2532), no TR counterpart anywhere in verse"
1Co,4,2,extra_word,2,yes,λοιπὸν ζητεῖται ἐν τοῖς οἰκονόμοις ἵνα πιστός τις εὑρεθῇ.,δε λοιπον ο ζητειται εν ὁ οικονομοις ινα τις ευρεθη πιστος,"EXTRA: DB has 'δε' (G1161), no TR counterpart anywhere in verse | EXTRA: DB has 'ο' (G3739), no TR counterpart anywhere in verse"
1Co,4,4,strongs_mismatch,1,yes,οὐδὲν γὰρ ἐμαυτῷ σύνοιδα· ἀλλ᾽ οὐκ ἐν τούτῳ δεδικαίωμαι· ὁ δὲ ἀνακρίνων με κύριός ἐστιν.,γαρ συνοιδα ουδεν εμαυτω αλλ ουκ τουτω εν δεδικαιωμαι δε ο ανακρινων με εστιν κυριος,"STRONGS MISMATCH: word text matches ('σύνοιδα·'); expected Strong's (TR/TAGNT G6083, cross-walked to this DB's lexeme numbering: G6083) vs DB actual 'συνοιδα'=G4894"
1Co,5,11,missing_word,1,yes,"νῦνὶ δὲ ἔγραψα ὑμῖν μὴ συναναμίγνυσθαι, ἐάν τις ἀδελφὸς ὀνομαζόμενος ᾖ πόρνος ἢ πλεονέκτης ἢ εἰδωλολάτρης ἢ λοίδορος ἢ μέθυσος ἢ ἅρπαξ· τῷ τοιούτῳ μηδὲ συνεσθίειν.",δε νυνι εγραψα υμιν μη συναναμιγνυσθαι εαν τις ονομαζομενος αδελφος πορνος η πλεονεκτης η ειδωλολατρης η λοιδορος η μεθυσος η αρπαξ ὁ τοιουτω μηδε συνεσθιειν,"MISSING: TR has 'ᾖ' (G1510), no match anywhere in DB verse"
1Co,6,5,extra_word,2,yes,"πρὸς ἐντροπὴν ὑμῖν λέγω. οὕτως οὐκ ἐστιν ἐν ὑμῖν σοφός, ὃς δυνήσεται διακρῖναι ἀνὰ μέσον τοῦ ἀδελφοῦ αὐτοῦ;",λεγω προς υμιν εντροπην εστιν ουτως ουκ σοφος εν υμιν ουδε εις ος δυνησεται διακριναι ανα μεσον αυτου ὁ αδελφου,"EXTRA: DB has 'ουδε' (G3761), no TR counterpart anywhere in verse | EXTRA: DB has 'εις' (G1520), no TR counterpart anywhere in verse"
1Co,7,5,mixed_content,2,yes,"μὴ ἀποστερεῖτε ἀλλήλους εἰ μήτι ἂν ἐκ συμφώνου πρὸς καιρόν, ἵνα σχολάζητε τῇ νηστείᾳ καὶ τῇ προσευχῇ καὶ πάλιν ἐπὶ τὸ αὐτὸ συνέρχησθε ἵνα μὴ πειράζῃ ὑμᾶς ὁ σατανᾶς διὰ τὴν ἀκρασίαν ὑμῶν.",αποστερειτε αλληλους εἰ μη τι αν εκ συμφωνου προς καιρον ινα σχολαζητε ὁ νηστεια και ὁ προσευχη και συνερχησθε παλιν επι ὁ αυτο ινα ὁ σατανας πειραζη υμας μη δια υμων ὁ ακρασιαν,"MISSING: TR has 'μήτι' (G3385), no match anywhere in DB verse | EXTRA: DB has 'τι' (G5100), no TR counterpart anywhere in verse"
1Co,7,12,strongs_mismatch,1,yes,"Τοῖς δὲ λοιποῖς λέγω ἐγὼ οὐχ ὁ κύριος, εἴ τις ἀδελφὸς γυναῖκα ἔχει ἄπιστον καὶ αὕτη συνευδοκεῖ οἰκεῖν μετ᾽ αὐτοῦ, μὴ ἀφιέτω αὐτήν·",δε ὁ λοιποις λεγω εγω ουχ ὁ κυριος ει τις αδελφος εχει γυναικα απιστον και αυτη συνευδοκει οικειν μετ αυτου μη αφιετω αυτην,"STRONGS MISMATCH: word text matches ('αὕτη'); expected Strong's (TR/TAGNT G3778, cross-walked to this DB's lexeme numbering: G3778) vs DB actual 'αυτην'=G0846"
1Co,7,13,strongs_mismatch,1,no,"καὶ γυνὴ ἥτις ἔχει ἄνδρα ἄπιστον καὶ αὑτὸς συνευδοκεῖ οἰκεῖν μετ᾽ αὐτῆς, μὴ ἀφιέτω αὐτόν",και γυνη ητις εχει ανδρα απιστον και αυτος συνευδοκει οικειν μετ αυτης μη αφιετω αυτον,"STRONGS MISMATCH: word text matches ('αὑτὸς'); expected Strong's (TR/TAGNT G1438, cross-walked to this DB's lexeme numbering: G1438/G3778) vs DB actual 'αυτος'=G0846"
1Co,7,15,strongs_mismatch,1,yes,"εἰ δὲ ὁ ἄπιστος χωρίζεται, χωριζέσθω· οὐ δεδούλωται ὁ ἀδελφὸς ἢ ἡ ἀδελφὴ ἐν τοῖς τοιούτοις· ἐν δὲ εἰρήνῃ κέκληκεν ἡμᾶς ὁ θεός.",τοις ο δε ει απιστος χωριζεται χωριζεσθω ὁ αδελφος η ὁ αδελφη ου δεδουλωται εν τοιουτοις δε ὁ θεος κεκληκεν ημας εν ειρηνη,"STRONGS MISMATCH: word text matches ('ἡμᾶς'); expected Strong's (TR/TAGNT G2248, cross-walked to this DB's lexeme numbering: G2248/G4771) vs DB actual 'ημας'=G1473"
1Co,7,29,word_substitution,1,yes,"Τοῦτο δέ φημι, ἀδελφοί, ὁ καιρὸς συνεσταλμένος τὸ λοιπόν ἐστίν, ἵνα καὶ οἱ ἔχοντες γυναῖκας ὡς μὴ ἔχοντες ὦσιν,",δε τουτο φημι αδελφοι ὁ καιρος συνεσταλμενος εστιν ὁ λοιπον ινα και οι εχοντες γυναικας ωσιν ως εχοντες μη,"DIFFERENT FORM: same Strong's G3588, TR 'τὸ' vs DB 'οι'"
1Co,7,37,extra_word,1,yes,"ὃς δὲ ἕστηκεν ἐν τῇ καρδίᾳ ἑδραῖος μὴ ἔχων ἀνάγκην, ἐξουσίαν δὲ ἔχει περὶ τοῦ ἰδίου θελήματος, καὶ τοῦτο κέκρικεν ἐν τῇ καρδίᾳ τοῦ τηρεῖν τὴν ἑαυτοῦ παρθένον, καλῶς ποιεῖ",δε ος εστηκεν εδραιος εν ὁ καρδια εχων μη αναγκην δε εχει εξουσιαν περι ὁ ιδιου θεληματος και τουτο κεκρικεν εν αυτου ὁ καρδια ὁ τηρειν εαυτου ὁ παρθενον ποιει καλως,"EXTRA: DB has 'αυτου' (G0846), no TR counterpart anywhere in verse"
1Co,7,38,extra_word,1,yes,"ὥστε καὶ ὁ ἐκγαμίζων καλῶς ποιεῖ, ὁ μὴ ἑκγαμίζων κρεῖσσον ποιεῖ",ωστε και ο εκγαμιζων ποιει καλως δε ο μη εκγαμιζων ποιει κρεισσον,"EXTRA: DB has 'δε' (G1161), no TR counterpart anywhere in verse"
1Co,7,39,strongs_mismatch,1,yes,"Γυνὴ δέδεται νόμῳ ἐφ᾽ ὅσον χρόνον ζῇ ὁ ἀνὴρ αὐτῆς· ἐὰν δὲ κοιμηθῇ ὁ ἀνήρ αὐτῆς, ἐλευθέρα ἐστὶν ᾧ θέλει γαμηθῆναι, μόνον ἐν κυρίῳ.",γυνη δεδεται νομω εφ χρονον οσον αυτης ὁ ανηρ ζη δε εαν αυτης ὁ ανηρ κοιμηθη εστιν ελευθερα γαμηθηναι ω θελει μονον εν κυριω,"STRONGS MISMATCH: word text matches ('μόνον'); expected Strong's (TR/TAGNT G3441, cross-walked to this DB's lexeme numbering: G3441) vs DB actual 'μονον'=G3440"
1Co,8,2,strongs_mismatch,1,yes,"εἴ δέ τις δοκεῖ εἰδέναι τι, οὐδέπω οὐδὲν ἔγνωκεν καθὼς δεῖ γνῶναι·",δε ει τις δοκει ειδεναι τι εγνωκεν ουδεν ουδεπω καθως δει γνωναι,"STRONGS MISMATCH: word text matches ('εἰδέναι'); expected Strong's (TR/TAGNT G6063, cross-walked to this DB's lexeme numbering: G1097/G6063) vs DB actual 'ειδεναι'=G1492"
1Co,8,9,mixed_content,2,yes,βλέπετε δὲ μή πως ἡ ἐξουσία ὑμῶν αὕτη πρόσκομμα γένηται τοῖς ἀσθενοῦσιν,δε βλεπετε μηπως αυτη ὁ εξουσια υμων γενηται προσκομμα τοις ασθενουσιν,"DIFFERENT FORM: same Strong's G4458, TR 'πως' vs DB 'μηπως' | MISSING: TR has 'μή' (G3361), no match anywhere in DB verse"
1Co,8,11,extra_word,2,yes,"Καὶ ὁ ἀσθενῶν ἐπὶ τῇ σῇ γνώσει, ἀδελφὸς δι᾽ ὃν Χριστὸς ἀπέθανεν.",τη ο και επι ση γνωσει απολειται ασθενων αδελφος απολειται δι ον χριστος απεθανεν,"EXTRA: DB has 'απολειται' (G0622), no TR counterpart anywhere in verse | EXTRA: DB has 'απολειται' (G0622), no TR counterpart anywhere in verse"
1Co,9,2,extra_word,1,yes,"εἰ ἄλλοις οὐκ εἰμὶ ἀπόστολος, ἀλλά γε ὑμῖν εἰμι· ἡ γὰρ σφραγίς τῆς ἀποστολῆς ὑμεῖς ἐστε ἐν κυρίῳ.",της η ει ειμι ουκ αποστολος αλλοις αλλα γε ειμι υμιν γαρ σφραγις εμης αποστολης εστε υμεις εν κυριω,"EXTRA: DB has 'εμης' (G1699), no TR counterpart anywhere in verse"
1Co,9,8,extra_word,1,yes,μὴ κατὰ ἄνθρωπον ταῦτα λαλῶ; ἢ καὶ ὁ νόμος ταῦτα λέγει;,λαλω ταυτα μη κατα ανθρωπον η λεγει ουχι ὁ νομος ταυτα και,"EXTRA: DB has 'ουχι' (G3780), no TR counterpart anywhere in verse"
1Co,9,15,extra_word,1,yes,ἐγὼ δὲ οὐδενὶ τούτων· οὐκ ἔγραψα δὲ ταῦτα ἵνα οὕτως γένηται ἐν ἐμοί· καλὸν γάρ μοι μᾶλλον ἀποθανεῖν ἢ τὸ καύχημά μου ἵνα τις κενώσῃ,δε εγω εχρησαμην ουδενι τουτων δε ουκ εγραψα ταυτα ινα γενηται ουτως εν εμοι γαρ καλον μαλλον μοι αποθανειν η ινα τις κενωση μου ὁ καυχημα,"EXTRA: DB has 'εχρησαμην' (G5530), no TR counterpart anywhere in verse"
1Co,9,20,missing_word,2,yes,"καὶ ἐγενόμην τοῖς Ἰουδαίοις ὡς Ἰουδαῖος ἵνα Ἰουδαίους κερδήσω· τοῖς ὑπὸ νόμον ὡς ὑπὸ νόμον, ὑπὸ νόμον, ἵνα τοὺς ὑπὸ νόμον κερδήσω·",τοις και ιουδαιοις εγενομην ως ιουδαιος ινα κερδησω ιουδαιους τοις υπο νομον ως υπο νομον ινα κερδησω τους υπο νομον,"MISSING: TR has 'ὑπὸ' (G5259), no match anywhere in DB verse | MISSING: TR has 'νόμον' (G3551), no match anywhere in DB verse"
1Co,9,23,strongs_mismatch,1,yes,Τοῦτο δὲ ποιῶ διὰ τὸ εὐαγγέλιον ἵνα συγκοινωνὸς αὐτοῦ γένωμαι.¶,δε τουτο ποιω δια ὁ ευαγγελιον ινα γενωμαι συγκοινωνος αυτου,"STRONGS MISMATCH: word text matches ('Τοῦτο'); expected Strong's (TR/TAGNT G5124, cross-walked to this DB's lexeme numbering: G3956/G5124) vs DB actual 'τουτο'=G3778"
1Co,9,27,mixed_content,2,yes,"ἀλλ᾽ ὑπωπιάζω μου τὸ σῶμα καὶ δουλαγωγῶ, μή πως ἄλλοις κηρύξας αὐτὸς ἀδόκιμος γένωμαι.¶",αλλ υπωπιαζω μου ὁ σωμα και δουλαγωγω μηπως κηρυξας αλλοις αυτος γενωμαι αδοκιμος,"DIFFERENT FORM: same Strong's G4458, TR 'πως' vs DB 'μηπως' | MISSING: TR has 'μή' (G3361), no match anywhere in DB verse"
1Co,10,8,mixed_content,2,yes,"μηδὲ πορνεύωμεν καθώς τινες αὐτῶν ἐπόρνευσαν, καὶ ἔπεσαν ἕν μιᾷ ἡμέρᾳ εἴκοσι τρεῖς χιλιάδες.",μηδε πορνευωμεν καθως τινες αυτων επορνευσαν και επεσον εν μια ημερα εικοσιτρεις χιλιαδες,"DIFFERENT FORM: same Strong's G1501, TR 'εἴκοσι' vs DB 'εικοσιτρεις' | MISSING: TR has 'τρεῖς' (G5140), no match anywhere in DB verse"
1Co,10,29,mixed_content,2,yes,συνείδησιν δὲ λέγω οὐχὶ τὴν ἑαυτοῦ ἀλλὰ τὴν τοῦ ἑτέρου. ἱνατί γὰρ ἡ ἐλευθερία μου κρίνεται ὑπὸ ἄλλης συνειδήσεως;,δε συνειδησιν λεγω ουχι την εαυτου αλλα την ὁ ετερου γαρ ινα τι μου ὁ ελευθερια κρινεται υπο αλλης συνειδησεως,"DIFFERENT FORM: same Strong's G2443, TR 'ἱνατί' vs DB 'ινα' | EXTRA: DB has 'τι' (G5101), no TR counterpart anywhere in verse"
1Co,11,5,extra_word,2,yes,πᾶσα δὲ γυνὴ προσευχομένη ἢ προφητεύουσα ἀκατακαλύπτῳ τῇ κεφαλῇ καταισχύνει τὴν κεφαλὴν ἑαυτῆς ἓν γάρ ἐστιν καὶ τὸ αὐτὸ τῇ ἐξυρημένῃ.,τη το δε πασα γυνη προσευχομενη η προφητευουσα ὁ κεφαλη ὁ κεφαλη ακατακαλυπτω καταισχυνει εαυτης ὁ κεφαλην γαρ εστιν και εν αυτο εξυρημενη,"EXTRA: DB has 'ὁ' (G3588), no TR counterpart anywhere in verse | EXTRA: DB has 'κεφαλην' (G2776), no TR counterpart anywhere in verse"
1Co,12,23,strongs_mismatch,2,yes,"καὶ ἃ δοκοῦμεν ἀτιμότερα εἶναι τοῦ σώματος, τούτοις τιμὴν περισσοτέραν περιτίθεμεν, καὶ τὰ ἀσχήμονα ἡμῶν εὐσχημοσύνην περισσοτέραν ἔχει·",τα και του σωματος α δοκουμεν ειναι ατιμοτερα τουτοις περιτιθεμεν περισσοτεραν τιμην και ημων ασχημονα εχει περισσοτεραν ευσχημοσυνην,"STRONGS MISMATCH: word text matches ('περισσοτέραν'); expected Strong's (TR/TAGNT G4055, cross-walked to this DB's lexeme numbering: G4055) vs DB actual 'περισσοτεραν'=G4053 | STRONGS MISMATCH: word text matches ('περισσοτέραν'); expected Strong's (TR/TAGNT G4055, cross-walked to this DB's lexeme numbering: G4055) vs DB actual 'περισσοτεραν'=G4053"
1Co,12,24,strongs_mismatch,1,yes,"τὰ δὲ εὐσχήμονα ἡμῶν οὐ χρείαν ἔχει. ἀλλὰ ὁ θεὸς συνεκέρασεν τὸ σῶμα τῷ ὑστεροῦντι περισσοτέραν δοὺς τιμήν,",τα δε ημων ευσχημονα εχει ου χρειαν αλλ ὁ θεος συνεκερασεν ὁ σωμα δους περισσοτεραν τιμην τω υστερουντι,"STRONGS MISMATCH: word text matches ('περισσοτέραν'); expected Strong's (TR/TAGNT G4055, cross-walked to this DB's lexeme numbering: G4055) vs DB actual 'περισσοτεραν'=G4053"
1Co,12,25,word_substitution,1,yes,"ἵνα μὴ ᾖ σχίσματα ἐν τῷ σώματι, ἀλλὰ τὸ αὐτὸ ὑπὲρ ἀλλήλων μεριμνῶσιν τὰ μέλη·",το ινα η μη σχισμα εν ὁ σωματι αλλα ὁ μελη μεριμνωσιν αυτο υπερ αλληλων,"DIFFERENT FORM: same Strong's G4978, TR 'σχίσματα' vs DB 'σχισμα'"
1Co,12,31,strongs_mismatch,1,yes,ζηλοῦτε δὲ τὰ χαρίσματα τὰ κρείττονα Καὶ ἔτι καθ᾽ ὑπερβολὴν ὁδὸν ὑμῖν δείκνυμι.¶,τα δε ζηλουτε κρειττονα ὁ χαρισματα και ετι δεικνυμι υμιν καθ υπερβολην οδον,"STRONGS MISMATCH: word text matches ('κρείττονα'); expected Strong's (TR/TAGNT G2908, cross-walked to this DB's lexeme numbering: G2908/G3173) vs DB actual 'κρειττονα'=G2909"
1Co,13,2,word_substitution,1,yes,"καὶ ἐὰν ἔχω προφητείαν καὶ εἰδῶ τὰ μυστήρια πάντα καὶ πᾶσαν τὴν γνῶσιν, καὶ ἐὰν ἔχω πᾶσαν τὴν πίστιν ὥστε ὄρη μεθιστάναι, ἀγάπην δὲ μὴ ἔχω, οὐθέν εἰμι.",και εαν εχω προφητειαν και ειδω παντα ὁ μυστηρια και πασαν ὁ γνωσιν και εαν εχω πασαν ὁ πιστιν ωστε μεθιστανειν ορη δε εχω μη αγαπην ειμι ουδεν,"DIFFERENT FORM: same Strong's G3762, TR 'οὐθέν' vs DB 'ουδεν'"
1Co,13,3,missing_word,1,yes,"κἂν ψωμίσω πάντα τὰ ὑπάρχοντά μου, καὶ ἐὰν παραδῶ τὸ σῶμά μου ἵνα καυθήσωμαι ἀγάπην δὲ μὴ ἔχω, οὐδὲν ὠφελοῦμαι.¶",ψωμισω παντα μου ὁ υπαρχοντα και εαν παραδω μου ὁ σωμα ινα καυθησωμαι δε εχω μη αγαπην ωφελουμαι ουδεν,"MISSING: TR has 'κἂν' (G2532), no match anywhere in DB verse"
1Co,14,23,extra_word,1,yes,"ἐὰν οὖν συνέλθῃ ἡ ἐκκλησία ὅλη ἐπὶ τὸ αὐτὸ καὶ πάντες λαλῶσιν γλώσσαις, εἰσέλθωσιν δὲ ἰδιῶται ἢ ἄπιστοι, οὐκ ἐροῦσιν ὅτι μαίνεσθε;",το εαν ουν ολη ὁ εκκλησια συνελθη επι αυτο και παντες λαλωσιν γλωσσαις δε εισελθωσιν ιδιωται η απιστοι ερουσιν ουκ ερουσιν οτι μαινεσθε,"EXTRA: DB has 'ερουσιν' (G2046), no TR counterpart anywhere in verse"
1Co,15,10,strongs_mismatch,1,yes,"χάριτι δὲ θεοῦ εἰμι ὅ εἰμι, καὶ ἡ χάρις αὐτοῦ ἡ εἰς ἐμὲ οὐ κενὴ ἐγενήθη, ἀλλὰ περισσότερον αὐτῶν πάντων ἐκοπίασα, οὐκ ἐγὼ δέ, ἀλλ᾽ ἡ χάρις τοῦ θεοῦ ἡ σὺν ἐμοί.",η δε χαριτι θεου ειμι ο ειμι και αυτου ὁ χαρις εις εμε εγενηθη ου κενη αλλα εκοπιασα περισσοτερον αυτων παντων δε ουκ εγω αλλ ὁ χαρις ὁ θεου η συν εμοι,"STRONGS MISMATCH: word text matches ('περισσότερον'); expected Strong's (TR/TAGNT G4054, cross-walked to this DB's lexeme numbering: G4054) vs DB actual 'περισσοτερον'=G4053"
1Co,15,19,strongs_mismatch,1,yes,"εἰ ἐν τῇ ζωῇ ταύτῃ ἐν Χριστῷ ἠλπικότες ἐσμὲν μόνον, ἐλεεινότεροι πάντων ἀνθρώπων ἐσμέν.¶",ει εν ταυτη ὁ ζωη μονον εσμεν ηλπικοτες εν χριστω εσμεν παντων ανθρωπων ελεεινοτεροι,"STRONGS MISMATCH: word text matches ('μόνον,'); expected Strong's (TR/TAGNT G3441, cross-walked to this DB's lexeme numbering: G3441) vs DB actual 'μονον'=G3440"
1Co,15,23,word_substitution,1,yes,"ἕκαστος δὲ ἐν τῷ ἰδίῳ τάγματι· ἀπαρχὴ Χριστός, ἔπειτα οἱ Χριστοῦ ἐν τῇ παρουσίᾳ αὐτοῦ·",δε εκαστος εν ὁ ιδιω ταγματι χριστος απαρχη επειτα οι χριστου εν αυτου ὁ παρουσια,"DIFFERENT FORM: same Strong's G3588, TR 'τῷ' vs DB 'οι'"
1Co,15,35,missing_word,1,yes,Ἀλλ᾽ ἐρεῖ τις· πῶς ἐγείρονται οἱ νεκροί; ποίῳ δὲ σώματι ἔρχονται;,αλλ τις ερει πως οι εγειρονται δε ποιω σωματι ερχονται,"MISSING: TR has 'νεκροί;' (G3498), no match anywhere in DB verse"
1Co,16,10,mixed_content,2,yes,"Ἐὰν δὲ ἔλθῃ Τιμόθεος, βλέπετε ἵνα ἀφόβως γένηται πρὸς ὑμᾶς· τὸ γὰρ ἔργον κυρίου ἐργάζεται ὡς κἀγώ.",το δε εαν τιμοθεος ελθη βλεπετε ινα γενηται προς υμας αφοβως γαρ εργαζεται εργον κυριου ως εγω και,"DIFFERENT FORM: same Strong's G1473, TR 'κἀγώ.' vs DB 'εγω' | EXTRA: DB has 'και' (G2532), no TR counterpart anywhere in verse"
1Co,16,22,mixed_content,2,yes,"εἴ τις οὐ φιλεῖ τὸν κύριον Ἰησοῦν Χριστόν, ἤτω ἀνάθεμα. Μαρὰν ἀθά",ει τις φιλει ου ὁ κυριον ιησουν χριστον ητω αναθεμα μαραν αθα,"DIFFERENT FORM: same Strong's G3134, TR 'Μαρὰν ἀθά' vs DB 'μαραν' | EXTRA: DB has 'αθα' (G3134), no TR counterpart anywhere in verse"
1Co,16,24,missing_word,14,yes,ἡ ἀγάπη μου μετὰ πάντων ὑμῶν ἐν Χριστῷ Ἰησοῦ. ἀμήν πρός Κορινθίους πρώτη ἐγράφη ἀπό Φιλίππων διά Στεφανᾶ καί φουρτουνάτου καί Ἀχαϊκοῦ καί Τιμοθέου.¶,μου ὁ αγαπη μετα υμων παντων εν χριστω ιησου αμην,"MISSING: TR has 'πρός' (G4314), no match anywhere in DB verse | MISSING: TR has 'Κορινθίους' (G2881), no match anywhere in DB verse | MISSING: TR has 'πρώτη' (G4413), no match anywhere in DB verse | MISSING: TR has 'ἐγράφη' (G1125), no match anywhere in DB verse | MISSING: TR has 'ἀπό' (G0575), no match anywhere in DB verse | MISSING: TR has 'Φιλίππων' (G5375), no match anywhere in DB verse | MISSING: TR has 'διά' (G1223), no match anywhere in DB verse | MISSING: TR has 'Στεφανᾶ' (G4734), no match anywhere in DB verse | MISSING: TR has 'καί' (G2532), no match anywhere in DB verse | MISSING: TR has 'φουρτουνάτου' (G5415), no match anywhere in DB verse | MISSING: TR has 'καί' (G2532), no match anywhere in DB verse | MISSING: TR has 'Ἀχαϊκοῦ' (G0883), no match anywhere in DB verse | MISSING: TR has 'καί' (G2532), no match anywhere in DB verse | MISSING: TR has 'Τιμοθέου.¶' (G5095), no match anywhere in DB verse"
1Jn,1,2,extra_word,2,yes,"καὶ ἡ ζωὴ ἐφανερώθη, καὶ ἑωράκαμεν καὶ μαρτυροῦμεν καὶ ἀπαγγέλλομεν ὑμῖν τὴν ζωὴν τὴν αἰώνιον ἥτις ἦν πρὸς τὸν πατέρα καὶ ἐφανερώθη ἡμῖν·",και ὁ ζωη εφανερωθη και εωρακαμεν και μαρτυρουμεν και απαγγελλομεν υμιν ὁ ζωην αιωνιον ὁ ζωην ητις ην προς ὁ πατερα και εφανερωθη ημιν την,"EXTRA: DB has 'ζωην' (G2222), no TR counterpart anywhere in verse | EXTRA: DB has 'ὁ' (G3588), no TR counterpart anywhere in verse"
1Jn,1,4,mixed_content,3,yes,καὶ ταῦτα γράφομεν ὑμῖν ἵνα ἡ χαρὰ ἡμῶν ᾖ πεπληρωμένη.,και ταυτα γραφομεν υμιν ινα υμων ὁ χαρα η πεπληρωμενη,"STRONGS MISMATCH: word text matches ('ὑμῖν'); expected Strong's (TR/TAGNT G5213, cross-walked to this DB's lexeme numbering: G1473/G3165/G5213) vs DB actual 'υμιν'=G4771 | MISSING: TR has 'ἡμῶν' (G3165), no match anywhere in DB verse | EXTRA: DB has 'υμων' (G4771), no TR counterpart anywhere in verse"
1Jn,1,5,word_substitution,1,yes,καὶ ἔστιν αὕτη ἡ ἐπαγγελία ἣν ἀκηκόαμεν ἀπ᾽ αὐτοῦ καὶ ἀναγγέλλομεν ὑμῖν ὅτι ὁ θεὸς φῶς ἐστιν καὶ σκοτία ἐν αὐτῷ οὐκ ἔστιν οὐδεμία.,αυτη και εστιν ὁ αγγελια ην ακηκοαμεν απ αυτου και αναγγελλομεν υμιν οτι ὁ θεος εστιν φως και εν αυτω εστιν ουκ σκοτια ουδεμια,"DIFFERENT FORM: same Strong's G1860, TR 'ἐπαγγελία' vs DB 'αγγελια'"
1Jn,2,2,mixed_content,2,yes,καὶ αὐτὸς ἱλασμός ἐστιν περὶ τῶν ἁμαρτιῶν ἡμῶν· οὐ περὶ τῶν ἡμετέρων δὲ μόνον ἀλλὰ καὶ περὶ ὅλου τοῦ κόσμου.,και αυτος εστιν ιλασμος περι ημων ὁ αμαρτιων δε ου περι ημετερων μονον αλλα και περι ὁ ολου ὁ κοσμου των,"STRONGS MISMATCH: word text matches ('μόνον'); expected Strong's (TR/TAGNT G3441, cross-walked to this DB's lexeme numbering: G3441) vs DB actual 'μονον'=G3440 | EXTRA: DB has 'ὁ' (G3588), no TR counterpart anywhere in verse"
1Jn,2,7,extra_word,3,yes,Ἀδελφοί οὐκ ἐντολὴν καινὴν γράφω ὑμῖν ἀλλ᾽ ἐντολὴν παλαιὰν ἣν εἴχετε ἀπ᾽ ἀρχῆς· ἡ ἐντολὴ ἡ παλαιά ἐστιν ὁ λόγος ὃν ἠκούσατε ἀπ᾽ ἀρχῆς.,αδελφοι γραφω ουκ καινην εντολην υμιν αλλ εντολην παλαιαν εντολην ην ειχετε απ αρχης ὁ εντολη παλαια ὁ εντολη εστιν ὁ λογος ον ηκουσατε απ αρχης η,"EXTRA: DB has 'εντολη' (G1785), no TR counterpart anywhere in verse | EXTRA: DB has 'εντολη' (G1785), no TR counterpart anywhere in verse | EXTRA: DB has 'ὁ' (G3588), no TR counterpart anywhere in verse"
1Jn,2,8,extra_word,1,yes,"πάλιν ἐντολὴν καινὴν γράφω ὑμῖν ὅ ἐστιν ἀληθὲς ἐν αὐτῷ καὶ ἐν ὑμῖν, ὅτι ἡ σκοτία παράγεται καὶ τὸ φῶς τὸ ἀληθινὸν ἤδη φαίνει.",παλιν καινην εντολην γραφω υμιν ο εστιν αληθες εν αυτω και εν υμιν οτι ὁ σκοτια παραγεται και ὁ αληθινον ὁ φως ηδη φαινει το,"EXTRA: DB has 'ὁ' (G3588), no TR counterpart anywhere in verse"
1Jn,2,13,extra_word,3,yes,"γράφω ὑμῖν, πατέρες, ὅτι ἐγνώκατε τὸν ἀπ᾽ ἀρχῆς. γράφω ὑμῖν, νεανίσκοι, ὅτι νενικήκατε τὸν πονηρόν.¶",πατερες απ αρχης γραφω υμιν νεανισκοι οτι νενικηκατε πονηρον γραφω υμιν παιδια οτι εγνωκατε ὁ πατερα τον τον,"EXTRA: DB has 'παιδια' (G3813), no TR counterpart anywhere in verse | EXTRA: DB has 'ὁ' (G3588), no TR counterpart anywhere in verse | EXTRA: DB has 'πατερα' (G3962), no TR counterpart anywhere in verse"
1Jn,5,6,strongs_mismatch,1,yes,"οὗτός ἐστιν ὁ ἐλθὼν δι᾽ ὕδατος καὶ αἵματος, Ἰησοῦς ὁ Χριστός· οὐκ ἐν τῷ ὕδατι μόνον, ἀλλ᾽ ἐν τῷ ὕδατι καὶ τῷ αἵματι· καὶ τὸ πνεῦμά ἐστιν τὸ μαρτυροῦν, ὅτι τὸ πνεῦμά ἐστιν ἡ ἀλήθεια·",ουτος εστιν ελθων δι υδατος και αιματος ιησους ὁ χριστος ουκ εν ὁ υδατι μονον αλλ εν ὁ υδατι και ὁ αιματι και εστιν ὁ πνευμα μαρτυρουν οτι ὁ πνευμα εστιν ὁ αληθεια ο το,"STRONGS MISMATCH: word text matches ('μόνον,'); expected Strong's (TR/TAGNT G3441, cross-walked to this DB's lexeme numbering: G3441) vs DB actual 'μονον'=G3440"
1Jn,5,7,word_substitution,1,yes,"ὅτι τρεῖς εἰσιν οἱ μαρτυροῦντες, ἕν τῷ οὐρανῷ ὁ πατήρ ὁ λόγος καὶ τὸ ἅγιον πνεῦμα καὶ οὗτοι οἱ τρεῖς ἕν εἰσιν",οτι εισιν τρεις μαρτυρουντες εν ὁ ουρανω ὁ πατηρ ὁ λογος και αγιον πνευμα και ουτοι τρεις εισιν εν οι το οι,"DIFFERENT FORM: same Strong's G3588, TR 'τῷ' vs DB 'οι'"
1Jn,5,8,word_substitution,2,yes,"καὶ τρεῖς εἰσιν οἱ μαρτυροῦντες ἕν τῇ γῇ, τὸ πνεῦμα καὶ τὸ ὕδωρ καὶ τὸ αἷμα, καὶ οἱ τρεῖς εἰς τὸ ἕν εἰσιν.",και εισιν τρεις μαρτυρουντες εν ὁ γη ὁ πνευμα και ὁ υδωρ και ὁ αιμα και οι τρεις εισιν εις εν οι το,"DIFFERENT FORM: same Strong's G3588, TR 'τὸ' vs DB 'οι' | DIFFERENT FORM: same Strong's G3588, TR 'τὸ' vs DB 'οι'"
1Pe,1,1,missing_word,1,yes,"Πέτρος ἀπόστολος Ἰησοῦ Χριστοῦ ἐκλεκτοῖς παρεπιδήμοις διασπορᾶς Πόντου, Γαλατίας, Καππαδοκίας, Ἀσίας, καὶ Βιθυνίας,",πετρος αποστολος ιησου χριστου παρεπιδημοις διασπορας ποντου γαλατιας καππαδοκιας ασιας και βιθυνιας,"MISSING: TR has 'ἐκλεκτοῖς' (G1588), no match anywhere in DB verse"
1Pe,1,2,extra_word,1,yes,κατὰ πρόγνωσιν θεοῦ πατρὸς ἐν ἁγιασμῷ πνεύματος εἰς ὑπακοὴν καὶ ῥαντισμὸν αἵματος Ἰησοῦ Χριστοῦ· χάρις ὑμῖν καὶ εἰρήνη πληθυνθείη.¶,εκλεκτοις κατα προγνωσιν θεου πατρος εν αγιασμω πνευματος εις υπακοην και ραντισμον αιματος ιησου χριστου χαρις υμιν και ειρηνη πληθυνθειη,"EXTRA: DB has 'εκλεκτοις' (G1588), no TR counterpart anywhere in verse"
1Pe,1,3,extra_word,1,yes,"Εὐλογητὸς ὁ θεὸς καὶ πατὴρ τοῦ κυρίου ἡμῶν Ἰησοῦ Χριστοῦ, ὁ κατὰ τὸ πολὺ αὐτοῦ ἔλεος ἀναγεννήσας ἡμᾶς εἰς ἐλπίδα ζῶσαν δι᾽ ἀναστάσεως Ἰησοῦ Χριστοῦ ἐκ νεκρῶν,",το ευλογητος ὁ θεος και πατηρ ὁ ημων ὁ κυριου ιησου χριστου ο κατα αυτου πολυ ελεος αναγεννησας ημας εις ζωσαν ελπιδα δι αναστασεως ιησου χριστου εκ νεκρων,"EXTRA: DB has 'ο' (G3588), no TR counterpart anywhere in verse"
1Pe,1,4,word_substitution,1,yes,εἰς κληρονομίαν ἄφθαρτον καὶ ἀμίαντον καὶ ἀμάραντον τετηρημένην ἐν οὐρανοῖς εἰς ἡμᾶς,εις κληρονομιαν αφθαρτον και αμιαντον και αμαραντον τετηρημενην εν ουρανοις εις υμας,"DIFFERENT FORM: same Strong's G2248, TR 'ἡμᾶς' vs DB 'υμας'"
1Pe,1,7,extra_word,2,yes,ἵνα τὸ δοκίμιον ὑμῶν τῆς πίστεως χρυσίου τοῦ ἀπολλυμένου διὰ πυρὸς δὲ δοκιμαζομένου εὑρεθῇ εἰς ἔπαινον καὶ δόξαν καὶ τιμὴν ἐν ἀποκαλύψει Ἰησοῦ Χριστοῦ·,ινα ὁ δοκιμιον υμων ὁ πιστεως πολυ τιμιωτερον χρυσιου του απολλυμενου δε δοκιμαζομενου δια πυρος ευρεθη εις επαινον και τιμην και δοξαν εν αποκαλυψει ιησου χριστου,"EXTRA: DB has 'πολυ' (G4183), no TR counterpart anywhere in verse | EXTRA: DB has 'τιμιωτερον' (G5093), no TR counterpart anywhere in verse"
1Pe,1,8,mixed_content,3,yes,"ὃν οὐκ εἰδότες ἀγαπᾶτε, εἰς ὃν ἄρτι μὴ ὁρῶντες πιστεύοντες δὲ ἀγαλλιᾶσθε χαρᾷ ἀνεκλαλήτῳ καὶ δεδοξασμένῃ,",ον ιδοντες ουκ ιδοντες αγαπατε εις ον αρτι ορωντες μη δε πιστευοντες αγαλλιασθε χαρα ανεκλαλητω και δεδοξασμενη,"MISSING: TR has 'εἰδότες' (G1492), no match anywhere in DB verse | EXTRA: DB has 'ιδοντες' (G3708), no TR counterpart anywhere in verse | EXTRA: DB has 'ιδοντες' (G3708), no TR counterpart anywhere in verse"
1Pe,1,12,strongs_mismatch,1,yes,"οἷς ἀπεκαλύφθη ὅτι οὐχ ἑαυτοῖς ἡμῖν δὲ διηκόνουν αὐτά, ἃ νῦν ἀνηγγέλη ὑμῖν διὰ τῶν εὐαγγελισαμένων ὑμᾶς ἐν πνεύματι ἁγίῳ ἀποσταλέντι ἀπ᾽ οὐρανοῦ, εἰς ἃ ἐπιθυμοῦσιν ἄγγελοι παρακύψαι.¶",οις απεκαλυφθη οτι ουχ εαυτοις δε ημιν διηκονουν αυτα α νυν ανηγγελη υμιν δια των ευαγγελισαμενων υμας εν αγιω πνευματι αποσταλεντι απ ουρανου α αγγελοι επιθυμουσιν παρακυψαι εις,"STRONGS MISMATCH: word text matches ('ἡμῖν'); expected Strong's (TR/TAGNT G2254, cross-walked to this DB's lexeme numbering: G2254/G4771) vs DB actual 'ημιν'=G1473"
1Pe,1,16,extra_word,1,yes,διότι γέγραπται· ἅγιοι ὅτι ἐγὼ ἅγιος εἰμι.,διοτι γεγραπται γενεσθε αγιοι οτι εγω ειμι αγιος,"EXTRA: DB has 'γενεσθε' (G1096), no TR counterpart anywhere in verse"
1Pe,2,3,extra_word,1,yes,ἐγεύσασθε ὅτι χρηστὸς ὁ κύριος.,ειπερ εγευσασθε οτι ὁ κυριος χρηστος,"EXTRA: DB has 'ειπερ' (G1512), no TR counterpart anywhere in verse"
1Pe,2,6,extra_word,1,yes,"περιέχει ἐν τῇ γραφῇ· ἰδοὺ τίθημι ἐν Σιὼν λίθον ἀκρογωνιαῖον ἐκλεκτὸν ἔντιμον, καὶ ὁ πιστεύων ἐπ᾽ αὐτῷ οὐ μὴ καταισχυνθῇ.",ο διο και περιεχει εν ὁ γραφη ιδου τιθημι εν σιων ακρογωνιαιον λιθον εκλεκτον εντιμον πιστευων επ αυτω ου μη καταισχυνθη,"EXTRA: DB has 'διο' (G1352), no TR counterpart anywhere in verse"
1Pe,2,10,missing_word,1,yes,"οἵ ποτε οὐ λαός, νῦν δὲ λαὸς θεοῦ, οἱ οὐκ ἠλεημένοι, νῦν δὲ ἐλεηθέντες.¶",ποτε ου λαος δε νυν λαος θεου οι ουκ ηλεημενοι δε νυν ελεηθεντες,"MISSING: TR has 'οἵ' (G3739), no match anywhere in DB verse"
1Pe,2,18,mixed_content,2,yes,"Οἱ οἰκέται ὑποτασσόμενοι ἐν παντὶ φόβῳ τοῖς δεσπόταις, οὐ μόνον τοῖς ἀγαθοῖς καὶ ἐπιεικέσιν, ἀλλὰ καὶ τοῖς σκολιοῖς.",τοις τοις ὁ οικεται υποτασσομενοι ὁ ὁ δεσποταις εν παντι φοβω ου μονον αγαθοις και επιεικεσιν αλλα και σκολιοις,"STRONGS MISMATCH: word text matches ('μόνον'); expected Strong's (TR/TAGNT G3441, cross-walked to this DB's lexeme numbering: G3441) vs DB actual 'μονον'=G3440 | EXTRA: DB has 'ὁ' (G3588), no TR counterpart anywhere in verse"
1Pe,2,21,mixed_content,3,yes,"εἰς τοῦτο γὰρ ἐκλήθητε, ὅτι καὶ Χριστὸς ἔπαθεν ὑπὲρ ἡμῶν ὑμῖν ὑπολιμπάνων ὑπογραμμὸν ἵνα ἐπακολουθήσητε τοῖς ἴχνεσιν αὐτοῦ·",γαρ εις τουτο εκληθητε οτι χριστος και επαθεν υπερ ημων υπολιμπανων ημιν υπογραμμον ινα επακολουθησητε αυτου ὁ ιχνεσιν,"STRONGS MISMATCH: word text matches ('ἡμῶν'); expected Strong's (TR/TAGNT G2257, cross-walked to this DB's lexeme numbering: G2257/G4771) vs DB actual 'ημων'=G1473 | MISSING: TR has 'ὑμῖν' (G4771), no match anywhere in DB verse | EXTRA: DB has 'ημιν' (G1473), no TR counterpart anywhere in verse"
1Pe,3,1,mixed_content,2,yes,"Ὁμοίως αἱ γυναῖκες ὑποτασσόμεναι τοῖς ἰδίοις ἀνδράσιν, ἵνα καὶ εἴ τινες ἀπειθοῦσιν τῷ λόγῳ, διὰ τῆς τῶν γυναικῶν ἀναστροφῆς ἄνευ λόγου κερδηθήσωνται",της τοις ομοιως ὁ γυναικες υποτασσομεναι ιδιοις ανδρασιν ινα ει τινες απειθουσιν ὁ λογω και ανευ λογου κερδηθησωνται δια αναστροφης ὁ γυναικων,"MISSING: TR has 'αἱ' (G3739), no match anywhere in DB verse | EXTRA: DB has 'ὁ' (G3588), no TR counterpart anywhere in verse"
1Pe,3,15,extra_word,4,yes,"κύριον δὲ τὸν θεὸν ἁγιάσατε ἐν ταῖς καρδίαις ὑμῶν.¶ Ἕτοιμοι δὲ ἀεὶ πρὸς ἀπολογίαν παντὶ τῷ αἰτοῦντι ὑμᾶς λόγον περὶ τῆς ἐν ὑμῖν ἐλπίδος,",τω δε αγιασατε κυριον ὁ θεον εν υμων ὁ καρδιαις δε ετοιμοι αει προς απολογιαν παντι αιτουντι υμας λογον περι ελπιδος της εν υμιν μετα πραυτητος και φοβου,"EXTRA: DB has 'μετα' (G3326), no TR counterpart anywhere in verse | EXTRA: DB has 'πραυτητος' (G4240), no TR counterpart anywhere in verse | EXTRA: DB has 'και' (G2532), no TR counterpart anywhere in verse | EXTRA: DB has 'φοβου' (G5401), no TR counterpart anywhere in verse"
1Pe,3,16,extra_word,1,yes,"συνείδησιν ἔχοντες ἀγαθήν, ἵνα ἐν ᾧ ὑμῶν ὡς κακοποιῶν, καταισχυνθῶσιν οἱ ἐπηρεάζοντες ὑμῶν τὴν ἀγαθὴν ἐν Χριστῷ ἀναστροφήν.",την οι εχοντες αγαθην συνειδησιν ινα εν ω καταλαλωσιν υμων ως κακοποιων καταισχυνθωσιν επηρεαζοντες υμων αγαθην αναστροφην εν χριστω,"EXTRA: DB has 'καταλαλωσιν' (G2635), no TR counterpart anywhere in verse"
1Pe,3,18,strongs_mismatch,1,yes,"ὅτι καὶ Χριστὸς ἅπαξ περὶ ἁμαρτιῶν ἔπαθεν, δίκαιος ὑπὲρ ἀδίκων, ἵνα ἡμᾶς προσαγάγῃ τῷ θεῷ, θανατωθεὶς μὲν σαρκί, ζῳοποιηθεὶς δὲ τῷ πνεύματι,",μεν οτι χριστος και απαξ επαθεν περι αμαρτιων δικαιος υπερ αδικων ινα προσαγαγη ημας ὁ θεω θανατωθεις σαρκι δε ζωοποιηθεις ὁ πνευματι,"STRONGS MISMATCH: word text matches ('ἡμᾶς'); expected Strong's (TR/TAGNT G2248, cross-walked to this DB's lexeme numbering: G2248/G4771) vs DB actual 'ημας'=G1473"
1Pe,3,20,extra_word,2,yes,"ἀπειθήσασίν ποτε, ὅτε ἡ τοῦ θεοῦ μακροθυμία ἐν ἡμέραις Νῶε κατασκευαζομένης κιβωτοῦ, εἰς ἣν ὀλίγαι τοῦτ᾽ ἔστιν ὀκτὼ ψυχαί, διεσώθησαν δι᾽ ὕδατος·",η ποτε απειθησασιν οτε απαξ μακροθυμια ὁ θεου εξεδεχετο εν ημεραις νωε κιβωτου κατασκευαζομενης εις ην ολιγαι τουτ εστιν οκτω ψυχαι διεσωθησαν δι υδατος,"EXTRA: DB has 'απαξ' (G0530), no TR counterpart anywhere in verse | EXTRA: DB has 'εξεδεχετο' (G1551), no TR counterpart anywhere in verse"
1Pe,3,21,mixed_content,2,yes,"ὃ καὶ ἡμᾶς ἀντίτυπον νῦν σῴζει βάπτισμα, οὐ σαρκὸς ἀπόθεσις ῥύπου, ἀλλὰ συνειδήσεως ἀγαθῆς ἐπερώτημα εἰς θεόν, δι᾽ ἀναστάσεως Ἰησοῦ Χριστοῦ,",αντιτυπον ω βαπτισμα και νυν σωζει ημας ου αποθεσις ρυπου σαρκος αλλα επερωτημα αγαθης συνειδησεως εις θεον δι αναστασεως ιησου χριστου,"STRONGS MISMATCH: word text matches ('ἡμᾶς'); expected Strong's (TR/TAGNT G2248, cross-walked to this DB's lexeme numbering: G2248/G4771) vs DB actual 'ημας'=G1473 | DIFFERENT FORM: same Strong's G3739, TR 'ὃ' vs DB 'ω'"
1Pe,5,10,strongs_mismatch,1,yes,"Ὁ δὲ θεὸς πάσης χάριτος ὁ καλέσας ἡμᾶς εἰς τὴν αἰώνιον αὐτοῦ δόξαν ἐν Χριστῷ Ἰησοῦ, ὀλίγον παθόντας αὐτὸς καταρτίσαι ὑμᾶς, στηρίξαι σθενώσαι θεμελιώσαι",την ο δε θεος πασης χαριτος ο καλεσας ημας εις αυτου αιωνιον δοξαν εν χριστω ιησου παθοντας ολιγον αυτος υμας καταρτισαι στηριξαι σθενωσαι θεμελιωσαι,"STRONGS MISMATCH: word text matches ('ἡμᾶς'); expected Strong's (TR/TAGNT G2248, cross-walked to this DB's lexeme numbering: G2248/G4771) vs DB actual 'ημας'=G1473"
1Th,1,3,extra_word,1,yes,μνημονεύοντες ὑμῶν τοῦ ἔργου τῆς πίστεως καὶ τοῦ κόπου τῆς ἀγάπης καὶ τῆς ὑπομονῆς τῆς ἐλπίδος τοῦ κυρίου ἡμῶν Ἰησοῦ Χριστοῦ ἔμπροσθεν τοῦ θεοῦ καὶ πατρὸς ἡμῶν·,μνημονευοντες αδιαλειπτως υμων ὁ εργου ὁ πιστεως και ὁ κοπου ὁ αγαπης και ὁ υπομονης ὁ ελπιδος ημων ὁ κυριου ιησου χριστου εμπροσθεν ὁ θεου και ημων πατρος,"EXTRA: DB has 'αδιαλειπτως' (G0089), no TR counterpart anywhere in verse"
1Th,1,5,strongs_mismatch,1,yes,ὅτι τὸ εὐαγγέλιον ἡμῶν οὐκ ἐγενήθη εἰς ὑμᾶς ἐν λόγῳ μόνον ἀλλὰ καὶ ἐν δυνάμει καὶ ἐν πνεύματι ἁγίῳ καὶ ἐν πληροφορίᾳ πολλῇ καθὼς οἴδατε οἷοι ἐγενήθημεν ἐν ὑμῖν δι᾽ ὑμᾶς·,οτι ημων ὁ ευαγγελιον εγενηθη ουκ εις υμας εν λογω μονον αλλα και εν δυναμει και εν αγιω πνευματι και εν πολλη πληροφορια καθως οιδατε οιοι εγενηθημεν εν υμιν δι υμας,"STRONGS MISMATCH: word text matches ('μόνον'); expected Strong's (TR/TAGNT G3441, cross-walked to this DB's lexeme numbering: G3441) vs DB actual 'μονον'=G3440"
1Th,1,8,strongs_mismatch,1,yes,"ἀφ᾽ ὑμῶν γὰρ ἐξήχηται ὁ λόγος τοῦ κυρίου οὐ μόνον ἐν τῇ Μακεδονίᾳ καὶ Ἀχαΐᾳ, ἀλλ᾽ καὶ ἐν παντὶ τόπῳ ἡ πίστις ὑμῶν ἡ πρὸς τὸν θεὸν ἐξελήλυθεν, ὥστε μὴ χρείαν ἔχειν ἡμᾶς λαλεῖν τι.",γαρ αφ υμων εξηχηται ὁ λογος ὁ κυριου ου μονον εν ὁ μακεδονια και αχαια αλλα και εν παντι τοπω υμων ὁ πιστις προς ὁ θεον εξεληλυθεν ωστε ημας εχειν μη λαλειν τι η χρειαν,"STRONGS MISMATCH: word text matches ('μόνον'); expected Strong's (TR/TAGNT G3441, cross-walked to this DB's lexeme numbering: G3441) vs DB actual 'μονον'=G3440"
1Th,1,9,word_substitution,1,yes,"αὐτοὶ γὰρ περὶ ἡμῶν ἀπαγγέλλουσιν ὁποίαν εἴσοδον ἔχομεν πρὸς ὑμᾶς, καὶ πῶς ἐπεστρέψατε πρὸς τὸν θεὸν ἀπὸ τῶν εἰδώλων δουλεύειν θεῷ ζῶντι καὶ ἀληθινῷ",γαρ αυτοι απαγγελλουσιν περι ημων οποιαν εισοδον εσχομεν προς υμας και πως επεστρεψατε προς ὁ θεον απο ὁ ειδωλων δουλευειν ζωντι και αληθινω θεω,"DIFFERENT FORM: same Strong's G2192, TR 'ἔχομεν' vs DB 'εσχομεν'"
1Th,2,6,extra_word,7,yes,"οὔτε ζητοῦντες ἐξ ἀνθρώπων δόξαν οὔτε ἀφ᾽ ὑμῶν οὔτε ἀπ᾽ ἄλλων,",ουτε εξ ανθρωπων ζητουντες δοξαν ουτε αφ υμων ουτε απ αλλων δυναμενοι ειναι ἐν βαρει ως αποστολοι χριστου,"EXTRA: DB has 'δυναμενοι' (G1410), no TR counterpart anywhere in verse | EXTRA: DB has 'ειναι' (G1510), no TR counterpart anywhere in verse | EXTRA: DB has 'ἐν' (G1722), no TR counterpart anywhere in verse | EXTRA: DB has 'βαρει' (G0922), no TR counterpart anywhere in verse | EXTRA: DB has 'ως' (G5613), no TR counterpart anywhere in verse | EXTRA: DB has 'αποστολοι' (G0652), no TR counterpart anywhere in verse | EXTRA: DB has 'χριστου' (G5547), no TR counterpart anywhere in verse"
1Th,2,8,strongs_mismatch,1,yes,"οὕτως ἱμειρόμενοι ὑμῶν εὐδοκοῦμεν μεταδοῦναι ὑμῖν οὐ μόνον τὸ εὐαγγέλιον τοῦ θεοῦ ἀλλὰ καὶ τὰς ἑαυτῶν ψυχάς, διότι ἀγαπητοὶ ἡμῖν γεγένησθε",τας ουτως ιμειρομενοι υμων ευδοκουμεν μεταδουναι υμιν ου ὁ ευαγγελιον ὁ θεου μονον αλλα και εαυτων ψυχας διοτι γεγενησθε αγαπητοι ημιν,"STRONGS MISMATCH: word text matches ('μόνον'); expected Strong's (TR/TAGNT G3441, cross-walked to this DB's lexeme numbering: G3441) vs DB actual 'μονον'=G3440"
1Th,2,11,extra_word,6,yes,"καθάπερ οἴδατε, ὡς ἕνα ἕκαστον ὑμῶν ὡς πατὴρ τέκνα ἑαυτοῦ",υμας καθαπερ οιδατε ως παρακαλουντες και παραμυθουμενοι και μαρτυρουμενοι εκαστον ενα υμων ως πατηρ εαυτου τεκνα,"EXTRA: DB has 'υμας' (G4771), no TR counterpart anywhere in verse | EXTRA: DB has 'παρακαλουντες' (G3870), no TR counterpart anywhere in verse | EXTRA: DB has 'και' (G2532), no TR counterpart anywhere in verse | EXTRA: DB has 'παραμυθουμενοι' (G3888), no TR counterpart anywhere in verse | EXTRA: DB has 'και' (G2532), no TR counterpart anywhere in verse | EXTRA: DB has 'μαρτυρουμενοι' (G3140), no TR counterpart anywhere in verse"
1Th,2,14,mixed_content,2,yes,"ὑμεῖς γὰρ μιμηταὶ ἐγενήθητε, ἀδελφοί, τῶν ἐκκλησιῶν τοῦ θεοῦ τῶν οὐσῶν ἐν τῇ Ἰουδαίᾳ ἐν Χριστῷ Ἰησοῦ, ὅτι τὰ ταὐτὰ ἐπάθετε καὶ ὑμεῖς ὑπὸ τῶν ἰδίων συμφυλετῶν, καθὼς καὶ αὐτοὶ ὑπὸ τῶν Ἰουδαίων,",γαρ υμεις αδελφοι εγενηθητε μιμηται ὁ εκκλησιων ὁ θεου των εν ὁ ιουδαια ουσων εν χριστω ιησου οτι υμεις και επαθετε ταυτα υπο ιδιων ὁ συμφυλετων και καθως αυτοι υπο ὁ ιουδαιων,"STRONGS MISMATCH: word text matches ('ταὐτὰ'); expected Strong's (TR/TAGNT G5024, cross-walked to this DB's lexeme numbering: G0846/G5024) vs DB actual 'ταυτα'=G3778 | MISSING: TR has 'τῶν' (G3588), no match anywhere in DB verse"
1Th,2,15,word_substitution,1,yes,"τῶν καὶ τὸν κύριον ἀποκτεινάντων Ἰησοῦν καὶ τοὺς ἰδίους προφήτας καὶ ὑμᾶς ἐκδιωξάντων καὶ θεῷ μὴ ἀρεσκόντων καὶ πᾶσιν ἀνθρώποις ἐναντίων,",των και αποκτειναντων ὁ κυριον ιησουν και ιδιους ὁ προφητας και εκδιωξαντων ημας και αρεσκοντων μη θεω και εναντιων πασιν ανθρωποις,"DIFFERENT FORM: same Strong's G5209, TR 'ὑμᾶς' vs DB 'ημας'"
1Th,2,17,strongs_mismatch,1,yes,"Ἡμεῖς δέ, ἀδελφοί, ἀπορφανισθέντες ἀφ᾽ ὑμῶν πρὸς καιρὸν ὥρας προσώπῳ οὐ καρδίᾳ, περισσοτέρως ἐσπουδάσαμεν τὸ πρόσωπον ὑμῶν ἰδεῖν ἐν πολλῇ ἐπιθυμίᾳ.",δε ημεις αδελφοι απορφανισθεντες αφ υμων προς ωρας καιρον προσωπω ου καρδια εσπουδασαμεν περισσοτερως ιδειν υμων ὁ προσωπον εν πολλη επιθυμια,"STRONGS MISMATCH: word text matches ('περισσοτέρως'); expected Strong's (TR/TAGNT G4056, cross-walked to this DB's lexeme numbering: G4056) vs DB actual 'περισσοτερως'=G4057"
1Th,3,5,mixed_content,2,yes,"διὰ τοῦτο κἀγὼ μηκέτι στέγων ἔπεμψα εἰς τὸ γνῶναι τὴν πίστιν ὑμῶν, μή πως ἐπείρασεν ὑμᾶς ὁ πειράζων καὶ εἰς κενὸν γένηται ὁ κόπος ἡμῶν.",ο το τουτο δια καγω μηκετι στεγων επεμψα εις γνωναι υμων ὁ πιστιν μηπως πειραζων επειρασεν υμας και ημων ὁ κοπος γενηται εις κενον,"DIFFERENT FORM: same Strong's G4458, TR 'πως' vs DB 'μηπως' | MISSING: TR has 'μή' (G3361), no match anywhere in DB verse"
1Th,3,10,mixed_content,2,yes,νυκτὸς καὶ ἡμέρας ὑπερεκπερισσοῦ δεόμενοι εἰς τὸ ἰδεῖν ὑμῶν τὸ πρόσωπον καὶ καταρτίσαι τὰ ὑστερήματα τῆς πίστεως ὑμῶν;¶,το νυκτος και ημερας δεομενοι εκπερισσου εις ιδειν υμων ὁ προσωπον και καταρτισαι ὁ υστερηματα υμων ὁ πιστεως υπερ,"DIFFERENT FORM: same Strong's G5228, TR 'ὑπερεκπερισσοῦ' vs DB 'υπερ' | EXTRA: DB has 'εκπερισσου' (G4053), no TR counterpart anywhere in verse"
1Th,4,1,extra_word,1,yes,"Λοιπὸν οὖν, ἀδελφοί, ἐρωτῶμεν ὑμᾶς καὶ παρακαλοῦμεν ἐν κυρίῳ Ἰησοῦ καθὼς παρελάβετε παρ᾽ ἡμῶν τὸ πῶς δεῖ ὑμᾶς περιπατεῖν καὶ ἀρέσκειν θεῷ ἵνα περισσεύητε μᾶλλον·",ὁ λοιπον ουν ερωτωμεν υμας αδελφοι και παρακαλουμεν εν κυριω ιησου καθως παρελαβετε παρ ημων το πως υμας δει περιπατειν και αρεσκειν θεω ινα περισσευητε μαλλον,"EXTRA: DB has 'ὁ' (G3588), no TR counterpart anywhere in verse"
1Th,4,6,mixed_content,2,yes,τὸ μὴ ὑπερβαίνειν καὶ πλεονεκτεῖν ἐν τῷ πράγματι τὸν ἀδελφὸν αὐτοῦ· διότι ἔκδικος ὁ κύριος περὶ πάντων τούτων καθὼς καὶ προείπαμεν ὑμῖν καὶ διεμαρτυράμεθα.,το μη υπερβαινειν και πλεονεκτειν αυτου ὁ αδελφον εν ὁ πραγματι διοτι ὁ κυριος εκδικος περι παντων τουτων καθως προειπαμεν και προειπαμεν υμιν και διεμαρτυραμεθα,"STRONGS MISMATCH: word text matches ('προείπαμεν'); expected Strong's (TR/TAGNT G4277, cross-walked to this DB's lexeme numbering: G4277) vs DB actual 'προειπαμεν'=G4302 | EXTRA: DB has 'προειπαμεν' (G4302), no TR counterpart anywhere in verse"
1Th,4,8,strongs_mismatch,1,yes,τοιγαροῦν ὁ ἀθετῶν οὐκ ἄνθρωπον ἀθετεῖ ἀλλὰ τὸν θεὸν τὸν καὶ δόντα τὸ πνεῦμα αὐτοῦ τὸ ἅγιον εἰς ἡμᾶς,το ο τοιγαρουν αθετων αθετει ουκ ανθρωπον αλλα ὁ θεον τον και δοντα εις ημας αυτου αγιον ὁ πνευμα,"STRONGS MISMATCH: word text matches ('ἡμᾶς'); expected Strong's (TR/TAGNT G2248, cross-walked to this DB's lexeme numbering: G2248/G4771) vs DB actual 'ημας'=G1473"
1Th,5,13,mixed_content,2,yes,καὶ ἡγεῖσθαι αὐτοὺς ὑπερεκπερισσοῦ ἐν ἀγάπῃ διὰ τὸ ἔργον αὐτῶν. εἰρηνεύετε ἐν ἑαυτοῖς.¶,και ηγεισθαι αυτους υπερ εκπερισσου εν αγαπη αυτων ὁ εργον δια ειρηνευετε εν εαυτοις,"DIFFERENT FORM: same Strong's G5228, TR 'ὑπερεκπερισσοῦ' vs DB 'υπερ' | EXTRA: DB has 'εκπερισσου' (G4053), no TR counterpart anywhere in verse"
1Th,5,28,missing_word,6,yes,Ἡ χάρις τοῦ κυρίου ἡμῶν Ἰησοῦ Χριστοῦ μεθ᾽ ὑμῶν. ἀμήν. πρός Θεσσαλονικείς πρώτη ἐγράφη ἀπό Ἀθηνῶν.¶,ὁ χαρις ημων ὁ κυριου ιησου χριστου μεθ υμων αμην,"MISSING: TR has 'πρός' (G4314), no match anywhere in DB verse | MISSING: TR has 'Θεσσαλονικείς' (G2331), no match anywhere in DB verse | MISSING: TR has 'πρώτη' (G4413), no match anywhere in DB verse | MISSING: TR has 'ἐγράφη' (G1125), no match anywhere in DB verse | MISSING: TR has 'ἀπό' (G0575), no match anywhere in DB verse | MISSING: TR has 'Ἀθηνῶν.¶' (G0116), no match anywhere in DB verse"
1Ti,1,4,word_substitution,1,yes,"μηδὲ προσέχειν μύθοις καὶ γενεαλογίαις ἀπεράντοις, αἵτινες ζητήσεις παρέχουσιν μᾶλλον ἢ οἰκονομίαν θεοῦ τὴν ἐν πίστει.",μηδε προσεχειν μυθοις και απεραντοις γενεαλογιαις αιτινες παρεχουσιν ζητησεις μαλλον η θεου οικοδομιαν την εν πιστει,"DIFFERENT FORM: same Strong's G3622, TR 'οἰκονομίαν' vs DB 'οικοδομιαν'"
1Ti,1,12,word_substitution,1,yes,"Καὶ χάριν ἔχω τῷ ἐνδυναμώσαντί με Χριστῷ Ἰησοῦ τῷ κυρίῳ ἡμῶν ὅτι πιστόν με ἡγήσατο θέμενος εἰς διακονίαν,",και χάρις εχω χριστω ιησου ημων ὁ κυριω ὁ ενδυναμωσαντι με οτι ηγησατο με πιστον θεμενος εις διακονιαν,"DIFFERENT FORM: same Strong's G5485, TR 'χάριν' vs DB 'χάρις'"
1Ti,3,11,strongs_mismatch,1,yes,"Γυναῖκας ὡσαύτως σεμνάς, μὴ διαβόλους, νηφαλέους πιστὰς ἐν πᾶσιν.",ωσαυτως γυναικας σεμνας μη διαβολους νηφαλεους πιστας εν πασιν,"STRONGS MISMATCH: word text matches ('νηφαλέους'); expected Strong's (TR/TAGNT G3524, cross-walked to this DB's lexeme numbering: G3524) vs DB actual 'νηφαλεους'=G3542"
1Ti,5,8,mixed_content,2,yes,Εἰ δέ τις τῶν ἰδίων καὶ μάλιστα τῶν οἰκείων οὐ προνοεῖται τὴν πίστιν ἤρνηται καὶ ἔστιν ἀπίστου χείρων.,των των δε ει τις προνοει ου προνοει ιδιων και μαλιστα οικειων ηρνηται ὁ πιστιν και εστιν χειρων απιστου,"DIFFERENT FORM: same Strong's G4306, TR 'προνοεῖται' vs DB 'προνοει' | EXTRA: DB has 'προνοει' (G4306), no TR counterpart anywhere in verse"
1Ti,5,13,strongs_mismatch,1,yes,"ἅμα δὲ καὶ ἀργαὶ μανθάνουσιν περιερχόμεναι τὰς οἰκίας. οὐ μόνον δὲ ἀργαί, ἀλλὰ καὶ φλύαροι καὶ περίεργοι, λαλοῦσαι τὰ μὴ δέοντα.¶",και δε αμα μανθανουσιν αργαι περιερχομεναι ὁ οικιας δε ου μονον αργαι αλλα φλυαροι και και περιεργοι λαλουσαι τα δεοντα μη,"STRONGS MISMATCH: word text matches ('μόνον'); expected Strong's (TR/TAGNT G3441, cross-walked to this DB's lexeme numbering: G3441) vs DB actual 'μονον'=G3440"
1Ti,6,11,strongs_mismatch,1,yes,"Σὺ δέ, ὦ ἄνθρωπε τοῦ θεοῦ, ταῦτα φεῦγε, δίωκε δὲ δικαιοσύνην, εὐσέβειαν, πίστιν, ἀγάπην, ὑπομονήν, πρᾳότητα",δε συ ω ανθρωπε ὁ θεου φευγε ταυτα δε διωκε δικαιοσυνην ευσεβειαν πιστιν αγαπην υπομονην πραοτητα,"STRONGS MISMATCH: word text matches ('πρᾳότητα'); expected Strong's (TR/TAGNT G4236, cross-walked to this DB's lexeme numbering: G4236/G6073) vs DB actual 'πραοτητα'=G4240"
1Ti,6,21,extra_word,4,yes,ἥν τινες ἐπαγγελλόμενοι περὶ τὴν πίστιν ἠστόχησαν.¶,ην τινες επαγγελλομενοι ηστοχησαν περι πιστιν ὁ χαρις μετα σου αμην,"EXTRA: DB has 'χαρις' (G5485), no TR counterpart anywhere in verse | EXTRA: DB has 'μετα' (G3326), no TR counterpart anywhere in verse | EXTRA: DB has 'σου' (G4771), no TR counterpart anywhere in verse | EXTRA: DB has 'αμην' (G0281), no TR counterpart anywhere in verse"
2Co,1,7,extra_word,5,yes,"εἰδότες ὅτι ὥσπερ κοινωνοί ἐστε τῶν παθημάτων, οὕτως καὶ τῆς παρακλήσεως.¶",ημων ελπις υπερ υμων βεβαια ειδοτες οτι ωσπερ εστε κοινωνοι ὁ παθηματων ουτως και ὁ παρακλησεως,"EXTRA: DB has 'ημων' (G1473), no TR counterpart anywhere in verse | EXTRA: DB has 'ελπις' (G1680), no TR counterpart anywhere in verse | EXTRA: DB has 'υπερ' (G5228), no TR counterpart anywhere in verse | EXTRA: DB has 'υμων' (G4771), no TR counterpart anywhere in verse | EXTRA: DB has 'βεβαια' (G0949), no TR counterpart anywhere in verse"
2Co,1,12,strongs_mismatch,1,yes,"ἡ γὰρ καύχησις ἡμῶν αὕτη ἐστίν, τὸ μαρτύριον τῆς συνειδήσεως ἡμῶν, ὅτι ἐν ἁπλότητι καὶ εἰλικρινείᾳ θεοῦ, οὐκ ἐν σοφίᾳ σαρκικῇ ἀλλ᾽ ἐν χάριτι θεοῦ ἀνεστράφημεν ἐν τῷ κόσμῳ, περισσοτέρως δὲ πρὸς ὑμᾶς.",η γαρ ημων καυχησις εστιν αυτη ὁ μαρτυριον ημων ὁ συνειδησεως οτι εν απλοτητι και θεου ειλικρινεια ουκ εν σαρκικη σοφια αλλ εν χαριτι θεου ανεστραφημεν εν ὁ κοσμω δε περισσοτερως προς υμας,"STRONGS MISMATCH: word text matches ('περισσοτέρως'); expected Strong's (TR/TAGNT G4056, cross-walked to this DB's lexeme numbering: G4056) vs DB actual 'περισσοτερως'=G4057"
2Co,1,15,strongs_mismatch,1,yes,"Καὶ ταύτῃ τῇ πεποιθήσει ἐβουλόμην πρότερον πρὸς ὑμᾶς ἐλθεῖν, ἵνα δευτέραν χάριν ἔχῆτε",και ταυτη ὁ πεποιθησει εβουλομην ελθειν προς υμας προτερον ινα εχητε δευτεραν χαριν,"STRONGS MISMATCH: word text matches ('πρότερον'); expected Strong's (TR/TAGNT G4387, cross-walked to this DB's lexeme numbering: G4387) vs DB actual 'προτερον'=G4386"
2Co,1,17,mixed_content,2,yes,"τοῦτο οὖν βουλευόμενος μήτι ἄρα τῇ ἐλαφρίᾳ ἐχρησάμην, ἢ ἃ βουλεύομαι κατὰ σάρκα βουλεύομαι, ἵνα ᾖ παρ᾽ ἐμοὶ τὸ ναὶ ναὶ καὶ τὸ οὒ οὔ;",ουν τουτο βουλευομενος μη τι αρα εχρησαμην ὁ ελαφρια η α βουλευομαι βουλευομαι κατα σαρκα ινα παρ εμοι η το ναι ναι και το ου ου,"DIFFERENT FORM: same Strong's G3385, TR 'μήτι' vs DB 'μη' | EXTRA: DB has 'τι' (G5100), no TR counterpart anywhere in verse"
2Co,2,4,strongs_mismatch,1,yes,"ἐκ γὰρ πολλῆς θλίψεως καὶ συνοχῆς καρδίας ἔγραψα ὑμῖν διὰ πολλῶν δακρύων, οὐχ ἵνα λυπηθῆτε, ἀλλὰ τὴν ἀγάπην ἵνα γνῶτε ἣν ἔχω περισσοτέρως εἰς ὑμᾶς.¶",γαρ εκ πολλης θλιψεως και συνοχης καρδιας εγραψα υμιν δια πολλων δακρυων ουχ ινα λυπηθητε αλλα ινα γνωτε ὁ αγαπην ην εχω περισσοτερως εις υμας,"STRONGS MISMATCH: word text matches ('περισσοτέρως'); expected Strong's (TR/TAGNT G4056, cross-walked to this DB's lexeme numbering: G4056) vs DB actual 'περισσοτερως'=G4057"
2Co,2,7,mixed_content,3,yes,"ὥστε τοὐναντίον μᾶλλον ὑμᾶς χαρίσασθαι καὶ παρακαλέσαι, μή πως τῇ περισσοτέρᾳ λύπῃ καταποθῇ ὁ τοιοῦτος.",ο τη ωστε τουναντιον υμας μαλλον χαρισασθαι και παρακαλεσαι μηπως τοιουτος καταποθη περισσοτερα λυπη,"STRONGS MISMATCH: word text matches ('περισσοτέρᾳ'); expected Strong's (TR/TAGNT G4055, cross-walked to this DB's lexeme numbering: G4055) vs DB actual 'περισσοτερα'=G4053 | DIFFERENT FORM: same Strong's G4458, TR 'πως' vs DB 'μηπως' | MISSING: TR has 'μή' (G3361), no match anywhere in DB verse"
2Co,2,10,missing_word,1,yes,"ᾧ δέ τι χαρίζεσθε, κἀγώ· καὶ γὰρ ἐγὼ κεχάρισμαι, εἴ τι κεχάρισμαι, δι᾽ ὑμᾶς ἐν προσώπῳ Χριστοῦ,",δε χαριζεσθε τι και γαρ ει εγω κεχαρισμαι τι ω κεχαρισμαι δι υμας εν προσωπω χριστου,"MISSING: TR has 'κἀγώ·' (G1473), no match anywhere in DB verse"
2Co,2,13,extra_word,1,yes,"οὐκ ἔσχηκα ἄνεσιν τῷ πνεύματί μου τῷ μὴ εὑρεῖν με Τίτον τὸν ἀδελφόν μου, ἀλλ᾽ ἀποταξάμενος αὐτοῖς ἐξῆλθον εἰς Μακεδονίαν.¶",τω εσχηκα ουκ ανεσιν ὁ μου ὁ πνευματι με ευρειν μη τιτον μου ὁ αδελφον αλλα αποταξαμενος αυτοις εξηλθον εις μακεδονιαν,"EXTRA: DB has 'ὁ' (G3588), no TR counterpart anywhere in verse"
2Co,3,14,extra_word,2,yes,"ἀλλ᾽ ἐπωρώθη τὰ νοήματα αὐτῶν. ἄχρι γὰρ τῆς σήμερον τὸ αὐτὸ κάλυμμα ἐπὶ τῇ ἀναγνώσει τῆς παλαιᾶς διαθήκης μένει μὴ ἀνακαλυπτόμενον, ἐν Χριστῷ καταργεῖται,",αλλ αυτων ὁ νοηματα επωρωθη γαρ αχρι της σημερον μενει ὁ αυτο καλυμμα μη ανακαλυπτομενον επι ὁ αναγνωσει ὁ παλαιας διαθηκης ο τι καταργειται εν χριστω,"EXTRA: DB has 'ο' (G3739), no TR counterpart anywhere in verse | EXTRA: DB has 'τι' (G5100), no TR counterpart anywhere in verse"
2Co,5,3,mixed_content,2,yes,εἴ γε καὶ ἐνδυσάμενοι οὐ γυμνοὶ εὑρεθησόμεθα.,ειγε και ενδυσαμενοι ευρεθησομεθα ου γυμνοι,"STRONGS MISMATCH: word text matches ('γε'); expected Strong's (TR/TAGNT G1065, cross-walked to this DB's lexeme numbering: G1065) vs DB actual 'ειγε'=G1489 | MISSING: TR has 'εἴ' (G1487), no match anywhere in DB verse"
2Co,5,4,mixed_content,2,yes,"καὶ γὰρ οἱ ὄντες ἐν τῷ σκήνει στενάζομεν βαρούμενοι, ἐπειδή οὐ θέλομεν ἐκδύσασθαι ἀλλ᾽ ἐπενδύσασθαι, ἵνα καταποθῇ τὸ θνητὸν ὑπὸ τῆς ζωῆς.¶",καί γαρ ὁ οντες εν ὁ σκηνει στεναζομεν βαρουμενοι ου εφ ω θελομεν εκδυσασθαι αλλ επενδυσασθαι ινα ὁ θνητον καταποθη υπο ὁ ζωης,"DIFFERENT FORM: same Strong's G1894, TR 'ἐπειδή' vs DB 'εφ' | EXTRA: DB has 'ω' (G3739), no TR counterpart anywhere in verse"
2Co,6,15,word_substitution,1,yes,τίς δὲ συμφώνησις Χριστῷ πρὸς Βελιάρ; ἢ τίς μερὶς πιστῷ μετὰ ἀπίστου;,δε τις συμφωνησις χριστω προς βελιαλ η τις μερις πιστω μετα απιστου,"DIFFERENT FORM: same Strong's G0955, TR 'Βελιάρ;' vs DB 'βελιαλ'"
2Co,6,16,strongs_mismatch,1,yes,"τίς δὲ συγκατάθεσις ναῷ θεοῦ μετὰ εἰδώλων; Ὑμεῖς γὰρ ναὸς θεοῦ ἐστε ζῶντος, καθὼς εἶπεν ὁ θεὸς ὅτι ἐνοικήσω ἐν αὐτοῖς καὶ ἐμπεριπατήσω, καὶ ἔσομαι αὐτῶν θεὸς καὶ αὐτοὶ ἔσονταί μοι λαός.",δε τις συγκαταθεσις ναω θεου μετα ειδωλων γαρ υμεις εστε ναος ζωντος θεου καθως ὁ θεος ειπεν οτι ενοικησω εν αυτοις και εμπεριπατησω και εσομαι αυτων θεος και αυτοι εσονται μοι λαος,"STRONGS MISMATCH: word text matches ('Ὑμεῖς'); expected Strong's (TR/TAGNT G5210, cross-walked to this DB's lexeme numbering: G1473/G3165/G5210) vs DB actual 'υμεις'=G4771"
2Co,7,3,strongs_mismatch,1,yes,πρὸς κατάκρισιν οὐ λέγω· προείρηκα γὰρ ὅτι ἐν ταῖς καρδίαις ἡμῶν ἐστε εἰς τὸ συναποθανεῖν καὶ συζῆν.,το λεγω ου προς κατακρισιν γαρ προειρηκα οτι εστε εν ημων ὁ καρδιαις εις συναποθανειν και συζην,"STRONGS MISMATCH: word text matches ('προείρηκα'); expected Strong's (TR/TAGNT G4280, cross-walked to this DB's lexeme numbering: G4280) vs DB actual 'προειρηκα'=G4302"
2Co,7,7,strongs_mismatch,1,yes,"οὐ μόνον δὲ ἐν τῇ παρουσίᾳ αὐτοῦ, ἀλλὰ καὶ ἐν τῇ παρακλήσει ᾗ παρεκλήθη ἐφ᾽ ὑμῖν ἀναγγέλλων ἡμῖν τὴν ὑμῶν ἐπιπόθησιν, τὸν ὑμῶν ὀδυρμόν, τὸν ὑμῶν ζῆλον ὑπὲρ ἐμοῦ, ὥστε με μᾶλλον χαρῆναι.",δε ου εν αυτου ὁ παρουσια μονον αλλα και εν ὁ παρακλησει η παρεκληθη εφ υμιν αναγγελλων ημιν υμων ὁ επιποθησιν υμων ὁ οδυρμον υμων ὁ ζηλον υπερ εμου ωστε με χαρηναι μαλλον,"STRONGS MISMATCH: word text matches ('μόνον'); expected Strong's (TR/TAGNT G3441, cross-walked to this DB's lexeme numbering: G3441) vs DB actual 'μονον'=G3440"
2Co,7,13,mixed_content,2,yes,"διὰ τοῦτο παρακεκλήμεθα.¶ Ἐπὶ τῇ παρακλήσει ὑμῶν περισσοτέρως δὲ μᾶλλον ἐχάρημεν ἐπὶ τῇ χαρᾷ Τίτου, ὅτι ἀναπέπαυται τὸ πνεῦμα αὐτοῦ ἀπὸ πάντων ὑμῶν,",δια τουτο παρακεκλημεθα επι ὁ παρακλησει δε περισσοτερως μαλλον εχαρημεν επι ὁ χαρα τιτου οτι αυτου ὁ πνευμα αναπεπαυται απο υμων παντων,"STRONGS MISMATCH: word text matches ('περισσοτέρως'); expected Strong's (TR/TAGNT G4056, cross-walked to this DB's lexeme numbering: G4056) vs DB actual 'περισσοτερως'=G4057 | MISSING: TR has 'ὑμῶν' (G5216), no match anywhere in DB verse"
2Co,7,15,strongs_mismatch,1,yes,"καὶ τὰ σπλάγχνα αὐτοῦ περισσοτέρως εἰς ὑμᾶς ἐστιν ἀναμιμνῃσκομένου τὴν πάντων ὑμῶν ὑπακοήν, ὡς μετὰ φόβου καὶ τρόμου ἐδέξασθε αὐτόν.",την και αυτου ὁ σπλαγχνα εστιν περισσοτερως εις υμας αναμιμνησκομενου υπακοην υμων παντων ως μετα φοβου και τρομου εδεξασθε αυτον,"STRONGS MISMATCH: word text matches ('περισσοτέρως'); expected Strong's (TR/TAGNT G4056, cross-walked to this DB's lexeme numbering: G4056) vs DB actual 'περισσοτερως'=G4057"
2Co,7,16,extra_word,1,yes,χαίρω ὅτι ἐν παντὶ θαρρῶ ἐν ὑμῖν.¶,χαιρω ουν οτι θαρρω εν υμιν εν παντι,"EXTRA: DB has 'ουν' (G3767), no TR counterpart anywhere in verse"
2Co,8,7,strongs_mismatch,2,yes,"ἀλλ᾽ ὥσπερ ἐν παντὶ περισσεύετε, πίστει καὶ λόγῳ καὶ γνώσει καὶ πάσῃ σπουδῇ καὶ τῇ ἐξ ὑμῶν ἐν ἡμῖν ἀγάπῃ, ἵνα καὶ ἐν ταύτῃ τῇ χάριτι περισσεύητε.",τη αλλ ωσπερ περισσευετε εν παντι πιστει και λογω και γνωσει και παση σπουδη και εξ υμων αγαπη εν ημιν ινα περισσευητε εν ταυτη ὁ χαριτι και,"STRONGS MISMATCH: word text matches ('ὑμῶν'); expected Strong's (TR/TAGNT G5216, cross-walked to this DB's lexeme numbering: G1473/G3165/G5216) vs DB actual 'υμων'=G4771 | STRONGS MISMATCH: word text matches ('ἡμῖν'); expected Strong's (TR/TAGNT G2254, cross-walked to this DB's lexeme numbering: G2254/G4771) vs DB actual 'ημιν'=G1473"
2Co,8,10,mixed_content,3,yes,"καὶ γνώμην ἐν τούτῳ δίδωμι· τοῦτο γὰρ ὑμῖν συμφέρει, οἵτινες οὐ μόνον τὸ ποιῆσαι ἀλλὰ καὶ τὸ θέλειν προενήρξασθε ἀπὸ πέρυσι.",και τουτω διδωμι γνωμην γαρ τουτο συμφερει υμιν οιτινες προενηρξασθε ου μονον ὁ ποιησαι αλλα και ὁ θελειν απο περυσι,"STRONGS MISMATCH: word text matches ('τούτῳ'); expected Strong's (TR/TAGNT G3778, cross-walked to this DB's lexeme numbering: G3778/G5129) vs DB actual 'τουτω'=G1722 | STRONGS MISMATCH: word text matches ('μόνον'); expected Strong's (TR/TAGNT G3441, cross-walked to this DB's lexeme numbering: G3441) vs DB actual 'μονον'=G3440 | MISSING: TR has 'ἐν' (G1722), no match anywhere in DB verse"
2Co,8,14,extra_word,3,yes,"ἐν τῷ νῦν καιρῷ τὸ ὑμῶν περίσσευμα εἰς τὸ ἐκείνων ὑστέρημα, ἵνα καὶ τὸ ἐκείνων περίσσευμα γένηται εἰς τὸ ὑμῶν ὑστέρημα, ὅπως γένηται ἰσότης",αλλ εξ ισοτητος νυν εν ὁ καιρω υμων ὁ περισσευμα εις εκεινων ὁ υστερημα ινα εκεινων ὁ περισσευμα και γενηται εις υμων ὁ υστερημα οπως γενηται ισοτης,"EXTRA: DB has 'αλλ' (G0235), no TR counterpart anywhere in verse | EXTRA: DB has 'εξ' (G1537), no TR counterpart anywhere in verse | EXTRA: DB has 'ισοτητος' (G2471), no TR counterpart anywhere in verse"
2Co,8,19,strongs_mismatch,2,yes,"οὐ μόνον δέ, ἀλλὰ καὶ χειροτονηθεὶς ὑπὸ τῶν ἐκκλησιῶν συνέκδημος ἡμῶν σὺν τῇ χάριτι ταύτῃ τῇ διακονουμένῃ ὑφ᾽ ἡμῶν πρὸς τὴν αὐτοῦ τοῦ κυρίου δόξαν καὶ προθυμίαν ὑμῶν",την δε ου μονον αλλα και χειροτονηθεις υπο ὁ εκκλησιων συνεκδημος ημων συν ταυτη ὁ χαριτι τη διακονουμενη υφ ημων προς δοξαν αυτου ὁ κυριου και υμων προθυμιαν,"STRONGS MISMATCH: word text matches ('μόνον'); expected Strong's (TR/TAGNT G3441, cross-walked to this DB's lexeme numbering: G3441) vs DB actual 'μονον'=G3440 | STRONGS MISMATCH: word text matches ('ὑμῶν'); expected Strong's (TR/TAGNT G5216, cross-walked to this DB's lexeme numbering: G1473/G3165/G5216) vs DB actual 'υμων'=G4771"
2Co,8,21,strongs_mismatch,1,no,προνοούμενοι καλὰ οὐ μόνον ἐνώπιον κυρίου ἀλλὰ καὶ ἐνώπιον ἀνθρώπων.,προνοουμενοι καλα ου μονον ενωπιον κυριου αλλα και ενωπιον ανθρωπων,"STRONGS MISMATCH: word text matches ('μόνον'); expected Strong's (TR/TAGNT G3441, cross-walked to this DB's lexeme numbering: G3441) vs DB actual 'μονον'=G3440"
2Co,9,4,mixed_content,2,yes,"μή πως ἐὰν ἔλθωσιν σὺν ἐμοὶ Μακεδόνες καὶ εὕρωσιν ὑμᾶς ἀπαρασκευάστους, καταισχυνθῶμεν ἡμεῖς, ἵνα μὴ λέγωμεν ὑμεῖς, ἐν τῇ ὑποστάσει ταύτῃ τῆς καυχήσεως.",μηπως εαν μακεδονες ελθωσιν συν εμοι και ευρωσιν υμας απαρασκευαστους ημεις ινα λεγωμεν μη υμεις καταισχυνθωμεν εν ταυτη ὁ υποστασει ὁ καυχησεως,"DIFFERENT FORM: same Strong's G4458, TR 'πως' vs DB 'μηπως' | MISSING: TR has 'μὴ' (G3361), no match anywhere in DB verse"
2Co,9,12,strongs_mismatch,1,yes,ὅτι ἡ διακονία τῆς λειτουργίας ταύτης οὐ μόνον ἐστὶν προσαναπληροῦσα τὰ ὑστερήματα τῶν ἁγίων ἀλλὰ καὶ περισσεύουσα διὰ πολλῶν εὐχαριστιῶν τῷ θεῷ·,των οτι ὁ διακονια ταυτης ὁ λειτουργιας ου μονον προσαναπληρουσα ὁ υστερηματα αγιων αλλα εστιν περισσευουσα και δια πολλων ευχαριστιων ὁ θεω,"STRONGS MISMATCH: word text matches ('μόνον'); expected Strong's (TR/TAGNT G3441, cross-walked to this DB's lexeme numbering: G3441) vs DB actual 'μονον'=G3440"
2Co,10,5,extra_word,2,yes,καὶ πᾶν ὕψωμα ἐπαιρόμενον κατὰ τῆς γνώσεως τοῦ θεοῦ καὶ αἰχμαλωτίζοντες πᾶν νόημα εἰς τὴν ὑπακοὴν τοῦ Χριστοῦ,καθαιρουντες λογισμους και παν υψωμα επαιρομενον κατα ὁ γνωσεως ὁ θεου και αιχμαλωτιζοντες παν νοημα εις ὁ υπακοην ὁ χριστου,"EXTRA: DB has 'καθαιρουντες' (G2507), no TR counterpart anywhere in verse | EXTRA: DB has 'λογισμους' (G3053), no TR counterpart anywhere in verse"
2Co,10,8,strongs_mismatch,1,yes,"ἐάν τε γὰρ καὶ περισσότερόν τι καυχήσωμαι περὶ τῆς ἐξουσίας ἡμῶν ἧς ἔδωκεν ὁ κύριος ἡμῖν εἰς οἰκοδομὴν καὶ οὐκ εἰς καθαίρεσιν ὑμῶν, οὐκ αἰσχυνθήσομαι·",γαρ εαν τε καυχησωμαι και τι περισσοτερον περι ημων ὁ εξουσιας ης ὁ κυριος εδωκεν ημιν εις οικοδομην και ουκ εις υμων καθαιρεσιν ουκ αισχυνθησομαι,"STRONGS MISMATCH: word text matches ('περισσότερόν'); expected Strong's (TR/TAGNT G4055, cross-walked to this DB's lexeme numbering: G4055) vs DB actual 'περισσοτερον'=G4053"
2Co,10,16,extra_word,1,yes,"εἰς τὰ ὑπερέκεινα ὑμῶν εὐαγγελίσασθαι, οὐκ ἐν ἀλλοτρίῳ κανόνι εἰς τὰ ἕτοιμα καυχήσασθαι.",ευαγγελισασθαι εις τα υπερεκεινα υμων ουκ καυχησασθαι εν αλλοτριω κανονι ὁ ετοιμα εις ὁ,"EXTRA: DB has 'ὁ' (G3588), no TR counterpart anywhere in verse"
2Co,11,3,mixed_content,2,yes,"φοβοῦμαι δὲ μή πως ὡς ὁ ὄφις ἐξηπάτησεν Εὕαν ἐν τῇ πανουργίᾳ αὐτοῦ, οὕτως φθαρῇ τὰ νοήματα ὑμῶν ἀπὸ τῆς ἁπλότητος τῆς εἰς τὸν Χριστόν.",δε φοβουμαι μηπως ως ὁ οφις εξηπατησεν ευαν εν αυτου ὁ πανουργια ουτως υμων ὁ νοηματα φθαρη απο ὁ απλοτητος της εις ὁ χριστον,"DIFFERENT FORM: same Strong's G4458, TR 'πως' vs DB 'μηπως' | MISSING: TR has 'μή' (G3361), no match anywhere in DB verse"
2Co,11,5,mixed_content,2,yes,Λογίζομαι γὰρ μηδὲν ὑστερηκέναι τῶν ὑπερλίαν ἀποστόλων.,των γαρ λογιζομαι μηδεν υστερηκεναι υπερ λιαν αποστολων,"DIFFERENT FORM: same Strong's G5228, TR 'ὑπερλίαν' vs DB 'υπερ' | EXTRA: DB has 'λιαν' (G3029), no TR counterpart anywhere in verse"
2Co,11,16,mixed_content,3,yes,"Πάλιν λέγω, μή τίς με δόξῃ ἄφρονα εἶναι· εἰ δὲ μή γε, κἂν ὡς ἄφρονα δέξασθέ με, ἵνα κἀγὼ μικρόν τι καυχήσωμαι.",λεγω παλιν μη τις δοξη με ειναι αφρονα ει δέ μηγε καν ως αφρονα δεξασθε με ινα καγω καυχησωμαι μικρον τι,"MISSING: TR has 'μή' (G3361), no match anywhere in DB verse | MISSING: TR has 'γε,' (G1065), no match anywhere in DB verse | EXTRA: DB has 'μηγε' (G1490), no TR counterpart anywhere in verse"
2Co,11,23,strongs_mismatch,2,yes,"διάκονοι Χριστοῦ εἰσιν; παραφρονῶν λαλῶ· ὑπὲρ ἐγώ. ἐν κόποις περισσοτέρως, ἐν φυλακαῖς περισσοτέρως, ἐν πληγαῖς ὑπερβαλλόντως, ἐν θανάτοις πολλάκις.",εισιν διακονοι χριστου εγω λαλω παραφρονων υπερ εν κοποις περισσοτερως εν πληγαις υπερβαλλοντως εν φυλακαις περισσοτερως εν θανατοις πολλακις,"STRONGS MISMATCH: word text matches ('περισσοτέρως,'); expected Strong's (TR/TAGNT G4056, cross-walked to this DB's lexeme numbering: G4056) vs DB actual 'περισσοτερως'=G4057 | STRONGS MISMATCH: word text matches ('περισσοτέρως,'); expected Strong's (TR/TAGNT G4056, cross-walked to this DB's lexeme numbering: G4056) vs DB actual 'περισσοτερως'=G4057"
2Co,12,1,strongs_mismatch,1,yes,Καυχᾶσθαι δὴ οὐ συμφέρει μοι ἐλεύσομαι γὰρ εἰς ὀπτασίας καὶ ἀποκαλύψεις κυρίου.¶,ου συμφερει γαρ μοι δη καυχασθαι ελευσομαι εις οπτασιας και αποκαλυψεις κυριου,"STRONGS MISMATCH: word text matches ('μοι'); expected Strong's (TR/TAGNT G3427, cross-walked to this DB's lexeme numbering: G3303/G3427) vs DB actual 'μοι'=G1473"
2Co,12,7,strongs_mismatch,1,yes,"καὶ τῇ ὑπερβολῇ τῶν ἀποκαλύψεων.¶ ἵνα μὴ ὑπεραίρωμαι, ἐδόθη μοι σκόλοψ τῇ σαρκί, ἄγγελος σατανᾶ ἵνα με κολαφίζῃ ἵνα μὴ ὑπεραίρωμαι.",και ινα μη υπεραιρωμαι ὁ υπερβολη ὁ αποκαλυψεων εδοθη μοι σκολοψ ὁ σαρκι αγγελος σαταν ινα κολαφιζη με ινα μη υπεραιρωμαι,"STRONGS MISMATCH: word text matches ('σατανᾶ'); expected Strong's (TR/TAGNT G4567, cross-walked to this DB's lexeme numbering: G4567) vs DB actual 'σαταν'=G4566"
2Co,12,11,mixed_content,2,yes,"Γέγονα ἄφρων καυχώμενος· ὑμεῖς με ἠναγκάσατε. ἐγὼ γὰρ ὤφειλον ὑφ᾽ ὑμῶν συνίστασθαι· οὐδὲν γὰρ ὑστέρησα τῶν ὑπερλίαν ἀποστόλων, εἰ καὶ οὐδέν εἰμι.",των γεγονα αφρων καυχωμενος υμεις ηναγκασατε με γαρ εγω ωφειλον συνιστασθαι υφ υμων γαρ ουδεν υστερησα υπερ λιαν αποστολων ει και ειμι ουδεν,"DIFFERENT FORM: same Strong's G5228, TR 'ὑπερλίαν' vs DB 'υπερ' | EXTRA: DB has 'λιαν' (G3029), no TR counterpart anywhere in verse"
2Co,12,15,strongs_mismatch,1,yes,"ἐγὼ δὲ ἥδιστα δαπανήσω καὶ ἐκδαπανηθήσομαι ὑπὲρ τῶν ψυχῶν ὑμῶν, εἰ καὶ περισσοτέρως ὑμᾶς ἀγαπῶν ἧττον ἀγαπῶμαι.",δε εγω ηδιστα δαπανησω και εκδαπανηθησομαι υπερ ὁ ψυχων υμων ει και περισσοτερως αγαπων υμας ηττον αγαπωμαι,"STRONGS MISMATCH: word text matches ('περισσοτέρως'); expected Strong's (TR/TAGNT G4056, cross-walked to this DB's lexeme numbering: G4056) vs DB actual 'περισσοτερως'=G4057"
2Co,12,18,mixed_content,2,yes,παρεκάλεσα Τίτον καὶ συναπέστειλα τὸν ἀδελφόν· μήτι ἐπλεονέκτησεν ὑμᾶς Τίτος; οὐ τῷ αὐτῷ πνεύματι περιεπατήσαμεν; οὐ τοῖς αὐτοῖς ἴχνεσιν;¶,τοις τω παρεκαλεσα τιτον και συναπεστειλα ὁ αδελφον μη τι τιτος επλεονεκτησεν υμας περιεπατησαμεν ου αυτω πνευματι ου αυτοις ιχνεσιν,"DIFFERENT FORM: same Strong's G3385, TR 'μήτι' vs DB 'μη' | EXTRA: DB has 'τι' (G5100), no TR counterpart anywhere in verse"
2Co,12,20,mixed_content,4,yes,"φοβοῦμαι γὰρ μή πως ἐλθὼν οὐχ οἵους θέλω εὕρω ὑμᾶς, κἀγὼ εὑρεθῶ ὑμῖν οἷον οὐ θέλετε, μή πως ἔρεις ζῆλοι θυμοί, ἐριθείαι, καταλαλιαί, ψιθυρισμοί, φυσιώσεις, ἀκαταστασίαι,",γαρ φοβουμαι μηπως ελθων ευρω ουχ υμας οιους θελω καγω ευρεθω υμιν οιον θελετε ου μηπως ερεις ζηλοι θυμοι εριθειαι καταλαλιαι ψιθυρισμοι φυσιωσεις ακαταστασιαι,"DIFFERENT FORM: same Strong's G4458, TR 'πως' vs DB 'μηπως' | DIFFERENT FORM: same Strong's G4458, TR 'πως' vs DB 'μηπως' | MISSING: TR has 'μή' (G3361), no match anywhere in DB verse | MISSING: TR has 'μή' (G3361), no match anywhere in DB verse"
2Co,13,2,mixed_content,2,yes,"προείρηκα καὶ προλέγω, ὡς παρὼν τὸ δεύτερον καὶ ἀπὼν νῦν γράφω, τοῖς προημαρτηκόσιν καὶ τοῖς λοιποῖς πᾶσιν, ὅτι ἐὰν ἔλθω εἰς τὸ πάλιν οὐ φείσομαι.",προειρηκα και προλεγω ως παρων ὁ δευτερον και απων νυν γραφω τοις προημαρτηκοσιν και πασιν ὁ λοιποις οτι εαν ελθω εις παλιν ὁ ου ὁ φεισομαι,"STRONGS MISMATCH: word text matches ('προείρηκα'); expected Strong's (TR/TAGNT G4280, cross-walked to this DB's lexeme numbering: G4280) vs DB actual 'προειρηκα'=G4302 | EXTRA: DB has 'ὁ' (G3588), no TR counterpart anywhere in verse"
2Co,13,5,mixed_content,2,yes,"Ἑαυτοὺς πειράζετε εἰ ἐστὲ ἐν τῇ πίστει, ἑαυτοὺς δοκιμάζετε· ἢ οὐκ ἐπιγινώσκετε ἑαυτοὺς ὅτι Ἰησοῦς Χριστὸς ἐν ὑμῖν ἐστίν; εἰ μήτι ἀδόκιμοί ἐστε.",πειραζετε εαυτους ει εστε εν ὁ πιστει δοκιμαζετε εαυτους επιγινωσκετε η ουκ εαυτους οτι ιησους χριστος εστιν εν υμιν ει μη τι εστε αδοκιμοι,"DIFFERENT FORM: same Strong's G3385, TR 'μήτι' vs DB 'μη' | EXTRA: DB has 'τι' (G5100), no TR counterpart anywhere in verse"
2Pe,1,9,word_substitution,1,yes,"ᾯ γὰρ μὴ πάρεστιν ταῦτα, τυφλός ἐστιν μυωπάζων, λήθην λαβὼν τοῦ καθαρισμοῦ τῶν πάλαι αὐτοῦ ἁμαρτιῶν.",γαρ ω μη παρεστιν ταυτα εστιν τυφλος μυωπαζων λαβων ληθην καθαρισμου ὁ αυτου παλαι ὁ αμαρτιων,"DIFFERENT FORM: same Strong's G3739, TR 'ᾯ' vs DB 'ω'"
2Pe,1,12,extra_word,3,yes,Διὸ ἀεὶ ὑμᾶς ὑπομιμνῄσκειν περὶ τούτων καίπερ εἰδότας καὶ ἐστηριγμένους ἐν τῇ παρούσῃ ἀληθείᾳ.,διο αμελησω ουκ αμελησω υμας αει υπομιμνησκειν περι τουτων καιπερ ειδοτας και εστηριγμενους εν ὁ παρουση αληθεια,"EXTRA: DB has 'αμελησω' (G0272), no TR counterpart anywhere in verse | EXTRA: DB has 'ουκ' (G3756), no TR counterpart anywhere in verse | EXTRA: DB has 'αμελησω' (G0272), no TR counterpart anywhere in verse"
2Pe,2,12,extra_word,1,yes,"οὗτοι δὲ ὡς ἄλογα ζῷα φυσικὰ εἰς ἅλωσιν καὶ φθοράν, ἐν οἷς ἀγνοοῦσιν βλασφημοῦντες ἐν τῇ φθορᾷ αὐτῶν καταφθαρήσονται",δε ουτοι ως φυσικα αλογα ζωα γεγενημενα εις αλωσιν και φθοραν βλασφημουντες εν οις αγνοουσιν καταφθαρησονται εν αυτων ὁ φθορα,"EXTRA: DB has 'γεγενημενα' (G1096), no TR counterpart anywhere in verse"
2Pe,3,2,strongs_mismatch,2,yes,μνησθῆναι τῶν προειρημένων ῥημάτων ὑπὸ τῶν ἁγίων προφητῶν καὶ τῆς τῶν ἀποστόλων ἡμῶν ἐντολῆς τοῦ κυρίου καὶ σωτῆρος·,της των των μνησθηναι ρηματων προειρημενων υπο αγιων προφητων και εντολης ημων ὁ αποστολων ὁ κυριου και σωτηρος,"STRONGS MISMATCH: word text matches ('προειρημένων'); expected Strong's (TR/TAGNT G4280, cross-walked to this DB's lexeme numbering: G4280) vs DB actual 'προειρημενων'=G4302 | STRONGS MISMATCH: word text matches ('ἡμῶν'); expected Strong's (TR/TAGNT G2257, cross-walked to this DB's lexeme numbering: G2257/G4771) vs DB actual 'ημων'=G1473"
2Pe,3,9,strongs_mismatch,1,yes,"οὐ βραδύνει ὁ κύριος τῆς ἐπαγγελίας, ὥς τινες βραδύτητα ἡγοῦνται· ἀλλὰ μακροθυμεῖ εἰς ἡμᾶς μὴ βουλόμενός τινας ἀπολέσθαι ἀλλὰ πάντας εἰς μετάνοιαν χωρῆσαι.",ὁ κυριος ου βραδυνει ὁ επαγγελιας ως τινες ηγουνται βραδυτητα αλλα μακροθυμει εις ημας μη βουλομενος τινας απολεσθαι αλλα παντας χωρησαι εις μετανοιαν,"STRONGS MISMATCH: word text matches ('ἡμᾶς'); expected Strong's (TR/TAGNT G2248, cross-walked to this DB's lexeme numbering: G2248/G4771) vs DB actual 'ημας'=G1473"
2Pe,3,15,extra_word,1,yes,"καὶ τὴν τοῦ κυρίου ἡμῶν μακροθυμίαν σωτηρίαν ἡγεῖσθε, καθὼς καὶ ὁ ἀγαπητὸς ἡμῶν ἀδελφὸς Παῦλος κατὰ τὴν δοθεῖσαν αὐτῷ σοφίαν ἔγραψεν ὑμῖν,",την και ηγεισθε μακροθυμιαν ὁ ημων ὁ κυριου σωτηριαν καθως ημων ὁ αγαπητος αδελφος παυλος και κατα ὁ σοφιαν δοθεισαν αυτω εγραψεν υμιν,"EXTRA: DB has 'ὁ' (G3588), no TR counterpart anywhere in verse"
2Th,1,8,extra_word,3,yes,διδόντος ἐκδίκησιν τοῖς μὴ εἰδόσιν θεὸν καὶ τοῖς μὴ ὑπακούουσιν τῷ εὐαγγελίῳ τοῦ κυρίου ἡμῶν Ἰησοῦ Χριστοῦ·,τοις τοις εν φλογος πυρι διδοντος εκδικησιν ειδοσιν μη θεον και υπακουουσιν μη ὁ ευαγγελιω ημων ὁ κυριου ιησου χριστου,"EXTRA: DB has 'εν' (G1722), no TR counterpart anywhere in verse | EXTRA: DB has 'φλογος' (G5395), no TR counterpart anywhere in verse | EXTRA: DB has 'πυρι' (G4442), no TR counterpart anywhere in verse"
2Th,2,7,strongs_mismatch,1,yes,"τὸ γὰρ μυστήριον ἤδη ἐνεργεῖται τῆς ἀνομίας, μόνον ὁ κατέχων ἄρτι ἕως ἐκ μέσου γένηται·",ο το γαρ μυστηριον ὁ ανομιας ηδη ενεργειται μονον αρτι κατεχων εως γενηται εκ μεσου,"STRONGS MISMATCH: word text matches ('μόνον'); expected Strong's (TR/TAGNT G3441, cross-walked to this DB's lexeme numbering: G3441) vs DB actual 'μονον'=G3440"
2Th,2,13,extra_word,2,yes,"Ἡμεῖς δὲ ὀφείλομεν εὐχαριστεῖν τῷ θεῷ πάντοτε περὶ ὑμῶν, ἀδελφοὶ ἠγαπημένοι ὑπὸ κυρίου, ὅτι εἵλετο ὑμᾶς ὁ θεὸς εἰς σωτηρίαν ἐν ἁγιασμῷ πνεύματος καὶ πίστει ἀληθείας,",δε ημεις οφειλομεν ευχαριστειν παντοτε ὁ θεω περι υμων αδελφοι ηγαπημενοι υπο κυριου οτι ὁ θεος απ αρχης ειλετο υμας εις σωτηριαν εν αγιασμω πνευματος και πιστει αληθειας,"EXTRA: DB has 'απ' (G0575), no TR counterpart anywhere in verse | EXTRA: DB has 'αρχης' (G0746), no TR counterpart anywhere in verse"
2Th,3,6,extra_word,1,yes,"Παραγγέλλομεν δὲ ὑμῖν, ἀδελφοί, ἐν ὀνόματι τοῦ κυρίου ἡμῶν Ἰησοῦ Χριστοῦ, στέλλεσθαι ὑμᾶς ἀπὸ παντὸς ἀδελφοῦ ἀτάκτως περιπατοῦντος καὶ μὴ κατὰ τὴν παράδοσιν ἣν παρ᾽ ἡμῶν.",δε παραγγελλομεν υμιν αδελφοι εν ονοματι ημων ὁ κυριου ιησου χριστου υμας στελλεσθαι απο παντος αδελφου περιπατουντος ατακτως και μη κατα ὁ παραδοσιν ην παρελαβεν παρ ημων,"EXTRA: DB has 'παρελαβεν' (G3880), no TR counterpart anywhere in verse"
2Th,3,18,missing_word,6,yes,Ἡ χάρις τοῦ κυρίου ἡμῶν Ἰησοῦ Χριστοῦ μετὰ πάντων ὑμῶν ἀμήν.¶ πρός Θεσσαλονικείς δευτέρᾳ ἐγράφη ἀπό Ἀθηνῶν,ὁ χαρις ημων ὁ κυριου ιησου χριστου μετα υμων παντων αμην,"MISSING: TR has 'πρός' (G4314), no match anywhere in DB verse | MISSING: TR has 'Θεσσαλονικείς' (G2331), no match anywhere in DB verse | MISSING: TR has 'δευτέρᾳ' (G1208), no match anywhere in DB verse | MISSING: TR has 'ἐγράφη' (G1125), no match anywhere in DB verse | MISSING: TR has 'ἀπό' (G0575), no match anywhere in DB verse | MISSING: TR has 'Ἀθηνῶν' (G0116), no match anywhere in DB verse"
2Ti,1,3,word_substitution,1,yes,"Χάριν ἔχω τῷ θεῷ, ᾧ λατρεύω ἀπὸ προγόνων ἐν καθαρᾷ συνειδήσει, ὡς ἀδιάλειπτον ἔχω τὴν περὶ σοῦ μνείαν ἐν ταῖς δεήσεσίν μου νυκτὸς καὶ ἡμέρας",χάρις εχω ὁ θεω ω λατρευω απο προγονων εν καθαρα συνειδησει ως αδιαλειπτον εχω ὁ μνειαν περι σου εν μου ὁ δεησεσιν νυκτος και ημερας,"DIFFERENT FORM: same Strong's G5485, TR 'Χάριν' vs DB 'χάρις'"
2Ti,2,20,strongs_mismatch,1,yes,"Ἐν μεγάλῃ δὲ οἰκίᾳ οὐκ ἔστιν μόνον σκεύη χρυσᾶ καὶ ἀργυρᾶ ἀλλὰ καὶ ξύλινα καὶ ὀστράκινα, καὶ ἃ μὲν εἰς τιμὴν ἃ δὲ εἰς ἀτιμίαν.",μεν δε εν μεγαλη οικια εστιν ουκ μονον σκευη χρυσα και αργυρα αλλα και ξυλινα και οστρακινα και α εις τιμην δε α εις ατιμιαν,"STRONGS MISMATCH: word text matches ('μόνον'); expected Strong's (TR/TAGNT G3441, cross-walked to this DB's lexeme numbering: G3441) vs DB actual 'μονον'=G3440"
2Ti,3,16,strongs_mismatch,1,yes,"Πᾶσα γραφὴ θεόπνευστος καὶ ὠφέλιμος πρὸς διδασκαλίαν, πρὸς ἐλεγμόν, πρὸς ἐπανόρθωσιν, πρὸς παιδείαν τὴν ἐν δικαιοσύνῃ,",την πασα γραφη θεοπνευστος και ωφελιμος προς διδασκαλιαν προς ελεγχον προς επανορθωσιν προς παιδειαν εν δικαιοσυνη,"STRONGS MISMATCH: word text matches ('ἐλεγμόν,'); expected Strong's (TR/TAGNT G6031, cross-walked to this DB's lexeme numbering: G6031) vs DB actual 'ελεγχον'=G1650"
2Ti,4,6,extra_word,1,yes,"Ἐγὼ γὰρ ἤδη σπένδομαι, καὶ ὁ καιρὸς τῆς ἀναλύσεώς ἐφέστηκεν.",της γαρ εγω ηδη σπενδομαι και ὁ καιρος εμης αναλυσεως εφεστηκεν,"EXTRA: DB has 'εμης' (G1699), no TR counterpart anywhere in verse"
2Ti,4,8,strongs_mismatch,1,yes,"λοιπὸν ἀπόκειταί μοι ὁ τῆς δικαιοσύνης στέφανος ὃν ἀποδώσει μοι ὁ κύριος ἐν ἐκείνῃ τῇ ἡμέρᾳ, ὁ δίκαιος κριτής· οὐ μόνον δὲ ἐμοί, ἀλλὰ καὶ πᾶσιν τοῖς ἠγαπηκόσιν τὴν ἐπιφάνειαν αὐτοῦ.¶",τοις ο ο λοιπον αποκειται μοι στεφανος ὁ δικαιοσυνης ον ὁ κυριος δικαιος κριτης αποδωσει μοι εν εκεινη ὁ ημερα δε ου εμοι μονον αλλα πασιν και ηγαπηκοσιν αυτου ὁ επιφανειαν,"STRONGS MISMATCH: word text matches ('μόνον'); expected Strong's (TR/TAGNT G3441, cross-walked to this DB's lexeme numbering: G3441) vs DB actual 'μονον'=G3440"
2Ti,4,22,missing_word,20,yes,Ὁ κύριος Ἰησοῦς Χριστὸς μετὰ τοῦ πνεύματός σου. ἡ χάρις μεθ᾽ ὑμῶν ἀμήν. πρός Τιμόθεον δευτέρᾳ τῆς Ἐφεσίων ἐκκλησίας πρῶτον ἐπίσκοπον χειροτονηθέντα ἐγράφη ἀπό Ῥώμης ὅτε ἐκ δευτέρου παρέστη Παῦλος τῷ Καίσαρί Νέρωνι¶,ὁ κυριος ιησους χριστος μετα σου ὁ πνευματος ὁ χαρις μεθ υμων αμην,"MISSING: TR has 'πρός' (G4314), no match anywhere in DB verse | MISSING: TR has 'Τιμόθεον' (G5095), no match anywhere in DB verse | MISSING: TR has 'δευτέρᾳ' (G1208), no match anywhere in DB verse | MISSING: TR has 'τῆς' (G3588), no match anywhere in DB verse | MISSING: TR has 'Ἐφεσίων' (G2180), no match anywhere in DB verse | MISSING: TR has 'ἐκκλησίας' (G1577), no match anywhere in DB verse | MISSING: TR has 'πρῶτον' (G4413), no match anywhere in DB verse | MISSING: TR has 'ἐπίσκοπον' (G1985), no match anywhere in DB verse | MISSING: TR has 'χειροτονηθέντα' (G5500), no match anywhere in DB verse | MISSING: TR has 'ἐγράφη' (G1125), no match anywhere in DB verse | MISSING: TR has 'ἀπό' (G0575), no match anywhere in DB verse | MISSING: TR has 'Ῥώμης' (G4516), no match anywhere in DB verse | MISSING: TR has 'ὅτε' (G3753), no match anywhere in DB verse | MISSING: TR has 'ἐκ' (G1537), no match anywhere in DB verse | MISSING: TR has 'δευτέρου' (G1208), no match anywhere in DB verse | MISSING: TR has 'παρέστη' (G3936), no match anywhere in DB verse | MISSING: TR has 'Παῦλος' (G3972), no match anywhere in DB verse | MISSING: TR has 'τῷ' (G3588), no match anywhere in DB verse | MISSING: TR has 'Καίσαρί' (G2541), no match anywhere in DB verse | MISSING: TR has 'Νέρωνι¶' (G3505), no match anywhere in DB verse"
3Jn,1,7,extra_word,1,yes,ὑπὲρ γὰρ τοῦ ὀνόματος ἐξῆλθον μηδὲν λαμβάνοντες ἀπὸ τῶν ἐθνῶν,γαρ υπερ αυτου ὁ ονοματος εξηλθον λαμβανοντες μηδεν απο ὁ εθνων,"EXTRA: DB has 'αυτου' (G0846), no TR counterpart anywhere in verse"
3Jn,1,14,extra_word,11,yes,"ἐλπίζω δὲ εὐθέως σε ἰδεῖν, καὶ στόμα πρὸς στόμα λαλήσομεν.",τους οι δε ελπιζω ιδειν ευθεως ιδειν και λαλησομεν στομα προς στομα ειρηνη σοι φιλοι ασπαζονται σε ασπαζου φιλους κατ ονομα,"EXTRA: DB has 'τους' (G3588), no TR counterpart anywhere in verse | EXTRA: DB has 'οι' (G3588), no TR counterpart anywhere in verse | EXTRA: DB has 'ιδειν' (G3708), no TR counterpart anywhere in verse | EXTRA: DB has 'ειρηνη' (G1515), no TR counterpart anywhere in verse | EXTRA: DB has 'σοι' (G4771), no TR counterpart anywhere in verse | EXTRA: DB has 'φιλοι' (G5384), no TR counterpart anywhere in verse | EXTRA: DB has 'ασπαζονται' (G0782), no TR counterpart anywhere in verse | EXTRA: DB has 'ασπαζου' (G0782), no TR counterpart anywhere in verse | EXTRA: DB has 'φιλους' (G5384), no TR counterpart anywhere in verse | EXTRA: DB has 'κατ' (G2596), no TR counterpart anywhere in verse | EXTRA: DB has 'ονομα' (G3686), no TR counterpart anywhere in verse"
Act,1,4,extra_word,2,yes,"καὶ συναλιζόμενος παρήγγειλεν αὐτοῖς ἀπὸ Ἱεροσολύμων μὴ χωρίζεσθαι, ἀλλὰ περιμένειν τὴν ἐπαγγελίαν τοῦ πατρὸς ἣν ἠκούσατέ μου·",και συναλιζομενος μετ αυτων παρηγγειλεν αυτοις μη χωριζεσθαι απο ιεροσολυμων αλλα περιμενειν ὁ επαγγελιαν ὁ πατρος ην ηκουσατε μου,"EXTRA: DB has 'μετ' (G3326), no TR counterpart anywhere in verse | EXTRA: DB has 'αυτων' (G0846), no TR counterpart anywhere in verse"
Act,1,16,extra_word,1,yes,"ἄνδρες ἀδελφοί, ἔδει πληρωθῆναι τὴν γραφὴν ταύτην ἣν προεῖπεν τὸ πνεῦμα τὸ ἅγιον διὰ στόματος Δαυὶδ περὶ Ἰούδα τοῦ γενομένου ὁδηγοῦ τοῖς συλλαβοῦσιν τὸν Ἰησοῦν·",του το ανδρες αδελφοι ταυτην ὁ γραφην εδει πληρωθηναι ην ὁ αγιον ὁ πνευμα δια στοματος δαβιδ προειπεν περι ιουδα γενομενου οδηγου ὁ συλλαβουσιν ὁ ιησουν,"EXTRA: DB has 'ὁ' (G3588), no TR counterpart anywhere in verse"
Act,2,10,extra_word,2,yes,"Φρυγίαν τε καὶ Παμφυλίαν, Αἴγυπτον καὶ τὰ μέρη τῆς Λιβύης τῆς κατὰ Κυρήνην καὶ οἱ ἐπιδημοῦντες Ῥωμαῖοι,",φρυγιαν παμφυλιαν αιγυπτον και ὁ μερη ὁ λιβυης της κατα κυρηνην και ὁ επιδημουντες ρωμαιοι ιουδαιοι τε και προσηλυτοι,"EXTRA: DB has 'ιουδαιοι' (G2453), no TR counterpart anywhere in verse | EXTRA: DB has 'προσηλυτοι' (G4339), no TR counterpart anywhere in verse"
Act,2,12,word_substitution,1,yes,ἐξίσταντο δὲ πάντες καὶ διηποροῦντο ἄλλος πρὸς ἄλλον λέγοντες· τί ἄν θέλοι τοῦτο εἶναι;,δε παντες εξισταντο και διηπορουν λεγοντες αλλος προς αλλον τι αν θελοι τουτο ειναι,"DIFFERENT FORM: same Strong's G1280, TR 'διηποροῦντο' vs DB 'διηπορουν'"
Act,2,29,extra_word,1,yes,"Ἄνδρες ἀδελφοί, ἐξὸν εἰπεῖν μετὰ παρρησίας πρὸς ὑμᾶς περὶ τοῦ πατριάρχου Δαυὶδ ὅτι καὶ ἐτελεύτησεν καὶ ἐτάφη καὶ τὸ μνῆμα αὐτοῦ ἔστιν ἐν ἡμῖν ἄχρι τῆς ἡμέρας ταύτης.",ανδρες αδελφοι εξον ειπειν παρρησιας ειπειν προς μετα υμας περι ὁ πατριαρχου δαβιδ οτι και ετελευτησεν και εταφη και αυτου ὁ μνημα εστιν εν ημιν αχρι ταυτης ὁ ημερας,"EXTRA: DB has 'ειπειν' (G3004), no TR counterpart anywhere in verse"
Act,2,38,extra_word,1,yes,Πέτρος δὲ πρὸς αὐτούς· μετανοήσατε καὶ βαπτισθήτω ἕκαστος ὑμῶν ἐπὶ τῷ ὀνόματι Ἰησοῦ Χριστοῦ εἰς ἄφεσιν ἁμαρτιῶν καὶ λήμψεσθε τὴν δωρεὰν τοῦ ἁγίου πνεύματος·,του δε πετρος εφη προς αυτους μετανοησατε και βαπτισθητω εκαστος υμων επι ὁ ονοματι ιησου χριστου εις αφεσιν αμαρτιων και ληψεσθε ὁ δωρεαν αγιου πνευματος,"EXTRA: DB has 'εφη' (G5346), no TR counterpart anywhere in verse"
Act,2,39,extra_word,1,yes,"ὑμῖν γάρ ἐστιν ἡ ἐπαγγελία καὶ τοῖς τέκνοις ὑμῶν καὶ πᾶσιν τοῖς εἰς μακράν, ὅσους ἂν προσκαλέσηται κύριος ὁ θεὸς ἡμῶν.",γαρ ὁ επαγγελια εστιν υμιν και ὁ υμων ὁ τεκνοις και πασιν τοις εις μακραν οσους αν κυριος ημων ὁ θεος προσκαλεσηται,"EXTRA: DB has 'ὁ' (G3588), no TR counterpart anywhere in verse"
Act,3,3,missing_word,1,yes,ὃς ἰδὼν Πέτρον καὶ Ἰωάννην μέλλοντας εἰσιέναι εἰς τὸ ἱερὸν ἠρώτα ἐλεημοσύνην λαβεῖν.,ος ιδων πετρον και ιωαννην μελλοντας εισιεναι εις ὁ ιερον ηρωτα ελεημοσυνην,"MISSING: TR has 'λαβεῖν.' (G2983), no match anywhere in DB verse"
Act,3,12,extra_word,1,yes,"ἰδὼν δὲ Πέτρος ἀπεκρίνατο πρὸς τὸν λαόν· ἄνδρες Ἰσραηλῖται, τί θαυμάζετε ἐπὶ τούτῳ, ἢ ἡμῖν τί ἀτενίζετε ὡς ἰδίᾳ δυνάμει ἢ εὐσεβείᾳ πεποιηκόσιν τοῦ περιπατεῖν αὐτόν;",δε ιδων πετρος ιδων απεκρινατο προς ὁ λαον ανδρες ισραηλιται τι θαυμαζετε επι τουτω η τι ατενιζετε ημιν ως δυναμει ιδια η ευσεβεια πεποιηκοσιν του αυτον περιπατειν,"EXTRA: DB has 'ιδων' (G3708), no TR counterpart anywhere in verse"
Act,3,16,extra_word,1,yes,"καὶ ἐπὶ τῇ πίστει τοῦ ὀνόματος αὐτοῦ τοῦτον ὃν θεωρεῖτε καὶ οἴδατε, ἐστερέωσεν τὸ ὄνομα αὐτοῦ καὶ ἡ πίστις ἡ δι᾽ αὐτοῦ ἔδωκεν αὐτῷ τὴν ὁλοκληρίαν ταύτην ἀπέναντι πάντων ὑμῶν.",και αυτου ὁ ονομα επι ὁ πιστει ὁ αυτου ὁ ονοματος εστερεωσεν τουτον ον θεωρειτε και οιδατε και ὁ πιστις η δι αυτου εδωκεν αυτω ταυτην ὁ ολοκληριαν απεναντι υμων παντων,"EXTRA: DB has 'ὁ' (G3588), no TR counterpart anywhere in verse"
Act,3,19,extra_word,9,yes,"μετανοήσατε οὖν καὶ ἐπιστρέψατε εἰς τὸ ἐξαλειφθῆναι ὑμῶν τὰς ἁμαρτίας,",το μετανοησατε ουν και επιστρεψατε εις υμων ὁ αμαρτιας εξαλειφθηναι οπως αν καιροι αναψυξεως ελθωσιν απο προσωπου ὁ κυριου,"EXTRA: DB has 'οπως' (G3704), no TR counterpart anywhere in verse | EXTRA: DB has 'αν' (G0302), no TR counterpart anywhere in verse | EXTRA: DB has 'καιροι' (G2540), no TR counterpart anywhere in verse | EXTRA: DB has 'αναψυξεως' (G0403), no TR counterpart anywhere in verse | EXTRA: DB has 'ελθωσιν' (G2064), no TR counterpart anywhere in verse | EXTRA: DB has 'απο' (G0575), no TR counterpart anywhere in verse | EXTRA: DB has 'προσωπου' (G4383), no TR counterpart anywhere in verse | EXTRA: DB has 'ὁ' (G3588), no TR counterpart anywhere in verse | EXTRA: DB has 'κυριου' (G2962), no TR counterpart anywhere in verse"
Act,3,24,extra_word,1,yes,"καὶ πάντες δὲ οἱ προφῆται ἀπὸ Σαμουὴλ καὶ τῶν καθεξῆς ὅσοι ἐλάλησαν καὶ προκατήγγειλαν τὰς ἡμέρας ταύτας,",των δε και παντες ὁ προφηται απο σαμουηλ και καθεξης οσοι ελαλησαν και προκατηγγειλαν ὁ ταυτας ὁ ημερας,"EXTRA: DB has 'ὁ' (G3588), no TR counterpart anywhere in verse"
Act,3,25,strongs_mismatch,1,yes,ὑμεῖς ἐστε υἱοὶ τῶν προφητῶν καὶ τῆς διαθήκης ἧς διέθετο ὁ θεὸς πρὸς τοὺς πατέρας ἡμῶν λέγων πρὸς Ἀβραάμ· καὶ τῷ σπέρματί σου ἐνευλογηθήσονται πᾶσαι αἱ πατριαὶ τῆς γῆς.,υμεις εστε υιοι προφητων και ὁ διαθηκης ης ὁ θεος διεθετο προς ημων ὁ πατερας λεγων προς αβρααμ και ὁ σου ὁ σπερματι πασαι ὁ πατριαι ὁ γης ενευλογηθησονται,"STRONGS MISMATCH: word text matches ('ἡμῶν'); expected Strong's (TR/TAGNT G2257, cross-walked to this DB's lexeme numbering: G2257/G4771) vs DB actual 'ημων'=G1473"
Act,4,6,extra_word,2,yes,"καὶ Ἄνναν τὸν ἀρχιερέα καὶ Καϊάφαν καὶ Ἰωάννην καὶ Ἀλέξανδρον καὶ ὅσοι ἦσαν ἐκ γένους ἀρχιερατικοῦ,",και ανναν ὁ αρχιερεα και καιαφαν και ιωαννην και αλεξανδρον και οσοι ησαν εκ γενους αρχιερατικου εις ιερουσαλημ,"EXTRA: DB has 'εις' (G1519), no TR counterpart anywhere in verse | EXTRA: DB has 'ιερουσαλημ' (G2419), no TR counterpart anywhere in verse"
Act,4,14,mixed_content,2,yes,"τόν δὲ ἄνθρωπον βλέποντες σὺν αὐτοῖς ἑστῶτα τὸν τεθεραπευμένον, οὐδὲν εἶχον ἀντειπεῖν.¶",τον δε βλεποντες ανθρωπον τον τεθεραπευμενον εστωτα συν αυτοις ειχον αντειπειν ουδεν αντειπειν,"STRONGS MISMATCH: word text matches ('ἀντειπεῖν.¶'); expected Strong's (TR/TAGNT G0471, cross-walked to this DB's lexeme numbering: G0471) vs DB actual 'αντειπειν'=G0483 | EXTRA: DB has 'αντειπειν' (G0483), no TR counterpart anywhere in verse"
Act,4,16,extra_word,1,yes,"λέγοντες· τί ποιήσομεν τοῖς ἀνθρώποις τούτοις; ὅτι μὲν γὰρ γνωστὸν σημεῖον γέγονεν δι᾽ αὐτῶν πᾶσιν τοῖς κατοικοῦσιν Ἰερουσαλὴμ φανερόν, καὶ οὐ δυνάμεθα ἀρνήσασθαι",λεγοντες τι ποιησομεν ὁ τουτοις ὁ ανθρωποις γαρ οτι μεν γνωστον σημειον γεγονεν δι αυτων φανερον πασιν τοις κατοικουσιν ιερουσαλημ και οὐ δυναμεθα αρνησασθαι,"EXTRA: DB has 'ὁ' (G3588), no TR counterpart anywhere in verse"
Act,4,25,mixed_content,3,yes,ὁ διὰ στόματος Δαυὶδ τοῦ παιδός σου εἰπών· ἱνατί ἐφρύαξαν ἔθνη καὶ λαοὶ ἐμελέτησαν κενά;,ειπων δια ο στοματος σου ὁ παιδος δαβιδ ειπων ινα τι εθνη εφρυαξαν και λαοι εμελετησαν κενα,"DIFFERENT FORM: same Strong's G2443, TR 'ἱνατί' vs DB 'ινα' | EXTRA: DB has 'ειπων' (G3004), no TR counterpart anywhere in verse | EXTRA: DB has 'τι' (G5101), no TR counterpart anywhere in verse"
Act,4,29,extra_word,1,yes,"καὶ τὰ νῦν, κύριε, ἔπιδε ἐπὶ τὰς ἀπειλὰς αὐτῶν καὶ δὸς τοῖς δούλοις σου μετὰ παρρησίας πάσης λαλεῖν τὸν λόγον σου",τα και νυν κυριε επιδε αυτων ὁ απειλας επι και δος ὁ σου ὁ δουλοις μετα πασης παρρησιας λαλειν σου ὁ λογον,"EXTRA: DB has 'ὁ' (G3588), no TR counterpart anywhere in verse"
Act,5,1,word_substitution,1,yes,Ἀνὴρ δέ τις Ἁνανίας ὀνόματι σὺν Σαπφίρῃ τῇ γυναικὶ αὐτοῦ ἐπώλησεν κτῆμα,δε τις ανηρ ονοματι ανανιας συν σαπφειρη αυτου ὁ γυναικι επωλησεν κτημα,"DIFFERENT FORM: same Strong's G4551, TR 'Σαπφίρῃ' vs DB 'σαπφειρη'"
Act,5,3,extra_word,1,yes,"Εἶπεν δὲ Πέτρος· Ἁνανία, διὰ τί ἐπλήρωσεν ὁ σατανᾶς τὴν καρδίαν σου ψεύσασθαί σε τὸ πνεῦμα τὸ ἅγιον καὶ νοσφίσασθαι ἀπὸ τῆς τιμῆς τοῦ χωρίου;",το δε πετρος ειπεν ανανια δια τι ὁ σατανας επληρωσεν σου ὁ καρδιαν ψευσασθαι σε ὁ αγιον ὁ πνευμα και νοσφισασθαι απο ὁ τιμης ὁ χωριου,"EXTRA: DB has 'ὁ' (G3588), no TR counterpart anywhere in verse"
Act,5,12,word_substitution,1,yes,Διὰ δὲ τῶν χειρῶν τῶν ἀποστόλων ἐγένετο σημεῖα καὶ τέρατα πολλὰ ἐν τῷ λαῷ· καὶ ἦσαν ὁμοθυμαδὸν ἅπαντες ἐν τῇ στοᾷ Σολομῶντος·,δε δια ὁ χειρων ὁ αποστολων εγινετο πολλα σημεια και τερατα εν ὁ λαω και ησαν απαντες ομοθυμαδον εν σολομωντος ὁ στοα,"DIFFERENT FORM: same Strong's G1096, TR 'ἐγένετο' vs DB 'εγινετο'"
Act,5,21,word_substitution,1,yes,ἀκούσαντες δὲ εἰσῆλθον ὑπὸ τὸν ὄρθρον εἰς τὸ ἱερὸν καὶ ἐδίδασκον.¶ Παραγενόμενος δὲ ὁ ἀρχιερεὺς καὶ οἱ σὺν αὐτῷ συνεκάλεσαν τὸ συνέδριον καὶ πᾶσαν τὴν γερουσίαν τῶν υἱῶν Ἰσραὴλ καὶ ἀπέστειλαν εἰς τὸ δεσμωτήριον ἀχθῆναι αὐτούς.,δε ακουσαντες εισηλθον εις ὁ ιερον υπο ὁ ορθρον εδιδασκον δε ὁ αρχιερευς παραγενομενος και οι συν αυτω και ὁ συνεδριον συνεκαλεσαν και πασαν ὁ γερουσιαν ὁ υιων ισραηλ και απεστειλαν εις ὁ δεσμωτηριον αυτους αχθηναι,"DIFFERENT FORM: same Strong's G3588, TR 'τὸ' vs DB 'οι'"
Act,5,28,extra_word,1,yes,λέγων· οὐ παραγγελίᾳ παρηγγείλαμεν ὑμῖν μὴ διδάσκειν ἐπὶ τῷ ὀνόματι τούτῳ. καὶ ἰδοὺ πεπληρώκατε τὴν Ἰερουσαλὴμ τῆς διδαχῆς ὑμῶν καὶ βούλεσθε ἐπαγαγεῖν ἐφ᾽ ἡμᾶς τὸ αἷμα τοῦ ἀνθρώπου τούτου.¶,την λεγων ου παραγγελια παρηγγειλαμεν υμιν διδασκειν μη επι τουτω ὁ ονοματι και ιδου πεπληρωκατε ιερουσαλημ ὁ υμων ὁ διδαχης και βουλεσθε επαγαγειν τουτου ὁ ανθρωπου ὁ αιμα εφ ημας,"EXTRA: DB has 'ὁ' (G3588), no TR counterpart anywhere in verse"
Act,5,32,extra_word,2,yes,καὶ ἡμεῖς ἐσμεν αὐτοῦ μάρτυρες τῶν ῥημάτων τούτων καὶ τὸ πνεῦμα δὲ τὸ ἅγιον ὃ ἔδωκεν ὁ θεὸς τοῖς πειθαρχοῦσιν αὐτῷ.,το και ημεις εσμεν αυτου μαρτυρες ὁ τουτων ὁ ρηματων και δε ὁ αγιον ὁ πνευμα ο ὁ θεος εδωκεν τοις πειθαρχουσιν αυτω,"EXTRA: DB has 'ὁ' (G3588), no TR counterpart anywhere in verse | EXTRA: DB has 'ὁ' (G3588), no TR counterpart anywhere in verse"
Act,5,36,extra_word,1,yes,"πρὸ γὰρ τούτων τῶν ἡμερῶν ἀνέστη Θευδᾶς λέγων εἶναί τινα ἑαυτόν, ᾧ ἀνδρῶν ἀριθμὸς ὡσεὶ τετρακοσίων· ὃς ἀνῃρέθη, καὶ πάντες ὅσοι ἐπείθοντο αὐτῷ διελύθησαν καὶ ἐγένοντο εἰς οὐδέν.",γαρ προ τουτων ὁ ημερων ανεστη θευδας λεγων εαυτον ειναι τινα ω αριθμος ανδρων ωσει τετρακοσιων προσεκολληθη ος ανηρεθη και παντες οσοι επειθοντο αυτω διελυθησαν και εγενοντο εις ουδεν,"EXTRA: DB has 'προσεκολληθη' (G4347), no TR counterpart anywhere in verse"
Act,5,40,extra_word,3,yes,καὶ προσκαλεσάμενοι τοὺς ἀποστόλους δείραντες παρήγγειλαν μὴ λαλεῖν ἐπὶ τῷ ὀνόματι τοῦ Ἰησοῦ καὶ ἀπέλυσαν αὐτούς.¶,δε αυτω επεισθησαν προσκαλεσαμενοι ὁ αποστολους και δειραντες παρηγγειλαν λαλειν μη επι ὁ ονοματι ὁ ιησου και απελυσαν αυτους,"EXTRA: DB has 'δε' (G1161), no TR counterpart anywhere in verse | EXTRA: DB has 'αυτω' (G0846), no TR counterpart anywhere in verse | EXTRA: DB has 'επεισθησαν' (G3982), no TR counterpart anywhere in verse"
Act,7,13,extra_word,1,yes,"καὶ ἐν τῷ δευτέρῳ ἀνεγνωρίσθη Ἰωσὴφ τοῖς ἀδελφοῖς αὐτοῦ, καὶ φανερὸν ἐγένετο τῷ Φαραὼ τὸ γένος τοῦ Ἰωσήφ.",του τω τω και εν δευτερω ιωσηφ ανεγνωρισθη ὁ αυτου ὁ αδελφοις και ιωσηφ ὁ γενος εγενετο φανερον φαραω,"EXTRA: DB has 'ὁ' (G3588), no TR counterpart anywhere in verse"
Act,7,19,extra_word,1,yes,οὗτος κατασοφισάμενος τὸ γένος ἡμῶν ἐκάκωσεν τοὺς πατέρας ἡμῶν τοῦ ποιεῖν τὰ βρέφη ἔκθετα αὐτῶν εἰς τὸ μὴ ζῳογονεῖσθαι.,το του ουτος κατασοφισαμενος ὁ ημων ὁ γενος εκακωσεν ημων ὁ πατερας ποιειν εκθετα αυτων ὁ βρεφη εις ζωογονεισθαι μη,"EXTRA: DB has 'ὁ' (G3588), no TR counterpart anywhere in verse"
Act,7,25,word_substitution,1,yes,ἐνόμιζεν δὲ συνιέναι τοὺς ἀδελφοὺς αὐτοῦ ὅτι ὁ θεὸς διὰ χειρὸς αὐτοῦ δίδωσιν σωτηρίαν αὐτοῖς· οἱ δὲ οὐ συνῆκαν.,δε ενομιζεν αυτου ὁ αδελφους συνιεναι οτι ὁ θεος δια αυτου χειρος διδωσιν σωτηριαν αυτοις δε οι συνηκαν ου,"DIFFERENT FORM: same Strong's G3588, TR 'τοὺς' vs DB 'οι'"
Act,7,26,mixed_content,4,yes,"τῇ τε ἐπιούσῃ ἡμέρᾳ ὤφθη αὐτοῖς μαχομένοις καὶ συνήλασεν αὐτοὺς εἰς εἰρήνην εἰπών· ἄνδρες, ἀδελφοί ἐστε ὑμεῖς· ἱνατί ἀδικεῖτε ἀλλήλους;",δε ὁ επιουση ημερα ωφθη αυτοις μαχομενοις και συνηλασεν αυτους εις ειρηνην ειπων ανδρες υμεις εστε αδελφοι ινα τι αδικειτε αλληλους,"DIFFERENT FORM: same Strong's G2443, TR 'ἱνατί' vs DB 'ινα' | MISSING: TR has 'τε' (G5037), no match anywhere in DB verse | EXTRA: DB has 'δε' (G1161), no TR counterpart anywhere in verse | EXTRA: DB has 'τι' (G5101), no TR counterpart anywhere in verse"
Act,7,28,mixed_content,3,yes,μὴ ἀνελεῖν με σὺ θέλεις ὃν τρόπον ἀνεῖλες ἐχθὲς τὸν Αἰγύπτιον;,μη συ ανελειν με ὅς τροπον θελεις ανειλες ὁ αιγυπτιον χθες,"STRONGS MISMATCH: word text matches ('ὃν'); expected Strong's (TR/TAGNT G3739, cross-walked to this DB's lexeme numbering: G2228/G2229/G3739) vs DB actual 'ὁ'=G3588 | MISSING: TR has 'τὸν' (G3588), no match anywhere in DB verse | EXTRA: DB has 'ὅς' (G3739), no TR counterpart anywhere in verse"
Act,7,34,extra_word,1,yes,ἰδὼν εἶδον τὴν κάκωσιν τοῦ λαοῦ μου τοῦ ἐν Αἰγύπτῳ καὶ τοῦ στεναγμοῦ αὐτῶν ἤκουσα· καὶ κατέβην ἐξελέσθαι αὐτούς· καὶ νῦν δεῦρο ἀποστελῶ σε εἰς Αἴγυπτον.¶,ιδων ειδον ὁ κακωσιν ὁ μου ὁ λαου του εν αιγυπτω και ηκουσα αυτων ὁ στεναγμου και κατεβην εξελεσθαι αυτους και νυν δευρο αποστελω σε εις αιγυπτον,"EXTRA: DB has 'ὁ' (G3588), no TR counterpart anywhere in verse"
Act,7,43,extra_word,1,yes,"καὶ ἀνελάβετε τὴν σκηνὴν τοῦ Μολὸχ καὶ τὸ ἄστρον τοῦ θεοῦ ὑμῶν Ῥαιφάν, τοὺς τύπους οὓς ἐποιήσατε προσκυνεῖν αὐτοῖς· καὶ μετοικιῶ ὑμᾶς ἐπέκεινα Βαβυλῶνος.¶",του και ανελαβετε ὁ σκηνην μολοχ και ὁ αστρον ὁ υμων ὁ θεου ρεμφαν ὁ τυπους ους εποιησατε προσκυνειν αυτοις και μετοικιω υμας επεκεινα βαβυλωνος,"EXTRA: DB has 'ὁ' (G3588), no TR counterpart anywhere in verse"
Act,7,44,missing_word,1,yes,"Ἡ σκηνὴ τοῦ μαρτυρίου ἦν ἐν τοῖς πατράσιν ἡμῶν ἐν τῇ ἐρήμῳ, καθὼς διετάξατο ὁ λαλῶν τῷ Μωϋσῇ ποιῆσαι αὐτὴν κατὰ τὸν τύπον ὃν ἑωράκει·",ημων ὁ πατρασιν ην ὁ σκηνη ὁ μαρτυριου εν ὁ ερημω καθως διεταξατο ὁ λαλων ὁ μωση ποιησαι αυτην κατα ὁ τυπον ον εωρακει,"MISSING: TR has 'ἐν' (G1722), no match anywhere in DB verse"
Act,7,51,extra_word,1,yes,"σκληροτράχηλοι καὶ ἀπερίτμητοι τῇ καρδίᾳ καὶ τοῖς ὠσίν, ὑμεῖς ἀεὶ τῷ πνεύματι τῷ ἁγίῳ ἀντιπίπτετε, ὡς οἱ πατέρες ὑμῶν καὶ ὑμεῖς·",τω υμεις σκληροτραχηλοι και απεριτμητοι ὁ καρδια και ὁ ωσιν αει αντιπιπτετε ὁ αγιω ὁ πνευματι ως υμων ὁ πατερες και υμεις,"EXTRA: DB has 'ὁ' (G3588), no TR counterpart anywhere in verse"
Act,8,16,strongs_mismatch,1,yes,"οὔπω γὰρ ἦν ἐπ᾽ οὐδενὶ αὐτῶν ἐπιπεπτωκός, μόνον δὲ βεβαπτισμένοι ὑπῆρχον εἰς τὸ ὄνομα τοῦ κυρίου Ἰησοῦ.",γαρ ουπω ην επιπεπτωκος επ ουδενι αυτων δε μονον υπηρχον βεβαπτισμενοι εις ὁ ονομα ὁ κυριου ιησου,"STRONGS MISMATCH: word text matches ('μόνον'); expected Strong's (TR/TAGNT G3441, cross-walked to this DB's lexeme numbering: G3441) vs DB actual 'μονον'=G3440"
Act,8,19,word_substitution,1,yes,"λέγων· δότε κἀμοὶ τὴν ἐξουσίαν ταύτην, ἵνα ᾧ ἂν ἐπιθῶ τὰς χεῖρας λαμβάνῃ πνεῦμα ἅγιον.",λεγων δοτε καμοι ταυτην ὁ εξουσιαν ινα ὅς αν επιθω ὁ χειρας λαμβανη αγιον πνευμα,"DIFFERENT FORM: same Strong's G3739, TR 'ᾧ' vs DB 'ὅς'"
Act,8,25,strongs_mismatch,1,yes,"οἱ μὲν οὖν διαμαρτυράμενοι καὶ λαλήσαντες τὸν λόγον τοῦ κυρίου ὑπέστρεψαν εἰς Ἱεροσόλυμα, πολλάς τε κώμας τῶν Σαμαριτῶν εὐηγγελίσαντο",ουν μεν οι διαμαρτυραμενοι και λαλησαντες ὁ λογον ὁ κυριου υπεστρεψαν εις ιερουσαλημ τε ευηγγελισαντο πολλας κωμας ὁ σαμαρειτων,"STRONGS MISMATCH: word text matches ('Ἱεροσόλυμα,'); expected Strong's (TR/TAGNT G2414, cross-walked to this DB's lexeme numbering: G2414) vs DB actual 'ιερουσαλημ'=G2419"
Act,8,28,missing_word,1,yes,ἦν τε ὑποστρέφων καὶ καθήμενος ἐπὶ τοῦ ἅρματος αὐτοῦ καὶ ἀνεγίνωσκεν τὸν προφήτην Ἠσαΐαν.,ην τε υποστρεφων και καθημενος επι αυτου ὁ αρματος ανεγινωσκεν ησαιαν ὁ προφητην,"MISSING: TR has 'καὶ' (G2532), no match anywhere in DB verse"
Act,9,3,extra_word,1,yes,"ἐν δὲ τῷ πορεύεσθαι ἐγένετο αὐτὸν ἐγγίζειν τῇ Δαμασκῷ, ἐξαίφνης αὐτὸν περιήστραψεν φῶς ἀπὸ τοῦ οὐρανοῦ·",τω δε εν πορευεσθαι αυτον εγενετο εγγιζειν ὁ δαμασκω και εξαιφνης περιηστραψεν αυτον φως απο ὁ ουρανου,"EXTRA: DB has 'και' (G2532), no TR counterpart anywhere in verse"
Act,9,7,word_substitution,1,yes,"οἱ δὲ ἄνδρες οἱ συνοδεύοντες αὐτῷ εἱστήκεισαν ἐνεοί, ἀκούοντες μὲν τῆς φωνῆς, μηδένα δὲ θεωροῦντες.",δε ανδρες οι συνοδευοντες αυτω ειστηκεισαν εννεοι ακουοντες μεν ὁ φωνης δε θεωρουντες μηδενα οι,"DIFFERENT FORM: same Strong's G3588, TR 'τῆς' vs DB 'οι'"
Act,9,29,extra_word,6,yes,ἐλάλει τε καὶ συνεζήτει πρὸς τοὺς Ἑλληνιστάς· οἱ δὲ ἐπεχείρουν ἀνελεῖν αὐτόν.,οι παρρησιαζομενος εν ονοματι ὁ κυριου ιησου τε ελαλει συνεζητει και προς ὁ ελληνιστας δε επεχειρουν ανελειν αυτον,"EXTRA: DB has 'παρρησιαζομενος' (G3955), no TR counterpart anywhere in verse | EXTRA: DB has 'εν' (G1722), no TR counterpart anywhere in verse | EXTRA: DB has 'ονοματι' (G3686), no TR counterpart anywhere in verse | EXTRA: DB has 'κυριου' (G2962), no TR counterpart anywhere in verse | EXTRA: DB has 'ιησου' (G2424), no TR counterpart anywhere in verse | EXTRA: DB has 'ὁ' (G3588), no TR counterpart anywhere in verse"
Act,10,2,missing_word,1,yes,"εὐσεβὴς καὶ φοβούμενος τὸν θεὸν σὺν παντὶ τῷ οἴκῳ αὐτοῦ, ποιῶν τε ἐλεημοσύνας πολλὰς τῷ λαῷ καὶ δεόμενος τοῦ θεοῦ διὰ διαπαντός",ευσεβης και φοβουμενος ὁ θεον συν παντι αυτου ὁ οικω τε ποιων πολλας ελεημοσυνας ὁ λαω και δεομενος ὁ θεου διαπαντος,"MISSING: TR has 'διὰ' (G1223), no match anywhere in DB verse"
Act,10,17,word_substitution,1,yes,"ὡς δὲ ἐν ἑαυτῷ διηπόρει ὁ Πέτρος τί ἂν εἴη τὸ ὅραμα ὃ εἶδεν, καὶ ἰδοὺ οἱ ἄνδρες οἱ ἀπεσταλμένοι ἀπὸ τοῦ Κορνηλίου διερωτήσαντες τὴν οἰκίαν Σίμωνος, ἐπέστησαν ἐπὶ τὸν πυλῶνα·",δε ως ὁ πετρος διηπορει εν εαυτω τι αν ὁ οραμα ο ειδεν ειη ιδου ὁ ανδρες οι απεσταλμενοι απο ὁ κορνηλιου διερωτησαντες σιμωνος ὁ οικιαν και επεστησαν επι ὁ πυλωνα,"DIFFERENT FORM: same Strong's G3588, TR 'τὸ' vs DB 'οι'"
Act,10,26,mixed_content,3,yes,ὁ δὲ Πέτρος ἤγειρεν αὐτὸν λέγων· ἀνάστηθι· καὶ ἐγὼ αὐτὸς ἄνθρωπός εἰμι.,ο δε πετρος ηγειρεν αυτον λεγων αναστηθι καγω αυτος καγω ειμι ανθρωπος,"STRONGS MISMATCH: word text matches ('ἐγὼ'); expected Strong's (TR/TAGNT G1473, cross-walked to this DB's lexeme numbering: G1473) vs DB actual 'καγω'=G2504 | MISSING: TR has 'καὶ' (G2532), no match anywhere in DB verse | EXTRA: DB has 'καγω' (G2504), no TR counterpart anywhere in verse"
Act,10,28,mixed_content,2,yes,"ἔφη τε πρὸς αὐτούς· ὑμεῖς ἐπίστασθε ὡς ἀθέμιτόν ἐστιν ἀνδρὶ Ἰουδαίῳ κολλᾶσθαι ἢ προσέρχεσθαι ἀλλοφύλῳ· κἀμοὶ ὁ θεὸς ἔδειξεν μηδένα κοινὸν ἢ ἀκάθαρτον λέγειν ἄνθρωπον,",τε εφη προς αυτους υμεις επιστασθε ως αθεμιτον ανδρι εστιν ιουδαιω κολλασθαι η προσερχεσθαι αλλοφυλω και ὁ θεος εδειξεν εμοι λεγειν μηδενα ανθρωπον κοινον η ακαθαρτον,"DIFFERENT FORM: same Strong's G1473, TR 'κἀμοὶ' vs DB 'εμοι' | EXTRA: DB has 'και' (G2532), no TR counterpart anywhere in verse"
Act,11,18,word_substitution,1,yes,Ἀκούσαντες δὲ ταῦτα ἡσύχασαν καὶ ἐδόξαζον τὸν θεὸν λέγοντες· ἄρα γε καὶ τοῖς ἔθνεσιν ὁ θεὸς τὴν μετάνοιαν εἰς ζωὴν ἔδωκεν.¶,δε ακουσαντες ταυτα ησυχασαν και εδοξαζον ὁ θεον λεγοντες ἄρα αραγε ὁ θεος και ὁ εθνεσιν εδωκεν ὁ μετανοιαν εις ζωην,"DIFFERENT FORM: same Strong's G1065, TR 'γε' vs DB 'αραγε'"
Act,11,19,strongs_mismatch,1,yes,Οἱ μὲν οὖν διασπαρέντες ἀπὸ τῆς θλίψεως τῆς γενομένης ἐπὶ Στεφάνῳ διῆλθον ἕως Φοινίκης καὶ Κύπρου καὶ Ἀντιοχείας μηδενὶ λαλοῦντες τὸν λόγον εἰ μὴ μόνον Ἰουδαίοις.¶,της ουν οι διασπαρεντες μεν απο ὁ θλιψεως γενομενης επι στεφανω διηλθον εως φοινικης και κυπρου και αντιοχειας λαλουντες ὁ λογον μηδενι ει μη ιουδαιοις μονον,"STRONGS MISMATCH: word text matches ('μόνον'); expected Strong's (TR/TAGNT G3441, cross-walked to this DB's lexeme numbering: G3441) vs DB actual 'μονον'=G3440"
Act,11,26,mixed_content,3,yes,"καὶ εὑρὼν αὐτὸν ἤγαγεν αὐτὸν εἰς Ἀντιόχειαν. ἐγένετο δὲ καὶ ἐνιαυτὸν ὅλον συναχθῆναι ἐν τῇ ἐκκλησίᾳ καὶ διδάξαι ὄχλον ἱκανόν, χρηματίσαι τε πρώτον ἐν Ἀντιοχείᾳ τοὺς μαθητὰς Χριστιανούς.¶",και ευρων αυτον ηγαγεν αυτον εις αντιοχειαν δε εγενετο ολον ενιαυτον συναχθηναι αυτους εν ὁ εκκλησια και διδαξαι ικανον οχλον τε ὁ μαθητας χρηματισαι χριστιανους πρωτον εν αντιοχεια,"STRONGS MISMATCH: word text matches ('πρώτον'); expected Strong's (TR/TAGNT G4413, cross-walked to this DB's lexeme numbering: G4413/G6078) vs DB actual 'πρωτον'=G4412 | MISSING: TR has 'καὶ' (G2532), no match anywhere in DB verse | EXTRA: DB has 'αυτους' (G0846), no TR counterpart anywhere in verse"
Act,13,13,word_substitution,1,yes,Ἀναχθέντες δὲ ἀπὸ τῆς Πάφου οἱ περὶ τὸν Παῦλον ἦλθον εἰς Πέργην τῆς Παμφυλίας. Ἰωάννης δὲ ἀποχωρήσας ἀπ᾽ αὐτῶν ὑπέστρεψεν εἰς Ἱεροσόλυμα.,δε ὁ παυλον περι αναχθεντες απο ὁ παφου ηλθον εις περγην ὁ παμφυλιας δε ιωαννης αποχωρησας απ αυτων υπεστρεψεν εις ιεροσολυμα οι,"DIFFERENT FORM: same Strong's G3588, TR 'τῆς' vs DB 'οι'"
Act,13,16,word_substitution,1,yes,"Ἀναστὰς δὲ Παῦλος καὶ κατασείσας τῇ χειρὶ εἶπεν· ἄνδρες Ἰσραηλῖται καὶ οἱ φοβούμενοι τὸν θεόν, ἀκούσατε.",δε παυλος αναστας και κατασεισας ὁ χειρι ειπεν ανδρες ισραηλιται και φοβουμενοι ὁ θεον ακουσατε οι,"DIFFERENT FORM: same Strong's G3588, TR 'τὸν' vs DB 'οι'"
Act,13,26,missing_word,1,yes,"Ἄνδρες ἀδελφοί, υἱοὶ γένους Ἀβραὰμ καὶ οἱ ἐν ὑμῖν φοβούμενοι τὸν θεόν, ὑμῖν ὁ λόγος τῆς σωτηρίας ταύτης ἀπεστάλη",ανδρες αδελφοι υιοι γενους αβρααμ και οι εν φοβουμενοι ὁ θεον υμιν ὁ λογος ταυτης ὁ σωτηριας απεσταλη,"MISSING: TR has 'ὑμῖν' (G5213), no match anywhere in DB verse"
Act,13,27,word_substitution,1,yes,"οἱ γὰρ κατοικοῦντες ἐν Ἰερουσαλὴμ καὶ οἱ ἄρχοντες αὐτῶν τοῦτον ἀγνοήσαντες καὶ τὰς φωνὰς τῶν προφητῶν τὰς κατὰ πᾶν σάββατον ἀναγινωσκομένας, κρίναντες ἐπλήρωσαν·",γαρ κατοικουντες εν ιερουσαλημ και αυτων ὁ αρχοντες αγνοησαντες τουτον και ὁ φωνας ὁ προφητων τας αναγινωσκομενας παν κατα σαββατον επληρωσαν κριναντες οι,"DIFFERENT FORM: same Strong's G3588, TR 'τὰς' vs DB 'οι'"
Act,13,31,strongs_mismatch,1,yes,"ὃς ὤφθη ἐπὶ ἡμέρας πλείους τοῖς συναναβᾶσιν αὐτῷ ἀπὸ τῆς Γαλιλαίας εἰς Ἰερουσαλήμ, οἵτινες εἰσιν μάρτυρες αὐτοῦ πρὸς τὸν λαόν.",ος ωφθη επι πλειους ημερας ὁ συναναβασιν αυτω απο ὁ γαλιλαιας εις ιερουσαλημ οιτινες εισιν αυτου μαρτυρες προς ὁ λαον,"STRONGS MISMATCH: word text matches ('πλείους'); expected Strong's (TR/TAGNT G4183, cross-walked to this DB's lexeme numbering: G4183) vs DB actual 'πλειους'=G4119"
Act,13,39,extra_word,9,yes,ἐν τούτῳ πᾶς ὁ πιστεύων δικαιοῦται.,και τουτω πας πιστευων δικαιουται απο παντων ων ηδυνηθητε ουκ δικαιωθηναι εν νομω μωσεως ο,"EXTRA: DB has 'και' (G2532), no TR counterpart anywhere in verse | EXTRA: DB has 'απο' (G0575), no TR counterpart anywhere in verse | EXTRA: DB has 'παντων' (G3956), no TR counterpart anywhere in verse | EXTRA: DB has 'ων' (G3739), no TR counterpart anywhere in verse | EXTRA: DB has 'ηδυνηθητε' (G1410), no TR counterpart anywhere in verse | EXTRA: DB has 'ουκ' (G3756), no TR counterpart anywhere in verse | EXTRA: DB has 'δικαιωθηναι' (G1344), no TR counterpart anywhere in verse | EXTRA: DB has 'νομω' (G3551), no TR counterpart anywhere in verse | EXTRA: DB has 'μωσεως' (G3475), no TR counterpart anywhere in verse"
Act,13,45,mixed_content,2,yes,ἰδόντες δὲ οἱ Ἰουδαῖοι τοὺς ὄχλους ἐπλήσθησαν ζήλου καὶ ἀντέλεγον τοῖς ὑπὸ τοῦ Παύλου λεγομένοις ἀντιλέγοντες καὶ βλασφημοῦντες.,δε ιδοντες ιουδαιοι ιδοντες ὁ οχλους επλησθησαν ζηλου και αντελεγον λεγομενοις υπο ὁ παυλου αντιλεγοντες και βλασφημουντες οι τοις,"DIFFERENT FORM: same Strong's G3588, TR 'τοῦ' vs DB 'οι' | EXTRA: DB has 'ιδοντες' (G3708), no TR counterpart anywhere in verse"
Act,13,51,word_substitution,1,yes,οἱ δὲ ἐκτιναξάμενοι τὸν κονιορτὸν τῶν ποδῶν αὐτῶν ἐπ᾽ αὐτοὺς ἦλθον εἰς Ἰκόνιον.,δε εκτιναξαμενοι ὁ κονιορτον αυτων ὁ ποδων επ αυτους ηλθον εις ικονιον οι,"DIFFERENT FORM: same Strong's G3588, TR 'τῶν' vs DB 'οι'"
Act,14,2,word_substitution,1,yes,οἱ δὲ ἀπειθοῦντες Ἰουδαῖοι ἐπήγειραν καὶ ἐκάκωσαν τὰς ψυχὰς τῶν ἐθνῶν κατὰ τῶν ἀδελφῶν.¶,δε απειθουντες ιουδαιοι επηγειραν ὁ εθνων και ὁ ψυχας εκακωσαν κατα ὁ αδελφων οι,"DIFFERENT FORM: same Strong's G3588, TR 'τῶν' vs DB 'οι'"
Act,14,4,word_substitution,1,yes,"ἐσχίσθη δὲ τὸ πλῆθος τῆς πόλεως, καὶ οἱ μὲν ἦσαν σὺν τοῖς Ἰουδαίοις, οἱ δὲ σὺν τοῖς ἀποστόλοις.",δε ὁ πληθος ὁ πολεως εσχισθη και μεν ὁ ησαν συν ὁ ιουδαιοις δε οι συν ὁ αποστολοις,"DIFFERENT FORM: same Strong's G3588, TR 'τοῖς' vs DB 'οι'"
Act,14,11,mixed_content,2,yes,οἵ δὲ ὄχλοι ἰδόντες ὃ ἐποίησεν ὁ Παῦλος ἐπῆραν τὴν φωνὴν αὐτῶν Λυκαονιστὶ λέγοντες· οἱ θεοὶ ὁμοιωθέντες ἀνθρώποις κατέβησαν πρὸς ἡμᾶς·,δε ιδοντες οχλοι ιδοντες ο ὁ παυλος εποιησεν επηραν αυτων ὁ φωνην λεγοντες λυκαονιστι ὁ θεοι κατεβησαν προς ημας ομοιωθεντες ανθρωποις οι,"DIFFERENT FORM: same Strong's G3588, TR 'τὴν' vs DB 'οι' | EXTRA: DB has 'ιδοντες' (G3708), no TR counterpart anywhere in verse"
Act,14,17,mixed_content,3,yes,"οὐκ ἀμάρτυρον ἑαυτὸν ἀφῆκεν ἀγαθοποιῶν οὐρανόθεν ἡμῖν ὑετοὺς διδοὺς καὶ καιροὺς καρποφόρους, ἐμπιπλῶν τροφῆς καὶ εὐφροσύνης τὰς καρδίας ἡμῶν",καιτοιγε αφηκεν ουκ εαυτον αμαρτυρον αγαθοποιων διδους ημιν υετους ουρανοθεν και καρποφορους εμπιπλων ημων ὁ καρδιας τροφης και ευφροσυνης καιρους,"STRONGS MISMATCH: word text matches ('ἡμῖν'); expected Strong's (TR/TAGNT G2254, cross-walked to this DB's lexeme numbering: G2254/G4771) vs DB actual 'ημιν'=G1473 | STRONGS MISMATCH: word text matches ('ἡμῶν'); expected Strong's (TR/TAGNT G2257, cross-walked to this DB's lexeme numbering: G2257/G4771) vs DB actual 'ημων'=G1473 | EXTRA: DB has 'καιτοιγε' (G2544), no TR counterpart anywhere in verse"
Act,15,7,strongs_mismatch,1,yes,"πολλῆς δὲ συζητήσεως γενομένης, ἀναστὰς Πέτρος εἶπεν πρὸς αὐτούς· ἄνδρες ἀδελφοί, ὑμεῖς ἐπίστασθε ὅτι ἀφ᾽ ἡμερῶν ἀρχαίων ἐν ἡμῖν ἐξελέξατο ὁ θεὸς διὰ τοῦ στόματός μου ἀκοῦσαι τὰ ἔθνη τὸν λόγον τοῦ εὐαγγελίου καὶ πιστεῦσαι.",δε γενομενης πολλης συζητησεως πετρος αναστας ειπεν προς αυτους ανδρες αδελφοι υμεις επιστασθε οτι αφ ημερων αρχαιων ὁ θεος εξελεξατο εν ημιν ὁ εθνη δια μου ὁ στοματος ακουσαι ὁ λογον ὁ ευαγγελιου και πιστευσαι,"STRONGS MISMATCH: word text matches ('ἡμῖν'); expected Strong's (TR/TAGNT G2254, cross-walked to this DB's lexeme numbering: G2254/G4771) vs DB actual 'ημιν'=G1473"
Act,15,32,mixed_content,2,yes,"Ἰούδας τε καὶ Σιλᾶς, καὶ αὐτοὶ προφῆται ὄντες, διὰ λόγου πολλοῦ παρεκάλεσαν τοὺς ἀδελφοὺς καὶ ἐπεστήριξαν.",δε ιουδας και σιλας οντες προφηται και αυτοι παρεκαλεσαν ὁ αδελφους δια πολλου λογου και επεστηριξαν,"MISSING: TR has 'τε' (G5037), no match anywhere in DB verse | EXTRA: DB has 'δε' (G1161), no TR counterpart anywhere in verse"
Act,16,4,strongs_mismatch,1,yes,"ὡς δὲ διεπορεύοντο τὰς πόλεις, παρεδίδοσαν αὐτοῖς φυλάσσειν τὰ δόγματα τὰ κεκριμένα ὑπὸ τῶν ἀποστόλων καὶ τῶν πρεσβυτέρων τῶν ἐν Ἱεροσολύμοις.¶",των τα δε ως διεπορευοντο ὁ πολεις παρεδιδουν αυτοις ὁ δογματα φυλασσειν κεκριμενα υπο ὁ αποστολων και πρεσβυτερων των εν ιερουσαλημ,"STRONGS MISMATCH: word text matches ('Ἱεροσολύμοις.¶'); expected Strong's (TR/TAGNT G2414, cross-walked to this DB's lexeme numbering: G2414) vs DB actual 'ιερουσαλημ'=G2419"
Act,16,11,mixed_content,2,yes,"Ἀναχθέντες οὖν ἀπὸ τῆς Τρῳάδος εὐθυδρομήσαμεν εἰς Σαμοθρᾴκην, τῇ τε ἐπιούσῃ εἰς Νέαν πόλιν,",τη ουν αναχθεντες απο ὁ τρωαδος ευθυδρομησαμεν εις σαμοθρακην τε επιουση εις νεαπολιν,"STRONGS MISMATCH: word text matches ('πόλιν,'); expected Strong's (TR/TAGNT G4172, cross-walked to this DB's lexeme numbering: G4172) vs DB actual 'νεαπολιν'=G3496 | MISSING: TR has 'Νέαν' (G3501), no match anywhere in DB verse"
Act,16,12,extra_word,2,yes,"εἰς Φιλίππους, ἥτις ἐστὶν πρώτη τῆς μερίδος τῆς Μακεδονίας πόλις, κολωνία. ἦμεν δὲ ἐν ταύτῃ τῇ πόλει διατρίβοντες ἡμέρας τινάς.",τε εκειθεν εις φιλιππους ητις εστιν πρωτη πολις ὁ μεριδος ὁ μακεδονιας κολωνια δε ημεν εν ταυτη ὁ πολει διατριβοντες τινας ημερας,"EXTRA: DB has 'τε' (G5037), no TR counterpart anywhere in verse | EXTRA: DB has 'εκειθεν' (G1564), no TR counterpart anywhere in verse"
Act,16,17,missing_word,1,yes,"αὕτη κατακολουθήσασα τῷ Παύλῳ καὶ ἡμῖν ἔκραζεν λέγουσα· οὗτοι οἱ ἄνθρωποι δοῦλοι τοῦ θεοῦ τοῦ ὑψίστου εἰσίν, οἵτινες καταγγέλλουσιν ἡμῖν ὁδὸν σωτηρίας.",του αυτη κατακολουθησασα ὁ παυλω και εκραζεν λεγουσα ουτοι ὁ ανθρωποι εισιν δουλοι υψιστου ὁ θεου οιτινες καταγγελλουσιν ημιν οδον σωτηριας,"MISSING: TR has 'ἡμῖν' (G2254), no match anywhere in DB verse"
Act,17,7,word_substitution,1,yes,οὓς ὑποδέδεκται Ἰάσων· καὶ οὗτοι πάντες ἀπέναντι τῶν δογμάτων Καίσαρος πράσσουσιν βασιλέα ἕτερον λέγοντες εἶναι Ἰησοῦν.,ους ιασων υποδεδεκται και ουτοι παντες πραττουσιν απεναντι ὁ δογματων καισαρος λεγοντες ειναι ετερον βασιλεα ιησουν,"DIFFERENT FORM: same Strong's G4238, TR 'πράσσουσιν' vs DB 'πραττουσιν'"
Act,17,17,word_substitution,1,yes,διελέγετο μὲν οὖν ἐν τῇ συναγωγῇ τοῖς Ἰουδαίοις καὶ τοῖς σεβομένοις καὶ ἐν τῇ ἀγορᾷ κατὰ πᾶσαν ἡμέραν πρὸς τοὺς παρατυγχάνοντας·,μεν ουν διελεγετο εν ὁ συναγωγη ὁ ιουδαιοις και ὁ σεβομενοις και εν ὁ αγορα κατά πᾶς ημεραν προς τους παρατυγχανοντας,"DIFFERENT FORM: same Strong's G3956, TR 'πᾶσαν' vs DB 'πᾶς'"
Act,17,18,word_substitution,1,yes,τινὲς δὲ τῶν Ἐπικουρείων καὶ τῶν Στοϊκῶν φιλοσόφων συνέβαλλον αὐτῷ· καί τινες ἔλεγον· τί ἂν θέλοι ὁ σπερμολόγος οὗτος λέγειν; οἱ δέ· ξένων δαιμονίων δοκεῖ καταγγελεὺς εἶναι· ὅτι τὸν Ἰησοῦν καὶ τὴν ἀνάστασιν αὐτοῖς εὐηγγελίζετο.¶,δε τινες φιλοσοφων ὁ επικουρειων και ὁ στωικων συνεβαλλον αυτω και τινες ελεγον τι αν θελοι ουτος ὁ σπερμολογος λεγειν δε οι δοκει ειναι καταγγελευς ξενων δαιμονιων οτι ευηγγελιζετο αυτοις ὁ ιησουν και ὁ αναστασιν,"DIFFERENT FORM: same Strong's G3588, TR 'τῶν' vs DB 'οι'"
Act,17,25,word_substitution,1,yes,"οὐδὲ ὑπὸ χειρῶν ἀνθρώπων θεραπεύεται προσδεόμενός τινος, αὐτὸς διδοὺς πᾶσιν ζωὴν καὶ πνοὴν καὶ κατὰ πάντα·",ουδε θεραπευεται υπο ανθρωπων χειρων προσδεομενος τινος αυτος διδους πασιν ζωην και πνοην και ὁ παντα,"DIFFERENT FORM: same Strong's G2596, TR 'κατὰ' vs DB 'ὁ'"
Act,17,27,mixed_content,2,yes,"ζητεῖν τὸν κύριον εἰ ἄρα γε ψηλαφήσειαν αὐτὸν καὶ εὕροιεν, καί οὐ μακρὰν ἀπὸ ἑνὸς ἑκάστου ἡμῶν ὑπάρχοντα.",ζητειν ὁ κυριον ει αρα γε ψηλαφησειαν και ευροιεν αυτον καιτοιγε υπαρχοντα ου μακραν απο εκαστου ενος ημων,"MISSING: TR has 'καί' (G2532), no match anywhere in DB verse | EXTRA: DB has 'καιτοιγε' (G2544), no TR counterpart anywhere in verse"
Act,18,12,mixed_content,2,yes,"Γαλλίωνος δὲ ἀνθυπάτου ὄντος τῆς Ἀχαΐας κατεπέστησαν ὁμοθυμαδὸν οἱ Ἰουδαῖοι τῷ Παύλῳ καὶ ἤγαγον αὐτὸν ἐπὶ τὸ βῆμα,",οι δε γαλλιωνος ανθυπατευοντος ὁ αχαιας ιουδαιοι κατεπεστησαν ομοθυμαδον ὁ παυλω και ηγαγον αυτον επι ὁ βημα,"STRONGS MISMATCH: word text matches ('ὄντος'); expected Strong's (TR/TAGNT G1510, cross-walked to this DB's lexeme numbering: G1510/G5607) vs DB actual 'ανθυπατευοντος'=G0445 | MISSING: TR has 'ἀνθυπάτου' (G0446), no match anywhere in DB verse"
Act,18,14,extra_word,1,yes,"Μέλλοντος δὲ τοῦ Παύλου ἀνοίγειν τὸ στόμα εἶπεν ὁ Γαλλίων πρὸς τοὺς Ἰουδαίους· εἰ μὲν οὖν ἦν ἀδίκημά τι ἢ ῥᾳδιούργημα πονηρόν, ὦ Ἰουδαῖοι, κατὰ λόγον ἠνεσχόμην ὑμῶν·",δε ὁ παυλου μελλοντος ανοιγειν ὁ στομα ὁ γαλλιων ειπεν προς ὁ ιουδαιους ει μεν ουν ην τι αδικημα η πονηρον ραδιουργημα ω ιουδαιοι λογον κατα αν ηνεσχομην υμων,"EXTRA: DB has 'αν' (G0302), no TR counterpart anywhere in verse"
Act,18,21,extra_word,2,yes,"ἀλλ᾽ αὐτοῖς εἰπών δεῖ με πάντως τὴν ἑορτὴν τὴν ἐρχομένην ποιῆσαι εἰς Ἱεροσόλυμα· πάλιν δὲ ἀνακάμψω πρὸς ὑμᾶς τοῦ θεοῦ θέλοντος, καὶ ἀνήχθη ἀπὸ τῆς Ἐφέσου.",την αλλ απεταξατο αυτοις απεταξατο ειπων με δει παντως ποιησαι ὁ εορτην ερχομενην εις ιεροσολυμα δε ανακαμψω παλιν προς υμας ὁ θεου θελοντος και ανηχθη απο ὁ εφεσου,"EXTRA: DB has 'απεταξατο' (G0657), no TR counterpart anywhere in verse | EXTRA: DB has 'απεταξατο' (G0657), no TR counterpart anywhere in verse"
Act,18,25,strongs_mismatch,1,yes,"οὗτος ἦν κατηχημένος τὴν ὁδὸν τοῦ κυρίου, καὶ ζέων τῷ πνεύματι ἐλάλει καὶ ἐδίδασκεν ἀκριβῶς τὰ περὶ τοῦ κυρίου ἐπιστάμενος μόνον τὸ βάπτισμα Ἰωάννου·",ουτος ην κατηχημενος ὁ οδον ὁ κυριου και ζεων ὁ πνευματι ελαλει και εδιδασκεν ακριβως τα περι ὁ κυριου επισταμενος μονον ὁ βαπτισμα ιωαννου,"STRONGS MISMATCH: word text matches ('μόνον'); expected Strong's (TR/TAGNT G3441, cross-walked to this DB's lexeme numbering: G3441) vs DB actual 'μονον'=G3440"
Act,18,26,strongs_mismatch,1,yes,οὗτός τε ἤρξατο παρρησιάζεσθαι ἐν τῇ συναγωγῇ. ἀκούσαντες δὲ αὐτοῦ Πρίσκιλλα καὶ Ἀκύλας προσελάβοντο αὐτὸν καὶ ἀκριβέστερον αὐτῷ ἐξέθεντο τὴν ὁδὸν τοῦ θεοῦ.,την τε ουτος ηρξατο παρρησιαζεσθαι εν ὁ συναγωγη δε αυτου ακυλας και πρισκιλλα ακουσαντες προσελαβοντο αυτον και εξεθεντο αυτω οδον ὁ θεου ακριβεστερον,"STRONGS MISMATCH: word text matches ('ἀκριβέστερον'); expected Strong's (TR/TAGNT G0197, cross-walked to this DB's lexeme numbering: G0197) vs DB actual 'ακριβεστερον'=G0199"
Act,19,21,strongs_mismatch,1,yes,"Ὡς δὲ ἐπληρώθη ταῦτα, ἔθετο ὁ Παῦλος ἐν τῷ πνεύματι διελθὼν τὴν Μακεδονίαν καὶ Ἀχαΐαν πορεύεσθαι εἰς Ἱεροσόλυμα εἰπὼν ὅτι μετὰ τὸ γενέσθαι με ἐκεῖ, δεῖ με καὶ Ῥώμην ἰδεῖν.",το δε ως ταυτα επληρωθη ὁ παυλος εθετο εν ὁ πνευματι διελθων ὁ μακεδονιαν και αχαιαν πορευεσθαι εις ιερουσαλημ ειπων οτι μετα με γενεσθαι εκει με δει και ιδειν ρωμην,"STRONGS MISMATCH: word text matches ('Ἱεροσόλυμα'); expected Strong's (TR/TAGNT G2414, cross-walked to this DB's lexeme numbering: G2414) vs DB actual 'ιερουσαλημ'=G2419"
Act,19,26,mixed_content,2,yes,καὶ θεωρεῖτε καὶ ἀκούετε ὅτι οὐ μόνον Ἐφέσου ἀλλὰ σχεδὸν πάσης τῆς Ἀσίας ὁ Παῦλος οὗτος πείσας μετέστησεν ἱκανὸν ὄχλον λέγων ὅτι οὐκ εἰσὶν θεοὶ οἱ διὰ χειρῶν γινόμενοι.,και θεωρειτε και ακουετε οτι ου μονον εφεσου αλλα σχεδον δια πασης ὁ ασιας ουτος ὁ παυλος πεισας μετεστησεν ικανον οχλον λεγων οτι εισιν ουκ θεοι οι γινομενοι χειρων,"STRONGS MISMATCH: word text matches ('μόνον'); expected Strong's (TR/TAGNT G3441, cross-walked to this DB's lexeme numbering: G3441) vs DB actual 'μονον'=G3440 | DIFFERENT FORM: same Strong's G3588, TR 'τῆς' vs DB 'οι'"
Act,19,27,strongs_mismatch,1,yes,"οὐ μόνον δὲ τοῦτο κινδυνεύει ἡμῖν τὸ μέρος εἰς ἀπελεγμὸν ἐλθεῖν ἀλλὰ καὶ τὸ τῆς μεγάλης θεᾶς Ἀρτέμιδος ἱερὸν εἰς οὐθὲν λογισθῆναι, μέλλειν δὲ καὶ καθαιρεῖσθαι τὴν μεγαλειότητα αὐτῆς ἣν ὅλη ἡ Ἀσία καὶ ἡ οἰκουμένη σέβεται.¶",δε ου μονον τουτο ημιν ὁ μερος κινδυνευει εις ελθειν απελεγμον αλλα και το ιερον ὁ μεγαλης θεας αρτεμιδος μελλειν ουδεν εις λογισθηναι δε και αυτης ὁ μεγαλειοτητα καθαιρεισθαι ην ολη ὁ ασια και ὁ οικουμενη σεβεται,"STRONGS MISMATCH: word text matches ('μόνον'); expected Strong's (TR/TAGNT G3441, cross-walked to this DB's lexeme numbering: G3441) vs DB actual 'μονον'=G3440"
Act,19,32,strongs_mismatch,1,yes,"ἄλλοι μὲν οὖν ἄλλο τι ἔκραζον· ἦν γὰρ ἡ ἐκκλησία συγκεχυμένη, καὶ οἱ πλείους οὐκ ᾔδεισαν τίνος ἕνεκα συνεληλύθεισαν.",οι αλλοι ουν εκραζον μεν αλλο τι γαρ ὁ εκκλησια ην συγκεχυμενη και πλειους ηδεισαν ουκ τινος ενεκεν συνεληλυθεισαν,"STRONGS MISMATCH: word text matches ('πλείους'); expected Strong's (TR/TAGNT G4183, cross-walked to this DB's lexeme numbering: G4183) vs DB actual 'πλειους'=G4119"
Act,19,37,strongs_mismatch,1,yes,ἠγάγετε γὰρ τοὺς ἄνδρας τούτους οὔτε ἱεροσύλους οὔτε βλασφημοῦντας τὴν θεὰν ὑμῶν,γαρ ηγαγετε τουτους ανδρας τους ουτε ιεροσυλους ουτε βλασφημουντας υμων ὁ θεαν,"STRONGS MISMATCH: word text matches ('ὑμῶν'); expected Strong's (TR/TAGNT G5216, cross-walked to this DB's lexeme numbering: G1473/G3165/G5216) vs DB actual 'υμων'=G4771"
Act,19,39,extra_word,2,yes,"εἰ δέ τι ἐπιζητεῖτε, ἐν τῇ ἐννόμῳ ἐκκλησίᾳ ἐπιλυθήσεται.",τη δε ει επιζητειτε τι περι ετερων επιλυθησεται εν εννομω εκκλησια,"EXTRA: DB has 'περι' (G4012), no TR counterpart anywhere in verse | EXTRA: DB has 'ετερων' (G2087), no TR counterpart anywhere in verse"
Act,19,40,strongs_mismatch,1,yes,καὶ γὰρ κινδυνεύομεν ἐγκαλεῖσθαι στάσεως περὶ τῆς σήμερον μηδενὸς αἰτίου ὑπάρχοντος περὶ οὐ δυνησόμεθα ἀποδοῦναι λόγον τῆς συστροφῆς ταύτης.,της γαρ κινδυνευομεν και εγκαλεισθαι περι σημερον στασεως υπαρχοντος μηδενος αιτιου ου δυνησομεθα αποδουναι λογον περι ταυτης ὁ συστροφης,"STRONGS MISMATCH: word text matches ('οὐ'); expected Strong's (TR/TAGNT G3756, cross-walked to this DB's lexeme numbering: G3756/G3757) vs DB actual 'ου'=G3739"
Act,20,3,word_substitution,2,yes,"ποιήσας τε μῆνας τρεῖς, γενομένης ἐπιβουλῆς αὐτῷ ὑπὸ τῶν Ἰουδαίων μέλλοντι ἀνάγεσθαι εἰς τὴν Συρίαν, ἐγένετο γνώμη τοῦ ὑποστρέφειν διὰ Μακεδονίας.",τε ποιησας τρεις μηνας υπο ὁ ιουδαιων γίνομαι επιβουλης αυτω μελλοντι αναγεσθαι εις ὁ συριαν γίνομαι γνωμη ὁ υποστρεφειν δια μακεδονιας,"DIFFERENT FORM: same Strong's G1096, TR 'γενομένης' vs DB 'γίνομαι' | DIFFERENT FORM: same Strong's G1096, TR 'ἐγένετο' vs DB 'γίνομαι'"
Act,20,32,mixed_content,2,yes,"καὶ τὰ νῦν παρατίθεμαι ὑμᾶς ἀδελφοί τῷ θεῷ καὶ τῷ λόγῳ τῆς χάριτος αὐτοῦ, τῷ δυναμένῳ ἐποικοδομῆσαι καὶ δοῦναι ὑμῖν κληρονομίαν ἐν τοῖς ἡγιασμένοις πᾶσιν.",και τανυν αδελφοι παρατιθεμαι υμας ὁ θεω και ὁ λογω αυτου ὁ χαριτος ὁ δυναμενω εποικοδομησαι και δουναι υμιν κληρονομιαν εν πασιν ὁ ηγιασμενοις,"DIFFERENT FORM: same Strong's G3568, TR 'νῦν' vs DB 'τανυν' | MISSING: TR has 'τοῖς' (G3588), no match anywhere in DB verse"
Act,20,36,extra_word,1,yes,καὶ ταῦτα εἰπὼν θεὶς τὰ γόνατα αὐτοῦ σὺν πᾶσιν αὐτοῖς προσηύξατο.,και ειπων ταυτα ειπων θεις αυτου ὁ γονατα προσηυξατο συν αυτοις πασιν,"EXTRA: DB has 'ειπων' (G3004), no TR counterpart anywhere in verse"
Act,20,37,word_substitution,1,yes,"ἱκανὸς δὲ κλαυθμὸς ἐγένετο πάντων, καὶ ἐπιπεσόντες ἐπὶ τὸν τράχηλον τοῦ Παύλου κατεφίλουν αὐτόν,",δε ικανος παντων γίνομαι κλαυθμος και επιπεσοντες επι ὁ παυλου ὁ τραχηλον κατεφιλουν αυτον,"DIFFERENT FORM: same Strong's G1096, TR 'ἐγένετο' vs DB 'γίνομαι'"
Act,20,38,strongs_mismatch,1,yes,ὀδυνώμενοι μάλιστα ἐπὶ τῷ λόγῳ ᾧ εἰρήκει ὅτι οὐκέτι μέλλουσιν τὸ πρόσωπον αὐτοῦ θεωρεῖν. προέπεμπον δὲ αὐτὸν εἰς τὸ πλοῖον.¶,οδυνωμενοι μαλιστα επι ὁ λογω ω ειρηκει οτι μελλουσιν θεωρειν αυτου ὁ προσωπον ουκετι δε προεπεμπον αυτον εις ὁ πλοιον,"STRONGS MISMATCH: word text matches ('εἰρήκει'); expected Strong's (TR/TAGNT G2036, cross-walked to this DB's lexeme numbering: G2036) vs DB actual 'ειρηκει'=G2046"
Act,21,4,strongs_mismatch,1,yes,"καὶ Ἀνευρόντες τοὺς μαθητὰς ἐπεμείναμεν αὐτοῦ ἡμέρας ἑπτά, οἵτινες τῷ Παύλῳ ἔλεγον διὰ τοῦ πνεύματος μὴ ἀναβαίνειν εἰς Ἱεροσόλυμα.",και ανευροντες ὁ μαθητας επεμειναμεν αυτου επτα ημερας οιτινες ελεγον ὁ παυλω δια ὁ πνευματος αναβαινειν μη εις ιερουσαλημ,"STRONGS MISMATCH: word text matches ('Ἱεροσόλυμα.'); expected Strong's (TR/TAGNT G2414, cross-walked to this DB's lexeme numbering: G2414) vs DB actual 'ιερουσαλημ'=G2419"
Act,21,8,word_substitution,1,yes,"Τῇ δὲ ἐπαύριον ἐξελθόντες οἱ περὶ τὸν Παῦλον ἦλθον εἰς Καισάρειαν, καὶ εἰσελθόντες εἰς τὸν οἶκον Φιλίππου τοῦ εὐαγγελιστοῦ τοῦ ὄντος ἐκ τῶν ἑπτὰ ἐμείναμεν παρ᾽ αὐτῷ.",δε ὁ επαυριον οι περι ὁ παυλον εξελθοντες ηλθον εις καισαρειαν και εισελθοντες εις ὁ οικον φιλιππου ὁ ευαγγελιστου ὁ οντος εκ ὁ επτα εμειναμεν παρ αυτω,"DIFFERENT FORM: same Strong's G3588, TR 'Τῇ' vs DB 'οι'"
Act,21,10,strongs_mismatch,1,yes,"Ἐπιμενόντων δὲ ἡμῶν ἡμέρας πλείους κατῆλθέν τις ἀπὸ τῆς Ἰουδαίας προφήτης ὀνόματι Ἅγαβος,",δε ημων επιμενοντων πλειους ημερας κατηλθεν απο ὁ ιουδαιας τις προφητης ονοματι αγαβος,"STRONGS MISMATCH: word text matches ('πλείους'); expected Strong's (TR/TAGNT G4183, cross-walked to this DB's lexeme numbering: G4183) vs DB actual 'πλειους'=G4119"
Act,21,13,mixed_content,2,yes,ἀπεκρίθη ὁ Παῦλος· τί ποιεῖτε κλαίοντες καὶ συνθρύπτοντές μου τὴν καρδίαν; ἐγὼ γὰρ οὐ μόνον δεθῆναι ἀλλὰ καὶ ἀποθανεῖν εἰς Ἰερουσαλὴμ ἑτοίμως ἔχω ὑπὲρ τοῦ ὀνόματος τοῦ κυρίου Ἰησοῦ.,δε ὁ παυλος απεκριθη τι ποιειτε κλαιοντες και συνθρυπτοντες μου ὁ καρδιαν γαρ εγω εχω ετοιμως ου δεθηναι μονον αλλα και αποθανειν εις ιερουσαλημ υπερ ὁ ονοματος ὁ κυριου ιησου,"STRONGS MISMATCH: word text matches ('μόνον'); expected Strong's (TR/TAGNT G3441, cross-walked to this DB's lexeme numbering: G3441) vs DB actual 'μονον'=G3440 | EXTRA: DB has 'δε' (G1161), no TR counterpart anywhere in verse"
Act,21,15,strongs_mismatch,1,yes,Μετὰ δὲ τὰς ἡμέρας ταύτας ἐπισκευασάμενοι ἀνεβαίνομεν εἰς Ἱεροσόλυμα.,δε μετα ταυτας ὁ ημερας αποσκευασαμενοι ανεβαινομεν εις ιερουσαλημ,"STRONGS MISMATCH: word text matches ('Ἱεροσόλυμα.'); expected Strong's (TR/TAGNT G2414, cross-walked to this DB's lexeme numbering: G2414) vs DB actual 'ιερουσαλημ'=G2419"
Act,22,16,extra_word,1,yes,καὶ νῦν τί μέλλεις; ἀναστὰς βάπτισαι καὶ ἀπόλουσαι τὰς ἁμαρτίας σου ἐπικαλεσάμενος τὸ ὄνομα,και νυν τι μελλεις αναστας βαπτισαι και απολουσαι σου αμαρτιας επικαλεσαμενος ὁ ονομα ὁ κυριου,"EXTRA: DB has 'κυριου' (G2962), no TR counterpart anywhere in verse"
Act,23,5,extra_word,1,yes,"ἔφη τε ὁ Παῦλος· οὐκ ᾔδειν, ἀδελφοί, ὅτι ἐστὶν ἀρχιερεύς· γέγραπται γὰρ ἄρχοντα τοῦ λαοῦ σου οὐκ ἐρεῖς κακῶς.¶",τε εφη ὁ παυλος ηδειν ουκ αδελφοι οτι εστιν αρχιερευς γαρ γεγραπται ερεις ουκ ερεις κακως αρχοντα σου ὁ λαου,"EXTRA: DB has 'ερεις' (G2046), no TR counterpart anywhere in verse"
Act,23,12,mixed_content,3,yes,Γενομένης δὲ ἡμέρας ποιήσαντες συστροφὴν Ἰουδαίων ἀνεθεμάτισαν ἑαυτοὺς λέγοντες μήτε φαγεῖν μήτε πιεῖν ἕως οὗ ἀποκτείνωσιν τὸν Παῦλον.,των δε γενομενης ημερας τινες ιουδαιων ποιησαντες συστροφην εαυτους ανεθεματισαν λεγοντες φαγειν μητε μητε πιειν εως ου αποκτεινωσιν ὁ παυλον,"DIFFERENT FORM: same Strong's G3588, TR 'τὸν' vs DB 'των' | EXTRA: DB has 'τινες' (G5100), no TR counterpart anywhere in verse | EXTRA: DB has 'ὁ' (G3588), no TR counterpart anywhere in verse"
Act,23,13,strongs_mismatch,1,yes,ἦσαν δὲ πλείους τεσσεράκοντα οἱ ταύτην τὴν συνωμοσίαν πεποιηκότες,δε ησαν πλειους τεσσαρακοντα οι πεποιηκοτες ταυτην ὁ συνωμοσιαν,"STRONGS MISMATCH: word text matches ('πλείους'); expected Strong's (TR/TAGNT G4183, cross-walked to this DB's lexeme numbering: G4183) vs DB actual 'πλειους'=G4119"
Act,23,15,strongs_mismatch,1,yes,"νῦν οὖν ὑμεῖς ἐμφανίσατε τῷ χιλιάρχῳ σὺν τῷ συνεδρίῳ, ὅπως αὔριον καταγάγῃ αὐτὸν πρὸς ὑμᾶς ὡς μέλλοντας διαγινώσκειν ἀκριβέστερον τὰ περὶ αὐτοῦ· ἡμεῖς δὲ πρὸ τοῦ ἐγγίσαι αὐτὸν ἕτοιμοί ἐσμεν τοῦ ἀνελεῖν αὐτόν.¶",του του τα νυν ουν υμεις συν ὁ συνεδριω εμφανισατε ὁ χιλιαρχω οπως καταγαγη αυτον προς υμας αυριον ως μελλοντας διαγινωσκειν ακριβεστερον περι αυτου δε ημεις προ αυτον εγγισαι εσμεν ετοιμοι ανελειν αυτον,"STRONGS MISMATCH: word text matches ('ἀκριβέστερον'); expected Strong's (TR/TAGNT G0197, cross-walked to this DB's lexeme numbering: G0197) vs DB actual 'ακριβεστερον'=G0199"
Act,23,20,mixed_content,2,yes,εἶπεν δὲ ὅτι οἱ Ἰουδαῖοι συνέθεντο τοῦ ἐρωτῆσαί σε ὅπως αὔριον τὸν Παῦλον καταγάγῃς εἰς τὸ συνέδριον ὡς τι ἀκριβέστερον πυνθάνεσθαι περὶ αὐτοῦ.,του οι δε ειπεν οτι ιουδαιοι συνεθεντο ερωτησαι σε οπως καταγαγης ὁ παυλον αυριον εις ὁ συνεδριον ως πυνθανεσθαι τι περι αυτου μελλοντες ακριβεστερον,"STRONGS MISMATCH: word text matches ('ἀκριβέστερον'); expected Strong's (TR/TAGNT G0197, cross-walked to this DB's lexeme numbering: G0197) vs DB actual 'ακριβεστερον'=G0199 | EXTRA: DB has 'μελλοντες' (G3195), no TR counterpart anywhere in verse"
Act,23,21,strongs_mismatch,1,yes,"σὺ οὖν μὴ πεισθῇς αὐτοῖς, ἐνεδρεύουσιν γὰρ αὐτὸν ἐξ αὐτῶν ἄνδρες πλείους τεσσεράκοντα, οἵτινες ἀνεθεμάτισαν ἑαυτοὺς μήτε φαγεῖν μήτε πιεῖν ἕως οὗ ἀνέλωσιν αὐτὸν καὶ νῦν εἰσιν ἕτοιμοι προσδεχόμενοι τὴν ἀπὸ σοῦ ἐπαγγελίαν.¶",την ουν μη συ πεισθης αυτοις γαρ ενεδρευουσιν αυτον εξ αυτων πλειους τεσσαρακοντα ανδρες οιτινες ανεθεματισαν εαυτους ου φαγειν μητε μητε πιειν εως ανελωσιν αυτον και νυν εισιν ετοιμοι προσδεχομενοι επαγγελιαν απο σου,"STRONGS MISMATCH: word text matches ('πλείους'); expected Strong's (TR/TAGNT G4183, cross-walked to this DB's lexeme numbering: G4183) vs DB actual 'πλειους'=G4119"
Act,24,11,strongs_mismatch,1,yes,δυναμένου σου γνῶναι ὅτι οὐ πλείους εἰσίν μοι ἡμέραι ἤ δεκαδύο ἀφ᾽ ἧς ἀνέβην προσκυνήσων ἐν Ἰερουσαλήμ·,οτι σου δυναμενου γνωναι εισιν οὐ πλειους η δεκαδυο ημεραι αφ ης μοι ανεβην εν ιερουσαλημ προσκυνησων,"STRONGS MISMATCH: word text matches ('πλείους'); expected Strong's (TR/TAGNT G4183, cross-walked to this DB's lexeme numbering: G4183) vs DB actual 'πλειους'=G4119"
Act,24,16,missing_word,1,yes,ἐν τούτῳ δὲ αὐτὸς ἀσκῶ ἀπρόσκοπον συνείδησιν ἔχειν πρὸς τὸν θεὸν καὶ τοὺς ἀνθρώπους διὰ διαπαντός,δε εν τουτω ασκω αυτος εχειν διαπαντος συνειδησιν απροσκοπον προς ὁ θεον και ὁ ανθρωπους,"MISSING: TR has 'διὰ' (G1223), no match anywhere in DB verse"
Act,24,18,extra_word,4,yes,"ἐν οἷς εὗρόν με ἡγνισμένον ἐν τῷ ἱερῷ οὐ μετὰ ὄχλου οὐδὲ μετὰ θορύβου,",ἐν οις τινες ιουδαιοι απο ασιας ευρον με ηγνισμενον εν ὁ ιερω ου μετα οχλου ουδε μετα θορυβου,"EXTRA: DB has 'τινες' (G5100), no TR counterpart anywhere in verse | EXTRA: DB has 'ιουδαιοι' (G2453), no TR counterpart anywhere in verse | EXTRA: DB has 'απο' (G0575), no TR counterpart anywhere in verse | EXTRA: DB has 'ασιας' (G0773), no TR counterpart anywhere in verse"
Act,24,20,extra_word,1,yes,"ἢ αὐτοὶ οὗτοι εἰπάτωσαν εἴ τί εὗρον ἐν ἐμοὶ ἀδίκημα στάντος μου ἐπὶ τοῦ συνεδρίου,",η ειπατωσαν ουτοι αυτοι ειπατωσαν ει ευρον τι αδικημα εν εμοι μου σταντος επι ὁ συνεδριου,"EXTRA: DB has 'ειπατωσαν' (G3004), no TR counterpart anywhere in verse"
Act,24,22,strongs_mismatch,1,yes,"Ἀκούσας ταῦτα Ἀνεβάλετο δὲ αὐτοὺς ὁ Φῆλιξ ἀκριβέστερον εἰδὼς τὰ περὶ τῆς ὁδοῦ εἴπας· ὅταν Λυσίας ὁ χιλίαρχος καταβῇ, διαγνώσομαι τὰ καθ᾽ ὑμᾶς.",τα τα δε ὁ φηλιξ ακουσας ταυτα ακριβεστερον ειδως περι ὁ οδου ανεβαλετο αυτους ειπων οταν λυσιας ὁ χιλιαρχος καταβη διαγνωσομαι υμας καθ,"STRONGS MISMATCH: word text matches ('ἀκριβέστερον'); expected Strong's (TR/TAGNT G0197, cross-walked to this DB's lexeme numbering: G0197) vs DB actual 'ακριβεστερον'=G0199"
Act,24,25,word_substitution,1,yes,διαλεγομένου δὲ αὐτοῦ περὶ δικαιοσύνης καὶ ἐγκρατείας καὶ τοῦ κρίματος τοῦ μέλλοντος ἔσεσθαι ἔμφοβος γενόμενος ὁ Φῆλιξ ἀπεκρίθη· τὸ νῦν ἔχον πορεύου· καιρὸν δὲ μεταλαβὼν μετακαλέσομαί σε·,δε αυτου διαλεγομενου περι δικαιοσυνης και εγκρατειας και ὁ κριματος ὁ μελλοντος εσεσθαι ὁ φηλιξ εμφοβος γενομενος απεκριθη πορευου νυν δε ὁ εχον καιρον μεταλαμβάνω μετακαλεσομαι σε,"DIFFERENT FORM: same Strong's G3335, TR 'μεταλαβὼν' vs DB 'μεταλαμβάνω'"
Act,25,5,mixed_content,2,yes,"οἱ οὖν ἐν ὑμῖν φησιν δυνατοὶ συγκαταβάντες, εἴ τί ἐστιν ἐν τῷ ἀνδρὶ τούτῳ κατηγορείτωσαν αὐτοῦ.",ουν φησιν εν υμιν ὁ δυνατοι συγκαταβαντες κατηγορειτωσαν τουτω ὁ ανδρι ει εστιν τι ατοπον εν αυτου,"STRONGS MISMATCH: word text matches ('τούτῳ'); expected Strong's (TR/TAGNT G5129, cross-walked to this DB's lexeme numbering: G0824/G5129) vs DB actual 'τουτω'=G3778 | EXTRA: DB has 'ατοπον' (G0824), no TR counterpart anywhere in verse"
Act,25,6,strongs_mismatch,1,yes,"διατρίψας δὲ ἐν αὐτοῖς ἡμέρας πλείους ἢ δέκα, καταβὰς εἰς Καισάρειαν, τῇ ἐπαύριον καθίσας ἐπὶ τοῦ βήματος ἐκέλευσεν τὸν Παῦλον ἀχθῆναι.¶",τη δε διατριψας εν αυτοις πλειους η δεκα ημερας καταβας εις καισαρειαν επαυριον καθισας επι ὁ βηματος εκελευσεν ὁ παυλον αχθηναι,"STRONGS MISMATCH: word text matches ('πλείους'); expected Strong's (TR/TAGNT G4183, cross-walked to this DB's lexeme numbering: G4183) vs DB actual 'πλειους'=G4119"
Act,25,14,strongs_mismatch,1,yes,"ὡς δὲ πλείους ἡμέρας διέτριβον ἐκεῖ, ὁ Φῆστος τῷ βασιλεῖ ἀνέθετο τὰ κατὰ τὸν Παῦλον λέγων· ἀνήρ τίς ἐστιν καταλελειμμένος ὑπὸ Φήλικος δέσμιος,",τα δε ως διετριβον εκει πλειους ημερας ὁ φηστος ανεθετο ὁ παυλον κατα ὁ βασιλει λεγων εστιν τις ανηρ καταλελειμμενος δεσμιος υπο φηλικος,"STRONGS MISMATCH: word text matches ('πλείους'); expected Strong's (TR/TAGNT G4183, cross-walked to this DB's lexeme numbering: G4183) vs DB actual 'πλειους'=G4119"
Act,25,20,strongs_mismatch,1,yes,ἀπορούμενος δὲ ἐγὼ εἰς τὴν περὶ τούτου ζήτησιν ἔλεγον εἰ βούλοιτο πορεύεσθαι εἰς Ἱεροσόλυμα κἀκεῖ κρίνεσθαι περὶ τούτων.,την δε εγω απορουμενος εις περι τουτου ζητησιν ελεγον ει βουλοιτο πορευεσθαι εις ιερουσαλημ κακει κρινεσθαι περι τουτων,"STRONGS MISMATCH: word text matches ('Ἱεροσόλυμα'); expected Strong's (TR/TAGNT G2414, cross-walked to this DB's lexeme numbering: G2414) vs DB actual 'ιερουσαλημ'=G2419"
Act,26,29,mixed_content,3,yes,ὁ δὲ Παῦλος εἶπεν· εὐξαίμην ἂν τῷ θεῷ καὶ ἐν ὀλίγῳ καὶ ἐν πολλῷ οὐ μόνον σὲ ἀλλὰ καὶ πάντας τοὺς ἀκούοντάς μου σήμερον γενέσθαι τοιούτους ὁποῖος καὶ ἐγώ εἰμι παρεκτὸς τῶν δεσμῶν τούτων.¶,δε ὁ παυλος ειπεν ευξαιμην αν ὁ θεω ου μονον σε αλλα και παντας ὁ ακουοντας μου σημερον γενεσθαι και εν ολιγω και ἐν πολλω τοιουτους οποιος καγω ειμι παρεκτος τουτων ὁ δεσμων,"STRONGS MISMATCH: word text matches ('μόνον'); expected Strong's (TR/TAGNT G3441, cross-walked to this DB's lexeme numbering: G3441) vs DB actual 'μονον'=G3440 | STRONGS MISMATCH: word text matches ('ἐγώ'); expected Strong's (TR/TAGNT G1473, cross-walked to this DB's lexeme numbering: G1473) vs DB actual 'καγω'=G2504 | MISSING: TR has 'καὶ' (G2532), no match anywhere in DB verse"
Act,26,30,extra_word,1,yes,Καὶ ταῦτα εἰπόντος αὐτοῦ ἀνέστη ὁ βασιλεὺς καὶ ὁ ἡγεμὼν ἥ τε Βερνίκη καὶ οἱ συγκαθήμενοι αὐτοῖς·,η και αυτου ειποντος ταυτα ειποντος ὁ βασιλευς ανεστη και ὁ ηγεμων τε βερνικη και οι συγκαθημενοι αυτοις,"EXTRA: DB has 'ειποντος' (G3004), no TR counterpart anywhere in verse"
Act,27,10,strongs_mismatch,1,yes,"λέγων αὐτοῖς· ἄνδρες, θεωρῶ ὅτι μετὰ ὕβρεως καὶ πολλῆς ζημίας οὐ μόνον τοῦ φόρτου καὶ τοῦ πλοίου ἀλλὰ καὶ τῶν ψυχῶν ἡμῶν μέλλειν ἔσεσθαι τὸν πλοῦν.",και λεγων αυτοις ανδρες θεωρω οτι ὁ πλουν μελλειν εσεσθαι μετα υβρεως πολλης ζημιας ου μονον ὁ φορτου και ὁ πλοιου αλλα και ημων ὁ ψυχων,"STRONGS MISMATCH: word text matches ('μόνον'); expected Strong's (TR/TAGNT G3441, cross-walked to this DB's lexeme numbering: G3441) vs DB actual 'μονον'=G3440"
Act,27,12,mixed_content,3,yes,Ἀνευθέτου δὲ τοῦ λιμένος ὑπάρχοντος πρὸς παραχειμασίαν οἱ πλείονες ἔθεντο βουλὴν ἀναχθῆναι εἴ πως δύναιντο καταντήσαντες εἰς Φοίνικα παραχειμάσαι λιμένα τῆς Κρήτης βλέποντα κατὰ λίβα καὶ κατὰ χῶρον.¶,οι δε ὁ λιμενος υπαρχοντος ανευθετου προς παραχειμασιαν πλειους εθεντο βουλην αναχθηναι κακειθεν ειπως δυναιντο καταντησαντες εις φοινικα παραχειμασαι λιμενα ὁ κρητης βλεποντα κατα λιβα και κατα χωρον,"DIFFERENT FORM: same Strong's G4458, TR 'πως' vs DB 'ειπως' | MISSING: TR has 'εἴ' (G1487), no match anywhere in DB verse | EXTRA: DB has 'κακειθεν' (G2547), no TR counterpart anywhere in verse"
Act,27,22,mixed_content,2,yes,καὶ τὰ νῦν παραινῶ ὑμᾶς εὐθυμεῖν· ἀποβολὴ γὰρ ψυχῆς οὐδεμία ἔσται ἐξ ὑμῶν πλὴν τοῦ πλοίου.,και τανυν παραινω υμας ευθυμειν αποβολη γαρ εσται ουδεμια ψυχης εξ υμων πλην ὁ πλοιου,"DIFFERENT FORM: same Strong's G3568, TR 'νῦν' vs DB 'τανυν' | MISSING: TR has 'τοῦ' (G3588), no match anywhere in DB verse"
Act,27,29,mixed_content,2,yes,φοβούμενοί τε μή που εἰς τραχεῖς τόπους ἐκπέσωσιν ἐκ πρύμνης ῥίψαντες ἀγκύρας τέσσαρας ηὔχοντο ἡμέραν γενέσθαι.,τε φοβουμενοι μηπως εκπεσωσιν εις τραχύς τοπους ριψαντες τεσσαρας αγκυρας εκ πρυμνης ηυχοντο γενεσθαι ημεραν,"DIFFERENT FORM: same Strong's G5138, TR 'τραχεῖς' vs DB 'τραχύς' | MISSING: TR has 'μή' (G3361), no match anywhere in DB verse"
Act,27,35,extra_word,1,yes,"Εἴπας δὲ ταῦτα καὶ λαβὼν ἄρτον εὐχαρίστησεν τῷ θεῷ ἐνώπιον πάντων, καὶ κλάσας ἤρξατο ἐσθίειν.",δε ειπων ταυτα ειπων λαβων αρτον και ευχαριστησεν ὁ θεω ενωπιον παντων και κλασας ηρξατο εσθιειν,"EXTRA: DB has 'ειπων' (G3004), no TR counterpart anywhere in verse"
Act,27,37,word_substitution,1,yes,ἤμεν δὲ αἱ πᾶσαι ψυχαὶ ἐν τῷ πλοίῳ διακόσιαι ἑβδομήκοντα ἕξ.,δε ημεν πασαι εν ὁ πλοιω διακοσιαι ἑβδομήκοντα εβδομηκονταεξ ὁ ψυχαι,"DIFFERENT FORM: same Strong's G1803, TR 'ἕξ.' vs DB 'εβδομηκονταεξ'"
Act,28,25,strongs_mismatch,1,yes,"ἀσύμφωνοι δὲ ὄντες πρὸς ἀλλήλους ἀπελύοντο εἰπόντος τοῦ Παύλου ῥῆμα ἕν, ὅτι καλῶς τὸ πνεῦμα τὸ ἅγιον ἐλάλησεν διὰ Ἠσαΐου τοῦ προφήτου πρὸς τοὺς πατέρας ἡμῶν",το δε οντες ασυμφωνοι προς αλληλους απελυοντο ὁ παυλου ειποντος εν ρημα οτι καλως ελαλησεν αγιον ὁ πνευμα δια ησαιου ὁ προφητου προς ημων ὁ πατερας,"STRONGS MISMATCH: word text matches ('ἡμῶν'); expected Strong's (TR/TAGNT G2257, cross-walked to this DB's lexeme numbering: G2257/G4771) vs DB actual 'ημων'=G1473"
Col,1,11,extra_word,2,yes,ἐν πάσῃ δυνάμει δυναμούμενοι κατὰ τὸ κράτος τῆς δόξης αὐτοῦ εἰς πᾶσαν ὑπομονὴν καὶ μακροθυμίαν,δυναμουμενοι εν παση δυναμει κατα αυτου ὁ δοξης ὁ κρατος εις πασαν υπομονην και μακροθυμιαν μετα χαρας,"EXTRA: DB has 'μετα' (G3326), no TR counterpart anywhere in verse | EXTRA: DB has 'χαρας' (G5479), no TR counterpart anywhere in verse"
Col,1,12,strongs_mismatch,1,yes,"εὐχαριστοῦντες τῷ πατρὶ τῷ ἱκανώσαντι ἡμᾶς εἰς τὴν μερίδα τοῦ κλήρου τῶν ἁγίων ἐν τῷ φωτί,",των τω ευχαριστουντες ὁ πατρι ικανωσαντι ημας εις ὁ μεριδα ὁ κληρου αγιων εν ὁ φωτι,"STRONGS MISMATCH: word text matches ('ἡμᾶς'); expected Strong's (TR/TAGNT G2248, cross-walked to this DB's lexeme numbering: G2248/G4771) vs DB actual 'ημας'=G1473"
Col,1,21,extra_word,4,yes,"καὶ ὑμᾶς ποτε ὄντας ἀπηλλοτριωμένους καὶ ἐχθροὺς τῇ διανοίᾳ ἐν τοῖς ἔργοις τοῖς πονηροῖς,",τοις και υμας οντας ποτε απηλλοτριωμενους και εχθρους ὁ ὁ διανοια εν πονηροις ὁ εργοις δε νυνι αποκατηλλαξεν,"EXTRA: DB has 'ὁ' (G3588), no TR counterpart anywhere in verse | EXTRA: DB has 'δε' (G1161), no TR counterpart anywhere in verse | EXTRA: DB has 'νυνι' (G3570), no TR counterpart anywhere in verse | EXTRA: DB has 'αποκατηλλαξεν' (G0604), no TR counterpart anywhere in verse"
Col,1,23,mixed_content,2,yes,"Εἴ γε ἐπιμένετε τῇ πίστει τεθεμελιωμένοι καὶ ἑδραῖοι καὶ μὴ μετακινούμενοι ἀπὸ τῆς ἐλπίδος τοῦ εὐαγγελίου οὗ ἠκούσατε, τοῦ κηρυχθέντος ἐν πάσῃ τῇ κτίσει τῇ ὑπὸ τὸν οὐρανόν, οὗ ἐγενόμην ἐγὼ Παῦλος διάκονος.¶",τη του ειγε επιμενετε ὁ πιστει τεθεμελιωμενοι και εδραιοι και μη μετακινουμενοι απο ὁ ελπιδος ὁ ευαγγελιου ου ηκουσατε κηρυχθεντος εν παση ὁ κτισει υπο ὁ ουρανον ου εγω παυλος εγενομην διακονος,"DIFFERENT FORM: same Strong's G1065, TR 'γε' vs DB 'ειγε' | MISSING: TR has 'Εἴ' (G1487), no match anywhere in DB verse"
Col,1,24,extra_word,1,yes,"Νῦν χαίρω ἐν τοῖς παθήμασιν μου ὑπὲρ ὑμῶν καὶ ἀνταναπληρῶ τὰ ὑστερήματα τῶν θλίψεων τοῦ Χριστοῦ ἐν τῇ σαρκί μου ὑπὲρ τοῦ σώματος αὐτοῦ, ὅ ἐστιν ἡ ἐκκλησία·",ος νυν χαιρω εν μου ὁ παθημασιν υμων και ανταναπληρω ὁ υστερηματα ὁ θλιψεων ὁ χριστου εν μου ὁ σαρκι υπερ αυτου ὁ σωματος υπερ ο εστιν ὁ εκκλησια,"EXTRA: DB has 'ο' (G3739), no TR counterpart anywhere in verse"
Col,2,4,extra_word,2,yes,"τοῦτο δὲ λέγω, ἵνα ὑμᾶς παραλογίζηται ἐν πιθανολογίᾳ·",ινα δε τουτο λεγω μη τις παραλογιζηται υμας εν πιθανολογια,"EXTRA: DB has 'μη' (G3361), no TR counterpart anywhere in verse | EXTRA: DB has 'τις' (G5100), no TR counterpart anywhere in verse"
Col,2,13,mixed_content,2,yes,"Καὶ ὑμᾶς νεκροὺς ὄντας ἐν τοῖς παραπτώμασιν καὶ τῇ ἀκροβυστίᾳ τῆς σαρκὸς ὑμῶν, συνεζωοποίησεν σὺν αὐτῷ χαρισάμενος ἡμῖν πάντα τὰ παραπτώματα·",και υμας οντας νεκρους εν τοις παραπτωμασιν και ὁ ακροβυστια υμων ὁ σαρκος συνεζωποιησεν συν αυτω χαρισαμενος υμιν παντα ὁ παραπτωματα,"MISSING: TR has 'ἡμῖν' (G3165), no match anywhere in DB verse | EXTRA: DB has 'υμιν' (G4771), no TR counterpart anywhere in verse"
Col,3,4,strongs_mismatch,1,yes,"ὅταν ὁ Χριστὸς φανερωθῇ, ἡ ζωὴ ἡμῶν τότε καὶ ὑμεῖς σὺν αὐτῷ φανερωθήσεσθε ἐν δόξῃ.¶",οταν ὁ χριστος ημων ὁ ζωη φανερωθη τοτε υμεις και φανερωθησεσθε συν αυτω εν δοξη,"STRONGS MISMATCH: word text matches ('ἡμῶν'); expected Strong's (TR/TAGNT G2257, cross-walked to this DB's lexeme numbering: G2257/G4771) vs DB actual 'ημων'=G1473"
Col,3,17,word_substitution,1,yes,"καὶ πᾶν ὅ τι ἂν ποιῆτε ἐν λόγῳ ἢ ἐν ἔργῳ, πάντα ἐν ὀνόματι κυρίου Ἰησοῦ εὐχαριστοῦντες τῷ θεῷ καὶ πατρὶ δι᾽ αὐτοῦ.¶",και πᾶς ὅς τὶς αν ποιητε εν λογω η εν εργω παντα εν ονοματι κυριου ιησου ευχαριστουντες ὁ θεω και πατρι δι αυτου,"DIFFERENT FORM: same Strong's G3956, TR 'πᾶν' vs DB 'πᾶς'"
Col,3,23,word_substitution,1,yes,"καὶ πᾶν ὃ τι ἐὰν ποιῆτε, ἐκ ψυχῆς ἐργάζεσθε ὡς τῷ κυρίῳ καὶ οὐκ ἀνθρώποις·",και πᾶς ὅς τὶς εαν ποιητε εργαζεσθε εκ ψυχης ως ὁ κυριω και ουκ ανθρωποις,"DIFFERENT FORM: same Strong's G3956, TR 'πᾶν' vs DB 'πᾶς'"
Col,4,1,extra_word,1,yes,"Οἱ κύριοι, τὸ δίκαιον καὶ τὴν ἰσότητα τοῖς δούλοις παρέχεσθε εἰδότες ὅτι καὶ ὑμεῖς ἔχετε κύριον ἐν οὐρανοῖς",το ὁ κυριοι παρεχεσθε ὁ ὁ δουλοις δικαιον και ὁ ισοτητα ειδοτες οτι υμεις και εχετε κυριον εν ουρανοις,"EXTRA: DB has 'ὁ' (G3588), no TR counterpart anywhere in verse"
Col,4,8,missing_word,1,yes,"ὃν ἔπεμψα πρὸς ὑμᾶς εἰς αὐτὸ τοῦτο ἵνα γνῷ τὰ περὶ ὑμῶν καὶ παρακαλέσῃ τὰς καρδίας ὑμῶν,",ον επεμψα προς υμας εις αυτο τουτο ινα γνω τα περι και παρακαλεση υμων ὁ καρδιας,"MISSING: TR has 'ὑμῶν' (G5216), no match anywhere in DB verse"
Col,4,13,extra_word,1,yes,μαρτυρῶ γὰρ αὐτῷ ὅτι ἔχει πολὺν ὑπὲρ ὑμῶν καὶ τῶν ἐν Λαοδικείᾳ καὶ τῶν ἐν Ἱεραπόλει.¶,γαρ αυτω μαρτυρω οτι εχει πολυν ζηλον υπερ υμων και των εν λαοδικεια και των εν ιεραπολει,"EXTRA: DB has 'ζηλον' (G2205), no TR counterpart anywhere in verse"
Col,4,18,missing_word,9,yes,Ὁ ἀσπασμὸς τῇ ἐμῇ χειρὶ Παύλου. μνημονεύετέ μου τῶν δεσμῶν. ἡ χάρις μεθ᾽ ὑμῶν ἀμήν. πρός Κολασσαεῖς ἐγράφη ἀπό Ῥώμης διά τυχικοῦ καί Ὀνησίμου.¶,ὁ ασπασμος χειρι ὁ εμη παυλου μνημονευετε μου ὁ δεσμων ὁ χαρις μεθ υμων αμην,"MISSING: TR has 'πρός' (G4314), no match anywhere in DB verse | MISSING: TR has 'Κολασσαεῖς' (G2858), no match anywhere in DB verse | MISSING: TR has 'ἐγράφη' (G1125), no match anywhere in DB verse | MISSING: TR has 'ἀπό' (G0575), no match anywhere in DB verse | MISSING: TR has 'Ῥώμης' (G4516), no match anywhere in DB verse | MISSING: TR has 'διά' (G1223), no match anywhere in DB verse | MISSING: TR has 'τυχικοῦ' (G5190), no match anywhere in DB verse | MISSING: TR has 'καί' (G2532), no match anywhere in DB verse | MISSING: TR has 'Ὀνησίμου.¶' (G3682), no match anywhere in DB verse"
Eph,1,11,extra_word,1,yes,ἐν ᾧ καὶ ἐκληρώθημεν προορισθέντες κατὰ πρόθεσιν τοῦ τὰ πάντα ἐνεργοῦντος κατὰ τὴν βουλὴν τοῦ θελήματος αὐτοῦ,τα αυτω εν ω και εκληρωθημεν προορισθεντες κατα προθεσιν του ενεργουντος παντα κατα ὁ βουλην αυτου ὁ θεληματος,"EXTRA: DB has 'αυτω' (G0846), no TR counterpart anywhere in verse"
Eph,1,21,strongs_mismatch,1,yes,"ὑπεράνω πάσης ἀρχῆς καὶ ἐξουσίας καὶ δυνάμεως καὶ κυριότητος καὶ παντὸς ὀνόματος ὀνομαζομένου οὐ μόνον ἐν τῷ αἰῶνι τούτῳ ἀλλὰ καὶ ἐν τῷ μέλλοντι,",υπερανω πασης αρχης και εξουσιας και δυναμεως και κυριοτητος και παντος ονοματος ονομαζομενου ου μονον εν τουτω ὁ αιωνι αλλα και εν τω μελλοντι,"STRONGS MISMATCH: word text matches ('μόνον'); expected Strong's (TR/TAGNT G3441, cross-walked to this DB's lexeme numbering: G3441) vs DB actual 'μονον'=G3440"
Eph,2,11,word_substitution,1,yes,"Διὸ μνημονεύετε ὅτι ποτὲ ὑμεῖς τὰ ἔθνη ἐν σαρκί, οἱ λεγόμενοι ἀκροβυστία ὑπὸ τῆς λεγομένης περιτομῆς ἐν σαρκὶ χειροποιήτου,",διο μνημονευετε οτι υμεις ποτε ὁ εθνη εν σαρκι οι λεγομενοι ακροβυστια υπο της λεγομενης περιτομης εν σαρκι χειροποιητου,"DIFFERENT FORM: same Strong's G3588, TR 'τὰ' vs DB 'οι'"
Eph,2,13,strongs_mismatch,1,yes,νυνὶ δὲ ἐν Χριστῷ Ἰησοῦ ὑμεῖς οἵ ποτε ὄντες μακρὰν ἐγενήθητε ἐγγὺς ἐν τῷ αἵματι τοῦ Χριστοῦ.,δε νυνι εν χριστω ιησου υμεις οι ποτε οντες μακραν εγενηθητε εγγυς εν ὁ αιματι ὁ χριστου,"STRONGS MISMATCH: word text matches ('οἵ'); expected Strong's (TR/TAGNT G3739, cross-walked to this DB's lexeme numbering: G2228/G2229/G3739) vs DB actual 'οι'=G3588"
Eph,2,15,extra_word,4,yes,"τὸν νόμον τῶν ἐντολῶν ἐν δόγμασιν καταργήσας, ἵνα τοὺς δύο κτίσῃ ἐν ἑαυτῷ εἰς ἕνα καινὸν ἄνθρωπον ποιῶν εἰρήνην,",τους καταργησας αυτου σαρκι ὁ εχθραν ὁ νομον ὁ εντολων εν δογμασιν εις ινα κτιση εν εαυτω δυο ενα καινον ανθρωπον ποιων ειρηνην,"EXTRA: DB has 'αυτου' (G0846), no TR counterpart anywhere in verse | EXTRA: DB has 'σαρκι' (G4561), no TR counterpart anywhere in verse | EXTRA: DB has 'εχθραν' (G2189), no TR counterpart anywhere in verse | EXTRA: DB has 'ὁ' (G3588), no TR counterpart anywhere in verse"
Eph,3,2,mixed_content,2,yes,εἴ γε ἠκούσατε τὴν οἰκονομίαν τῆς χάριτος τοῦ θεοῦ τῆς δοθείσης μοι εἰς ὑμᾶς,ειγε ηκουσατε ὁ οικονομιαν ὁ χαριτος ὁ θεου της δοθεισης μοι εις υμας,"DIFFERENT FORM: same Strong's G1065, TR 'γε' vs DB 'ειγε' | MISSING: TR has 'εἴ' (G1487), no match anywhere in DB verse"
Eph,3,20,mixed_content,3,yes,"Τῷ δὲ δυναμένῳ ὑπὲρ πάντα ποιῆσαι ὑπερεκπερισσοῦ ὧν αἰτούμεθα ἢ νοοῦμεν κατὰ τὴν δύναμιν τὴν ἐνεργουμένην ἐν ἡμῖν,",δε τω δυναμενω ποιησαι εκ περισσου υπερ παντα ων αιτουμεθα η νοουμεν κατα ὁ δυναμιν την ενεργουμενην εν ημιν,"MISSING: TR has 'ὑπερεκπερισσοῦ' (G5228), no match anywhere in DB verse | EXTRA: DB has 'εκ' (G1537), no TR counterpart anywhere in verse | EXTRA: DB has 'περισσου' (G4053), no TR counterpart anywhere in verse"
Eph,4,21,mixed_content,2,yes,"εἴ γε αὐτὸν ἠκούσατε καὶ ἐν αὐτῷ ἐδιδάχθητε, καθώς ἐστιν ἀλήθεια ἐν τῷ Ἰησοῦ,",ειγε ηκουσατε αυτον και εδιδαχθητε εν αυτω καθως αληθεια εστιν εν ὁ ιησου,"DIFFERENT FORM: same Strong's G1065, TR 'γε' vs DB 'ειγε' | MISSING: TR has 'εἴ' (G1487), no match anywhere in DB verse"
Eph,4,22,strongs_mismatch,1,yes,"ἀποθέσθαι ὑμᾶς κατὰ τὴν προτέραν ἀναστροφὴν τὸν παλαιὸν ἄνθρωπον τὸν φθειρόμενον κατὰ τὰς ἐπιθυμίας τῆς ἀπάτης,",τον την υμας αποθεσθαι κατα προτεραν αναστροφην παλαιον ανθρωπον τον φθειρομενον κατα ὁ απατης ὁ επιθυμιας,"STRONGS MISMATCH: word text matches ('προτέραν'); expected Strong's (TR/TAGNT G4387, cross-walked to this DB's lexeme numbering: G4387) vs DB actual 'προτεραν'=G4386"
Eph,4,28,extra_word,1,yes,"ὁ κλέπτων μηκέτι κλεπτέτω, μᾶλλον δὲ κοπιάτω ἐργαζόμενος ταῖς χερσὶν τὸ ἀγαθόν, ἵνα ἔχῃ μεταδιδόναι τῷ χρείαν ἔχοντι.¶",ο κλεπτων κλεπτετω μηκετι δε μαλλον κοπιατω εργαζομενος ὁ ὁ χερσιν το αγαθον ινα εχη μεταδιδοναι τω εχοντι χρειαν,"EXTRA: DB has 'ὁ' (G3588), no TR counterpart anywhere in verse"
Eph,5,13,extra_word,6,yes,τὰ δὲ πάντα ἐλεγχόμενα ὑπὸ τοῦ φωτὸς φανεροῦται·,το δε παντα τα ελεγχομενα φανερουται υπο ὁ φωτος γαρ παν φανερουμενον εστιν φως,"EXTRA: DB has 'ὁ' (G3588), no TR counterpart anywhere in verse | EXTRA: DB has 'γαρ' (G1063), no TR counterpart anywhere in verse | EXTRA: DB has 'παν' (G3956), no TR counterpart anywhere in verse | EXTRA: DB has 'φανερουμενον' (G5319), no TR counterpart anywhere in verse | EXTRA: DB has 'εστιν' (G1510), no TR counterpart anywhere in verse | EXTRA: DB has 'φως' (G5457), no TR counterpart anywhere in verse"
Eph,6,7,extra_word,1,yes,"μετ᾽ εὐνοίας δουλεύοντες τῷ κυρίῳ καὶ οὐκ ἀνθρώποις,",μετ ευνοιας δουλευοντες ως ὁ κυριω και ουκ ανθρωποις,"EXTRA: DB has 'ως' (G5613), no TR counterpart anywhere in verse"
Eph,6,18,word_substitution,1,yes,διὰ πάσης προσευχῆς καὶ δεήσεως προσευχόμενοι ἐν παντὶ καιρῷ ἐν πνεύματι καὶ εἰς αὐτὸ τοῦτο ἀγρυπνοῦντες ἐν πάσῃ προσκαρτερήσει καὶ δεήσει περὶ πάντων τῶν ἁγίων,προσευχομενοι ἐν πᾶς καιρω δια πασης προσευχης και δεησεως εν πνευματι και αγρυπνουντες εἰς αὐτός τουτο εν παση προσκαρτερησει και δεησει περι παντων ὁ αγιων,"DIFFERENT FORM: same Strong's G3956, TR 'παντὶ' vs DB 'πᾶς'"
Eph,6,24,missing_word,7,yes,Ἡ χάρις μετὰ πάντων τῶν ἀγαπώντων τὸν κύριον ἡμῶν Ἰησοῦν Χριστὸν ἐν ἀφθαρσίᾳ ἀμήν πρός Εφέσιους ἐγράφη ἀπό Ῥώμης διά τυχικοῦ.¶,ὁ χαρις μετα παντων των αγαπωντων ημων ὁ κυριον ιησουν χριστον εν αφθαρσια αμην,"MISSING: TR has 'πρός' (G4314), no match anywhere in DB verse | MISSING: TR has 'Εφέσιους' (G2180), no match anywhere in DB verse | MISSING: TR has 'ἐγράφη' (G1125), no match anywhere in DB verse | MISSING: TR has 'ἀπό' (G0575), no match anywhere in DB verse | MISSING: TR has 'Ῥώμης' (G4516), no match anywhere in DB verse | MISSING: TR has 'διά' (G1223), no match anywhere in DB verse | MISSING: TR has 'τυχικοῦ.¶' (G5190), no match anywhere in DB verse"
Gal,1,2,word_substitution,1,yes,καὶ οἱ σὺν ἐμοὶ πάντες ἀδελφοὶ ταῖς ἐκκλησίαις τῆς Γαλατίας·,και παντες αδελφοι ταις συν εμοι εκκλησιαις ὁ γαλατιας οι,"DIFFERENT FORM: same Strong's G3588, TR 'τῆς' vs DB 'οι'"
Gal,1,9,strongs_mismatch,1,yes,"ὡς προειρήκαμεν, καὶ ἄρτι πάλιν λέγω, εἴ τις ὑμᾶς εὐαγγελίζεται παρ᾽ ὃ παρελάβετε, ἀνάθεμα ἔστω.",ως προειρηκαμεν και λεγω αρτι παλιν ει τις ευαγγελιζεται υμας παρ ο παρελαβετε εστω αναθεμα,"STRONGS MISMATCH: word text matches ('προειρήκαμεν,'); expected Strong's (TR/TAGNT G4280, cross-walked to this DB's lexeme numbering: G4280) vs DB actual 'προειρηκαμεν'=G4302"
Gal,1,14,strongs_mismatch,1,yes,καὶ προέκοπτον ἐν τῷ Ἰουδαϊσμῷ ὑπὲρ πολλοὺς συνηλικιώτας ἐν τῷ γένει μου περισσοτέρως ζηλωτὴς ὑπάρχων τῶν πατρικῶν μου παραδόσεων.,και προεκοπτον εν ὁ ιουδαισμω υπερ πολλους συνηλικιωτας εν μου ὁ γενει υπαρχων περισσοτερως ζηλωτης πατρικων μου παραδοσεων των,"STRONGS MISMATCH: word text matches ('περισσοτέρως'); expected Strong's (TR/TAGNT G4056, cross-walked to this DB's lexeme numbering: G4056) vs DB actual 'περισσοτερως'=G4057"
Gal,1,23,strongs_mismatch,1,yes,μόνον δὲ ἀκούοντες ἦσαν ὅτι ὁ διώκων ἡμᾶς ποτε νῦν εὐαγγελίζεται τὴν πίστιν ἥν ποτε ἐπόρθει·,δε ησαν ακουοντες μονον οτι ο διωκων ημας ποτε νυν ευαγγελιζεται ὁ πιστιν ην ποτε επορθει,"STRONGS MISMATCH: word text matches ('μόνον'); expected Strong's (TR/TAGNT G3441, cross-walked to this DB's lexeme numbering: G3441) vs DB actual 'μονον'=G3440"
Gal,2,2,mixed_content,2,yes,"ἀνέβην δὲ κατὰ ἀποκάλυψιν καὶ ἀνεθέμην αὐτοῖς τὸ εὐαγγέλιον ὃ κηρύσσω ἐν τοῖς ἔθνεσιν, κατ᾽ ἰδίαν δὲ τοῖς δοκοῦσιν, μή πως εἰς κενὸν τρέχω ἢ ἔδραμον.",δε ανεβην κατα αποκαλυψιν και ανεθεμην αυτοις ὁ ευαγγελιον ο κηρυσσω εν ὁ εθνεσιν κατ δε ιδιαν τοις δοκουσιν μηπως τρεχω η εδραμον εις κενον,"DIFFERENT FORM: same Strong's G4458, TR 'πως' vs DB 'μηπως' | MISSING: TR has 'μή' (G3361), no match anywhere in DB verse"
Gal,2,10,strongs_mismatch,1,yes,μόνον τῶν πτωχῶν ἵνα μνημονεύωμεν· ὃ καὶ ἐσπούδασα αὐτὸ τοῦτο ποιῆσαι.¶,μονον ινα μνημονευωμεν πτωχων αυτο τουτο ο και εσπουδασα ποιησαι των,"STRONGS MISMATCH: word text matches ('μόνον'); expected Strong's (TR/TAGNT G3441, cross-walked to this DB's lexeme numbering: G3441) vs DB actual 'μονον'=G3440"
Gal,2,13,word_substitution,1,yes,καὶ συνυπεκρίθησαν αὐτῷ καὶ οἱ λοιποὶ Ἰουδαῖοι ὥστε καὶ Βαρναβᾶς συναπήχθη αὐτῶν τῇ ὑποκρίσει.,και λοιποι ιουδαιοι συνυπεκριθησαν και αυτω ωστε βαρναβας και συναπηχθη αυτων ὁ υποκρισει οι,"DIFFERENT FORM: same Strong's G3588, TR 'τῇ' vs DB 'οι'"
Gal,2,20,extra_word,2,yes,"ζῶ δὲ οὐκέτι ἐγώ, ζῇ δὲ ἐν ἐμοὶ Χριστός· ὃ δὲ νῦν ζῶ ἐν σαρκί, ἐν πίστει ζῶ τῇ τοῦ υἱοῦ τοῦ θεοῦ τοῦ ἀγαπήσαντός με καὶ παραδόντος ἑαυτὸν ὑπὲρ ἐμοῦ.",συνεσταυρωμαι χριστω δε ζω ουκετι εγω δε χριστος ζη εν εμοι δε ο νυν ζω εν σαρκι ζω εν πιστει ὁ υιου ὁ θεου του αγαπησαντος με και παραδοντος εαυτον υπερ εμου τη,"EXTRA: DB has 'συνεσταυρωμαι' (G4957), no TR counterpart anywhere in verse | EXTRA: DB has 'χριστω' (G5547), no TR counterpart anywhere in verse"
Gal,3,2,strongs_mismatch,1,yes,τοῦτο μόνον θέλω μαθεῖν ἀφ᾽ ὑμῶν· ἐξ ἔργων νόμου τὸ πνεῦμα ἐλάβετε ἢ ἐξ ἀκοῆς πίστεως;,τουτο μονον θελω μαθειν αφ υμων ελαβετε ὁ πνευμα εξ εργων νομου η εξ ακοης πιστεως,"STRONGS MISMATCH: word text matches ('μόνον'); expected Strong's (TR/TAGNT G3441, cross-walked to this DB's lexeme numbering: G3441) vs DB actual 'μονον'=G3440"
Gal,3,4,mixed_content,2,yes,τοσαῦτα ἐπάθετε εἰκῇ; εἴ γε καὶ εἰκῇ.¶,επαθετε τοσαυτα εικη ειγε και εικη,"DIFFERENT FORM: same Strong's G1065, TR 'γε' vs DB 'ειγε' | MISSING: TR has 'εἴ' (G1487), no match anywhere in DB verse"
Gal,3,8,mixed_content,3,yes,"προϊδοῦσα δὲ ἡ γραφὴ ὅτι ἐκ πίστεως δικαιοῖ τὰ ἔθνη ὁ θεός, προευηγγελίσατο τῷ Ἀβραὰμ ὅτι ἐνευλογηθήσονται ἐν σοὶ πάντα τὰ ἔθνη.",δε ὁ γραφη προιδουσα οτι ὁ θεος δικαιοι ὁ εθνη εκ πιστεως προευηγγελισατο αβρααμ οτι εν σοι ευλογηθησονται παντα ὁ εθνη ευλογηθησονται τω,"MISSING: TR has 'ἐνευλογηθήσονται' (G1757), no match anywhere in DB verse | EXTRA: DB has 'ευλογηθησονται' (G2127), no TR counterpart anywhere in verse | EXTRA: DB has 'ευλογηθησονται' (G2127), no TR counterpart anywhere in verse"
Gal,3,16,extra_word,1,yes,τῷ δὲ Ἀβραὰμ ἐρρέθησαν αἱ ἐπαγγελίαι καὶ τῷ σπέρματι αὐτοῦ. οὐ λέγει· καὶ τοῖς σπέρμασιν ὡς ἐπὶ πολλῶν ἀλλ᾽ ὡς ἐφ᾽ ἑνός· καὶ τῷ σπέρματί σου ὅς ἐστιν Χριστός.,δε αβρααμ και αυτου ὁ σπερματι ὁ επαγγελιαι ερρηθησαν λεγει ου και ὁ σπερμασιν ως επι πολλων αλλ ως εφ ενος και ὁ σου ὁ σπερματι ος εστιν χριστος τω,"EXTRA: DB has 'ὁ' (G3588), no TR counterpart anywhere in verse"
Gal,4,6,strongs_mismatch,1,yes,"ὅτι δέ ἐστε υἱοί, ἐξαπέστειλεν ὁ θεὸς τὸ πνεῦμα τοῦ υἱοῦ αὐτοῦ εἰς τὰς καρδίας ὑμῶν κρᾶζον· αββα ὁ πατήρ.",δε οτι εστε υιοι ὁ θεος εξαπεστειλεν ὁ πνευμα αυτου ὁ υιου εις υμων ὁ καρδιας κραζον αββα ὁ πατηρ,"STRONGS MISMATCH: word text matches ('ὑμῶν'); expected Strong's (TR/TAGNT G5216, cross-walked to this DB's lexeme numbering: G1473/G3165/G5216) vs DB actual 'υμων'=G4771"
Gal,4,11,mixed_content,2,yes,φοβοῦμαι ὑμᾶς μή πως εἰκῇ κεκοπίακα εἰς ὑμᾶς.,φοβουμαι υμας μηπως κεκοπιακα εις υμας εικη,"DIFFERENT FORM: same Strong's G4458, TR 'πως' vs DB 'μηπως' | MISSING: TR has 'μή' (G3361), no match anywhere in DB verse"
Gal,4,13,strongs_mismatch,1,yes,"οἴδατε δὲ ὅτι δι᾽ ἀσθένειαν τῆς σαρκὸς εὐηγγελισάμην ὑμῖν τὸ πρότερον,",οιδατε δε οτι δι ασθενειαν ὁ σαρκος ευηγγελισαμην υμιν προτερον το,"STRONGS MISMATCH: word text matches ('πρότερον,'); expected Strong's (TR/TAGNT G4387, cross-walked to this DB's lexeme numbering: G4387) vs DB actual 'προτερον'=G4386"
Gal,4,14,missing_word,1,yes,"καὶ τὸν πειρασμὸν μου τὸν ἐν τῇ σαρκί μου οὐκ ἐξουθενήσατε οὐδὲ ἐξεπτύσατε, ἀλλ᾽ ὡς ἄγγελον θεοῦ ἐδέξασθέ με, ὡς Χριστὸν Ἰησοῦν.¶",και ὁ πειρασμον τον εν μου ὁ σαρκι εξουθενησατε ουκ ουδε εξεπτυσατε αλλ εδεξασθε με ως αγγελον θεου ως χριστον ιησουν,"MISSING: TR has 'μου' (G3450), no match anywhere in DB verse"
Gal,4,18,strongs_mismatch,1,yes,"καλὸν δὲ τὸ ζηλοῦσθαι ἐν καλῷ πάντοτε, καὶ μὴ μόνον ἐν τῷ παρεῖναί με πρὸς ὑμᾶς,",δε καλον ζηλουσθαι παντοτε εν καλω και μη μονον εν με παρειναι προς υμας το τω,"STRONGS MISMATCH: word text matches ('μόνον'); expected Strong's (TR/TAGNT G3441, cross-walked to this DB's lexeme numbering: G3441) vs DB actual 'μονον'=G3440"
Gal,4,25,extra_word,1,yes,"τὸ γὰρ Ἁγὰρ Σινᾶ ὄρος ἐστὶν ἐν τῇ Ἀραβίᾳ, συστοιχεῖ δὲ τῇ νῦν Ἰερουσαλήμ, δουλεύει δὲ μετὰ τῶν τέκνων αὐτῆς.",γαρ το αγαρ εστιν ορος σινα εν ὁ αραβια δε συστοιχει ιερουσαλημ τη νυν τη δε δουλευει μετα αυτης ὁ τεκνων,"EXTRA: DB has 'ὁ' (G3588), no TR counterpart anywhere in verse"
Gal,4,28,strongs_mismatch,1,yes,"ἡμεῖς δέ, ἀδελφοί, κατὰ Ἰσαὰκ ἐπαγγελίας τέκνα ἐσμέν",δε ημεις αδελφοι κατα ισαακ εσμεν τεκνα επαγγελιας,"STRONGS MISMATCH: word text matches ('ἡμεῖς'); expected Strong's (TR/TAGNT G2249, cross-walked to this DB's lexeme numbering: G2249/G4771) vs DB actual 'ημεις'=G1473"
Gal,5,13,strongs_mismatch,1,yes,"ὑμεῖς γὰρ ἐπ᾽ ἐλευθερίᾳ ἐκλήθητε, ἀδελφοί· μόνον μὴ τὴν ἐλευθερίαν εἰς ἀφορμὴν τῇ σαρκί, ἀλλὰ διὰ τῆς ἀγάπης δουλεύετε ἀλλήλοις.",γαρ αδελφοι υμεις εκληθητε επ ελευθερια μονον μη ὁ ελευθεριαν εις αφορμην ὁ σαρκι αλλα δια ὁ αγαπης δουλευετε αλληλοις,"STRONGS MISMATCH: word text matches ('μόνον'); expected Strong's (TR/TAGNT G3441, cross-walked to this DB's lexeme numbering: G3441) vs DB actual 'μονον'=G3440"
Gal,5,21,mixed_content,2,yes,"φθόνοι, φόνοι, μέθαι, κῶμοι, καὶ τὰ ὅμοια τούτοις· ἃ προλέγω ὑμῖν καθὼς καὶ προεῖπον ὅτι οἱ τὰ τοιαῦτα πράσσοντες βασιλείαν θεοῦ οὐ κληρονομήσουσιν.",φθονοι φονοι μεθαι κωμοι και τουτοις ομοια α υμιν προλεγω καθως προειπον και προειπον οτι οι πρασσοντες τοιαυτα ου κληρονομησουσιν βασιλειαν θεου τα τα,"STRONGS MISMATCH: word text matches ('προεῖπον'); expected Strong's (TR/TAGNT G4277, cross-walked to this DB's lexeme numbering: G4277) vs DB actual 'προειπον'=G4302 | EXTRA: DB has 'προειπον' (G4302), no TR counterpart anywhere in verse"
Gal,5,23,word_substitution,1,yes,"πραΰτης, ἐγκράτεια· κατὰ τῶν τοιούτων οὐκ ἔστιν νόμος.",πραοτης εγκρατεια κατα τοιουτων εστιν ουκ νομος των,"DIFFERENT FORM: same Strong's G4240, TR 'πραΰτης,' vs DB 'πραοτης'"
Gal,6,12,strongs_mismatch,1,yes,"ὅσοι θέλουσιν εὐπροσωπῆσαι ἐν σαρκί, οὗτοι ἀναγκάζουσιν ὑμᾶς περιτέμνεσθαι, μόνον ἵνα τῷ σταυρῷ τοῦ Χριστοῦ μὴ διώκωνται·",οσοι θελουσιν ευπροσωπησαι εν σαρκι ουτοι αναγκαζουσιν υμας περιτεμνεσθαι μονον ινα μη διωκωνται ὁ σταυρω ὁ χριστου,"STRONGS MISMATCH: word text matches ('μόνον'); expected Strong's (TR/TAGNT G3441, cross-walked to this DB's lexeme numbering: G3441) vs DB actual 'μονον'=G3440"
Gal,6,18,missing_word,5,yes,"Ἡ χάρις τοῦ κυρίου ἡμῶν Ἰησοῦ Χριστοῦ μετὰ τοῦ πνεύματος ὑμῶν, ἀδελφοί. ἀμήν. πρός Γαλάτας ἐγράφη ἀπό Ῥώμης.¶",αδελφοι ὁ χαρις ημων ὁ κυριου ιησου χριστου μετα υμων ὁ πνευματος αμην,"MISSING: TR has 'πρός' (G4314), no match anywhere in DB verse | MISSING: TR has 'Γαλάτας' (G1052), no match anywhere in DB verse | MISSING: TR has 'ἐγράφη' (G1125), no match anywhere in DB verse | MISSING: TR has 'ἀπό' (G0575), no match anywhere in DB verse | MISSING: TR has 'Ῥώμης.¶' (G4516), no match anywhere in DB verse"
Heb,2,1,strongs_mismatch,1,yes,"Διὰ τοῦτο δεῖ περισσοτέρως προσέχειν ἡμᾶς τοῖς ἀκουσθεῖσιν, μήποτε παραρρυῶμεν",δια τουτο ημας δει περισσοτερως προσεχειν ακουσθεισιν μηποτε παραρρυωμεν τοις,"STRONGS MISMATCH: word text matches ('περισσοτέρως'); expected Strong's (TR/TAGNT G4056, cross-walked to this DB's lexeme numbering: G4056) vs DB actual 'περισσοτερως'=G4057"
Heb,2,10,extra_word,1,yes,"ἔπρεπεν γὰρ αὐτῷ, δι᾽ ὃν τὰ πάντα καὶ δι᾽ οὗ τὰ πάντα, πολλοὺς υἱοὺς εἰς δόξαν ἀγαγόντα, τὸν ἀρχηγὸν τῆς σωτηρίας αὐτῶν διὰ παθημάτων τελειῶσαι.",γαρ επρεπεν αυτω δι ον παντα και δι ου παντα αγαγοντα πολλους υιους εις δοξαν ὁ αρχηγον ὁ αυτων ὁ σωτηριας τελειωσαι δια παθηματων τα τα,"EXTRA: DB has 'ὁ' (G3588), no TR counterpart anywhere in verse"
Heb,2,17,extra_word,1,yes,"ὅθεν ὤφειλεν κατὰ πάντα τοῖς ἀδελφοῖς ὁμοιωθῆναι, ἵνα ἐλεήμων γένηται καὶ πιστὸς ἀρχιερεὺς τὰ πρὸς τὸν θεὸν εἰς τὸ ἱλάσκεσθαι τὰς ἁμαρτίας τοῦ λαοῦ.",οθεν κατα παντα ωφειλεν ομοιωθηναι ὁ ὁ αδελφοις ινα γενηται ελεημων και πιστος αρχιερευς προς ὁ θεον εις ιλασκεσθαι ὁ αμαρτιας ὁ λαου τα το,"EXTRA: DB has 'ὁ' (G3588), no TR counterpart anywhere in verse"
Heb,3,6,mixed_content,2,yes,"Χριστὸς δὲ ὡς υἱὸς ἐπὶ τὸν οἶκον αὐτοῦ, οὗ οἶκός ἐσμεν ἡμεῖς ἐάνπερ τὴν παρρησίαν καὶ τὸ καύχημα τῆς ἐλπίδος μέχρι τέλους βεβαίαν κατάσχωμεν.¶",δε χριστος ως υιος επι αυτου ὁ οικον ου οικος εσμεν ἐάν εανπερ ημεις κατασχωμεν ὁ παρρησιαν και ὁ καυχημα ὁ ελπιδος βεβαιαν μεχρι τελους,"STRONGS MISMATCH: word text matches ('ἐάνπερ'); expected Strong's (TR/TAGNT G1437, cross-walked to this DB's lexeme numbering: G1437) vs DB actual 'εανπερ'=G4007 | EXTRA: DB has 'ἐάν' (G1437), no TR counterpart anywhere in verse"
Heb,3,7,extra_word,1,yes,"Διό, καθὼς λέγει τὸ πνεῦμα τὸ ἅγιον, σήμερον ἐὰν τῆς φωνῆς αὐτοῦ ἀκούσητε,",διο καθως ὁ αγιον ὁ πνευμα λεγει σημερον εαν ακουσητε αυτου ὁ φωνης το,"EXTRA: DB has 'ὁ' (G3588), no TR counterpart anywhere in verse"
Heb,3,9,extra_word,2,yes,οὗ ἐπείρασαν με οἱ πατέρες ὑμῶν ἐδοκιμασάν με καὶ εἶδον τὰ ἔργα μου,ου υμων ὁ πατερες επειρασαν με εδοκιμασαν με και ειδον μου ὁ εργα τεσσαρακοντα ετη,"EXTRA: DB has 'τεσσαρακοντα' (G5062), no TR counterpart anywhere in verse | EXTRA: DB has 'ετη' (G2094), no TR counterpart anywhere in verse"
Heb,3,14,mixed_content,2,yes,μέτοχοι γὰρ τοῦ Χριστοῦ γεγόναμεν ἐάνπερ τὴν ἀρχὴν τῆς ὑποστάσεως μέχρι τέλους βεβαίαν κατάσχωμεν·,γαρ γεγοναμεν μετοχοι ὁ χριστου ἐάν εανπερ κατασχωμεν ὁ αρχην ὁ υποστασεως βεβαιαν μεχρι τελους,"STRONGS MISMATCH: word text matches ('ἐάνπερ'); expected Strong's (TR/TAGNT G1437, cross-walked to this DB's lexeme numbering: G1437) vs DB actual 'εανπερ'=G4007 | EXTRA: DB has 'ἐάν' (G1437), no TR counterpart anywhere in verse"
Heb,4,3,word_substitution,1,yes,Εἰσερχόμεθα γὰρ εἰς τὴν κατάπαυσιν οἱ πιστεύσαντες καθὼς εἴρηκεν· ὡς ὤμοσα ἐν τῇ ὀργῇ μου· εἰ εἰσελεύσονται εἰς τὴν κατάπαυσίν μου· καίτοι τῶν ἔργων ἀπὸ καταβολῆς κόσμου γενηθέντων.,γαρ πιστευσαντες εισερχομεθα εις ὁ καταπαυσιν καθως ειρηκεν ως ωμοσα εν μου ὁ οργη ει εισελευσονται εις μου ὁ καταπαυσιν καιτοι ὁ εργων γενηθεντων απο καταβολης κοσμου οι,"DIFFERENT FORM: same Strong's G3588, TR 'τῶν' vs DB 'οι'"
Heb,4,4,extra_word,1,yes,εἴρηκεν γάρ που περὶ τῆς ἑβδόμης οὕτως· καὶ κατέπαυσεν ὁ θεὸς ἐν τῇ ἡμέρᾳ τῇ ἑβδόμῃ ἀπὸ πάντων τῶν ἔργων αὐτοῦ.,γαρ ειρηκεν που περι εβδομης ουτως και ὁ θεος κατεπαυσεν εν ὁ εβδομη ὁ ημερα απο παντων αυτου ὁ εργων της τη,"EXTRA: DB has 'ὁ' (G3588), no TR counterpart anywhere in verse"
Heb,4,15,mixed_content,2,yes,"οὐ γὰρ ἔχομεν ἀρχιερέα μὴ δυνάμενον συμπαθῆσαι ταῖς ἀσθενείαις ἡμῶν, πεπειραμένον δὲ κατὰ πάντα καθ᾽ ὁμοιότητα χωρὶς ἁμαρτίας.",γαρ εχομεν ου αρχιερεα μή δυναμενον συμπαθησαι ημων ὁ ασθενειαις δε πεπειρασμενον κατα παντα πεπειρασμενον ομοιοτητα καθ χωρις αμαρτιας,"DIFFERENT FORM: same Strong's G3987, TR 'πεπειραμένον' vs DB 'πεπειρασμενον' | EXTRA: DB has 'πεπειρασμενον' (G3985), no TR counterpart anywhere in verse"
Heb,5,3,strongs_mismatch,1,yes,"καὶ δι᾽ ταύτην ὀφείλει, καθὼς περὶ τοῦ λαοῦ οὕτως καὶ περὶ αὐτοῦ προσφέρειν ὑπὲρ ἁμαρτιῶν.",και διά ταυτην οφειλει καθως περι ὁ λαου ουτως και περι εαυτου προσφερειν υπερ αμαρτιων,"STRONGS MISMATCH: word text matches ('ταύτην'); expected Strong's (TR/TAGNT G5026, cross-walked to this DB's lexeme numbering: G0846/G5026) vs DB actual 'ταυτην'=G3778"
Heb,5,7,extra_word,1,yes,"ὃς ἐν ταῖς ἡμέραις τῆς σαρκὸς αὐτοῦ δεήσεις τε καὶ ἱκετηρίας πρὸς τὸν δυνάμενον σῴζειν αὐτὸν ἐκ θανάτου μετὰ κραυγῆς ἰσχυρᾶς καὶ δακρύων προσενέγκας καὶ εἰσακουσθεὶς ἀπὸ τῆς εὐλαβείας,",ος εν ὁ ημεραις ὁ αυτου ὁ σαρκος προσενεγκας τε δεησεις και ικετηριας μετα ισχυρας κραυγης και δακρυων προς δυναμενον σωζειν αυτον εκ θανατου και εισακουσθεις απο ὁ ευλαβειας τον,"EXTRA: DB has 'ὁ' (G3588), no TR counterpart anywhere in verse"
Heb,5,12,extra_word,1,yes,"καὶ γὰρ ὀφείλοντες εἶναι διδάσκαλοι διὰ τὸν χρόνον, πάλιν χρείαν ἔχετε τοῦ διδάσκειν ὑμᾶς τίνα τὰ στοιχεῖα τῆς ἀρχῆς τῶν λογίων τοῦ θεοῦ καὶ γεγόνατε χρείαν ἔχοντες γάλακτος καὶ οὐ στερεᾶς τροφῆς.",γαρ και δια ὁ χρονον οφειλοντες ειναι διδασκαλοι εχετε χρειαν τινα διδασκειν υμας παλιν ὁ ὁ αρχης ὁ στοιχεια ὁ λογιων ὁ θεου και γεγονατε εχοντες χρειαν γαλακτος και ου στερεας τροφης του,"EXTRA: DB has 'ὁ' (G3588), no TR counterpart anywhere in verse"
Heb,6,3,mixed_content,2,yes,καὶ τοῦτο ποιήσομεν ἐάνπερ ἐπιτρέπῃ ὁ θεός.,και τουτο ποιησομεν ἐάν εανπερ ὁ θεος επιτρεπη,"STRONGS MISMATCH: word text matches ('ἐάνπερ'); expected Strong's (TR/TAGNT G1437, cross-walked to this DB's lexeme numbering: G1437) vs DB actual 'εανπερ'=G4007 | EXTRA: DB has 'ἐάν' (G1437), no TR counterpart anywhere in verse"
Heb,6,4,extra_word,1,yes,"ἀδύνατον γὰρ τοὺς ἅπαξ φωτισθέντας, γευσαμένους τε τῆς δωρεᾶς τῆς ἐπουρανίου καὶ μετόχους γενηθέντας πνεύματος ἁγίου",γαρ αδυνατον απαξ φωτισθεντας τε γευσαμενους ὁ επουρανιου ὁ δωρεας και γενηθεντας μετοχους αγιου πνευματος τους της,"EXTRA: DB has 'ὁ' (G3588), no TR counterpart anywhere in verse"
Heb,6,10,word_substitution,1,yes,οὐ γὰρ ἄδικος ὁ θεὸς ἐπιλαθέσθαι τοῦ ἔργου ὑμῶν καὶ τοῦ κόπου τῆς ἀγάπης ἧς ἐνεδείξασθε εἰς τὸ ὄνομα αὐτοῦ διακονήσαντες τοῖς ἁγίοις καὶ διακονοῦντες.,γαρ ὁ θεος ου αδικος επιλαθεσθαι υμων ὁ εργου και ὁ κοπου ὁ αγαπης ης ενδειξασθε εις αυτου ὁ ονομα διακονησαντες ὁ αγιοις και διακονουντες,"DIFFERENT FORM: same Strong's G1731, TR 'ἐνεδείξασθε' vs DB 'ενδειξασθε'"
Heb,6,14,strongs_mismatch,1,no,λέγων· Ἤ μὴν εὐλογῶν εὐλογήσω σε καὶ πληθύνων πληθυνῶ σε·,λεγων η μην ευλογων ευλογησω σε και πληθυνων πληθυνω σε,"STRONGS MISMATCH: word text matches ('Ἤ'); expected Strong's (TR/TAGNT G2228, cross-walked to this DB's lexeme numbering: G1487/G1488/G2228) vs DB actual 'η'=G2229"
Heb,6,17,strongs_mismatch,1,yes,"ἐν ᾧ περισσότερον βουλόμενος ὁ θεὸς ἐπιδεῖξαι τοῖς κληρονόμοις τῆς ἐπαγγελίας τὸ ἀμετάθετον τῆς βουλῆς αὐτοῦ ἐμεσίτευσεν ὅρκῳ,",ἐν ω ὁ θεος βουλομενος περισσοτερον επιδειξαι ὁ κληρονομοις ὁ επαγγελιας ὁ αμεταθετον αυτου ὁ βουλης εμεσιτευσεν ορκω,"STRONGS MISMATCH: word text matches ('περισσότερον'); expected Strong's (TR/TAGNT G4054, cross-walked to this DB's lexeme numbering: G4054) vs DB actual 'περισσοτερον'=G4053"
Heb,7,1,extra_word,1,yes,"Οὗτος γὰρ ὁ Μελχισέδεκ, βασιλεὺς Σαλήμ, ἱερεὺς τοῦ θεοῦ τοῦ ὑψίστου, ὃς συναντήσας Ἀβραὰμ ὑποστρέφοντι ἀπὸ τῆς κοπῆς τῶν βασιλέων καὶ εὐλογήσας αὐτόν,",γαρ ουτος μελχισεδεκ βασιλευς σαλημ ιερευς ὁ υψιστου ὁ θεου συναντησας αβρααμ υποστρεφοντι απο ὁ κοπης ὁ βασιλεων και ευλογησας αυτον ο του ο,"EXTRA: DB has 'ο' (G3588), no TR counterpart anywhere in verse"
Heb,7,5,extra_word,1,yes,"καὶ οἱ μὲν ἐκ τῶν υἱῶν Λευὶ τὴν ἱερατείαν λαμβάνοντες ἐντολὴν ἔχουσιν ἀποδεκατοῦν τὸν λαὸν κατὰ τὸν νόμον, τοῦτ᾽ ἔστιν τοὺς ἀδελφοὺς αὐτῶν, καίπερ ἐξεληλυθότας ἐκ τῆς ὀσφύος Ἀβραάμ.",και μεν εκ ὁ υιων λευι λαμβανοντες ὁ ιερατειαν εχουσιν εντολην αποδεκατουν ὁ λαον κατα ὁ νομον τουτ εστιν ὁ αυτων ὁ αδελφους καιπερ εξεληλυθοτας εκ ὁ οσφυος αβρααμ οι,"EXTRA: DB has 'οι' (G3588), no TR counterpart anywhere in verse"
Heb,7,14,strongs_mismatch,1,yes,πρόδηλον γὰρ ὅτι ἐξ Ἰούδα ἀνατέταλκεν ὁ κύριος ἡμῶν εἰς ἣν φυλὴν περὶ ἱερωσύνης οὐδὲν Μωϋσῆς ἐλάλησεν.¶,γαρ προδηλον οτι ημων ὁ κυριος ανατεταλκεν εξ ιουδα εις ην φυλην μωσης ελαλησεν ουδεν περι ιερωσυνης,"STRONGS MISMATCH: word text matches ('Ἰούδα'); expected Strong's (TR/TAGNT G2455, cross-walked to this DB's lexeme numbering: G2455) vs DB actual 'ιουδα'=G2448"
Heb,7,15,strongs_mismatch,1,yes,"Καὶ περισσότερον ἔτι κατάδηλόν ἐστιν, εἰ κατὰ τὴν ὁμοιότητα Μελχισέδεκ ἀνίσταται ἱερεὺς ἕτερος,",και εστιν ετι περισσοτερον καταδηλον ει κατα ὁ ομοιοτητα μελχισεδεκ ανισταται ετερος ιερευς,"STRONGS MISMATCH: word text matches ('περισσότερον'); expected Strong's (TR/TAGNT G4054, cross-walked to this DB's lexeme numbering: G4054) vs DB actual 'περισσοτερον'=G4053"
Heb,7,21,extra_word,7,yes,ὁ δὲ μετὰ ὁρκωμοσίας διὰ τοῦ λέγοντος πρὸς αὐτόν· ὤμοσεν κύριος καὶ οὐ μεταμεληθήσεται· σὺ ἱερεὺς εἰς τὸν αἰῶνα κατὰ τὴν τάξιν Μελχισεδέκ·,γαρ μεν ιερεις εισιν γεγονοτες χωρις δε ο μετα ορκωμοσιας δια λεγοντος προς αυτον κυριος ωμοσεν και ου μεταμεληθησεται συ ιερευς εις ὁ αιωνα κατα ὁ ταξιν μελχισεδεκ οι του,"EXTRA: DB has 'γαρ' (G1063), no TR counterpart anywhere in verse | EXTRA: DB has 'μεν' (G3303), no TR counterpart anywhere in verse | EXTRA: DB has 'ιερεις' (G2409), no TR counterpart anywhere in verse | EXTRA: DB has 'εισιν' (G1510), no TR counterpart anywhere in verse | EXTRA: DB has 'γεγονοτες' (G1096), no TR counterpart anywhere in verse | EXTRA: DB has 'χωρις' (G5565), no TR counterpart anywhere in verse | EXTRA: DB has 'οι' (G3588), no TR counterpart anywhere in verse"
Heb,7,24,extra_word,1,yes,ὁ δὲ διὰ τὸ μένειν αὐτὸν εἰς τὸν αἰῶνα ἀπαράβατον ἔχει τὴν ἱερωσύνην·,δε ο δια αυτον μενειν εις ὁ αιωνα εχει ὁ απαραβατον ὁ ιερωσυνην το,"EXTRA: DB has 'ὁ' (G3588), no TR counterpart anywhere in verse"
Heb,8,2,extra_word,1,yes,"τῶν ἁγίων λειτουργὸς καὶ τῆς σκηνῆς τῆς ἀληθινῆς, ἣν ἔπηξεν ὁ κύριος, καὶ οὐκ ἄνθρωπος.",λειτουργος αγιων και ὁ αληθινης ὁ σκηνης ην ὁ κυριος επηξεν και ουκ ανθρωπος των της,"EXTRA: DB has 'ὁ' (G3588), no TR counterpart anywhere in verse"
Heb,8,8,strongs_mismatch,1,yes,"μεμφόμενος γὰρ αὐτοῖς λέγει· ἰδοὺ ἡμέραι ἔρχονται, λέγει κύριος, καὶ συντελέσω ἐπὶ τὸν οἶκον Ἰσραὴλ καὶ ἐπὶ τὸν οἶκον Ἰούδα διαθήκην καινήν,",γαρ μεμφομενος αυτοις λεγει ιδου ημεραι ερχονται λεγει κυριος και συντελεσω καινην διαθηκην επι ὁ οικον ισραηλ και επι ὁ οικον ιουδα,"STRONGS MISMATCH: word text matches ('Ἰούδα'); expected Strong's (TR/TAGNT G2455, cross-walked to this DB's lexeme numbering: G2455) vs DB actual 'ιουδα'=G2448"
Heb,9,1,missing_word,1,yes,"Εἶχεν μὲν οὖν καὶ ἡ πρώτη σκηνή δικαιώματα λατρείας, τό τε ἅγιον κοσμικόν.",ουν μεν πρωτη ειχεν και δικαιωματα λατρειας τε ὁ κοσμικον ὁ αγιον,"MISSING: TR has 'σκηνή' (G4633), no match anywhere in DB verse"
Heb,9,3,word_substitution,1,yes,μετὰ δὲ τὸ δεύτερον καταπέτασμα σκηνὴ ἡ λεγομένη ἅγια ἁγίων,δε μετα δευτερον ὁ καταπετασμα σκηνη ὁ λεγομενη ἅγιος αγιων,"DIFFERENT FORM: same Strong's G0039, TR 'ἅγια' vs DB 'ἅγιος'"
Heb,9,6,missing_word,1,yes,τούτων δὲ οὕτως κατεσκευασμένων εἰς μὲν τὴν πρώτην σκηνὴν διὰ διαπαντός εἰσίασιν οἱ ἱερεῖς τὰς λατρείας ἐπιτελοῦντες·,δε τουτων ουτως κατεσκευασμενων ὁ ιερεις εισιασιν διαπαντος εις μεν πρωτην σκηνην επιτελουντες ὁ λατρειας την,"MISSING: TR has 'διὰ' (G1223), no match anywhere in DB verse"
Heb,9,10,strongs_mismatch,1,yes,"μόνον ἐπὶ βρώμασιν καὶ πόμασιν καὶ διαφόροις βαπτισμοῖς, καὶ δικαιώμασιν σαρκὸς μέχρι καιροῦ διορθώσεως ἐπικείμενα.¶",μονον επι βρωμασιν και πομασιν και διαφοροις βαπτισμοις και σαρκος δικαιωμασιν επικειμενα μεχρι καιρου διορθωσεως,"STRONGS MISMATCH: word text matches ('μόνον'); expected Strong's (TR/TAGNT G3441, cross-walked to this DB's lexeme numbering: G3441) vs DB actual 'μονον'=G3440"
Heb,9,11,extra_word,1,yes,"Χριστὸς δὲ παραγενόμενος ἀρχιερεὺς τῶν μελλόντων ἀγαθῶν διὰ τῆς μείζονος καὶ τελειοτέρας σκηνῆς οὐ χειροποιήτου, τοῦτ᾽ ἔστιν οὐ ταύτης τῆς κτίσεως,",δε χριστος παραγενομενος αρχιερευς αγαθων μελλοντων δια μειζονος και τελειοτερας σκηνης ου χειροποιητου τουτ εστιν ου ὁ ταυτης ὁ κτισεως των της,"EXTRA: DB has 'ὁ' (G3588), no TR counterpart anywhere in verse"
Heb,9,14,strongs_mismatch,1,yes,"πόσῳ μᾶλλον τὸ αἷμα τοῦ Χριστοῦ, ὃς διὰ πνεύματος αἰωνίου ἑαυτὸν προσήνεγκεν ἄμωμον τῷ θεῷ, καθαριεῖ τὴν συνείδησιν ὑμῶν ἀπὸ νεκρῶν ἔργων εἰς τὸ λατρεύειν θεῷ ζῶντι;¶",ποσω μαλλον ὁ αιμα ὁ χριστου ος δια αιωνιου πνευματος προσηνεγκεν εαυτον αμωμον ὁ θεω καθαριει υμων ὁ συνειδησιν απο νεκρων εργων εις λατρευειν ζωντι θεω το,"STRONGS MISMATCH: word text matches ('ὑμῶν'); expected Strong's (TR/TAGNT G5216, cross-walked to this DB's lexeme numbering: G1473/G3165/G5216) vs DB actual 'υμων'=G4771"
Heb,9,15,extra_word,2,yes,"Καὶ διὰ τοῦτο διαθήκης καινῆς μεσίτης ἐστίν, ὅπως θανάτου γενομένου εἰς ἀπολύτρωσιν τῶν ἐπὶ τῇ πρώτῃ διαθήκῃ παραβάσεων τὴν ἐπαγγελίαν λάβωσιν οἱ κεκλημένοι τῆς αἰωνίου κληρονομίας.",και δια τουτο εστιν μεσιτης διαθηκης καινης διαθηκης οπως γενομενου θανατου εις απολυτρωσιν παραβασεων επι διαθηκη ὁ πρωτη διαθηκη ὁ κεκλημενοι λαβωσιν ὁ επαγγελιαν ὁ αιωνιου ὁ κληρονομιας,"EXTRA: DB has 'διαθηκη' (G1242), no TR counterpart anywhere in verse | EXTRA: DB has 'διαθηκη' (G1242), no TR counterpart anywhere in verse"
Heb,10,10,missing_word,1,yes,ἐν ᾧ θελήματι ἡγιασμένοι ἐσμὲν οἱ διὰ τῆς προσφορᾶς τοῦ σώματος τοῦ Ἰησοῦ Χριστοῦ ἐφάπαξ.¶,εν ω θεληματι εσμεν ηγιασμενοι δια ὁ προσφορας ὁ σωματος ὁ ιησου χριστου εφαπαξ,"MISSING: TR has 'τοῦ' (G3588), no match anywhere in DB verse"
Heb,10,13,word_substitution,1,yes,τὸ λοιπὸν ἐκδεχόμενος ἕως τεθῶσιν οἱ ἐχθροὶ αὐτοῦ ὑποπόδιον τῶν ποδῶν αὐτοῦ.,λοιπον εκδεχομενος εως αυτου εχθροι τεθωσιν αυτου υποποδιον ὁ ποδων το οι,"DIFFERENT FORM: same Strong's G3588, TR 'τῶν' vs DB 'οι'"
Heb,10,15,strongs_mismatch,1,yes,μαρτυρεῖ δὲ ἡμῖν καὶ τὸ πνεῦμα τὸ ἅγιον· μετὰ γὰρ τὸ προειρηκέναι,ὁ αγιον ὁ πνευμα και μαρτυρει δε ημιν γαρ μετα ὁ προειρηκεναι,"STRONGS MISMATCH: word text matches ('προειρηκέναι'); expected Strong's (TR/TAGNT G4280, cross-walked to this DB's lexeme numbering: G2036/G2046/G4280) vs DB actual 'προειρηκεναι'=G4302"
Heb,10,34,extra_word,2,yes,καὶ γὰρ τοῖς συνεπαθήσατε καὶ τὴν ἁρπαγὴν τῶν ὑπαρχόντων ὑμῶν μετὰ χαρᾶς προσεδέξασθε γινώσκοντες ἔχειν ἐν ἑαυτοῖς κρείττονα ὕπαρξιν ἐν οὐρανοῖς καὶ μένουσαν.,και γαρ συνεπαθησατε μου ὁ δεσμοις και προσεδεξασθε μετα χαρας ὁ αρπαγην υμων υπαρχοντων γινωσκοντες εν εαυτοις εχειν εν ουρανοις κρειττονα και μενουσαν υπαρξιν των,"EXTRA: DB has 'μου' (G1473), no TR counterpart anywhere in verse | EXTRA: DB has 'δεσμοις' (G1199), no TR counterpart anywhere in verse"
Heb,11,4,word_substitution,1,yes,"Πίστει πλείονα θυσίαν Ἅβελ παρὰ Κάϊν προσήνεγκεν τῷ θεῷ, δι᾽ ἧς ἐμαρτυρήθη εἶναι δίκαιος μαρτυροῦντος ἐπὶ τοῖς δώροις αὐτοῦ τοῦ θεοῦ· καὶ δι᾽ αὐτῆς ἀποθανὼν ἔτι λαλεῖται",πιστει αβελ προσηνεγκεν ὁ θεω πλειονα θυσιαν παρα καιν δι ης εμαρτυρηθη ειναι δικαιος ὁ θεου μαρτυρουντος επι αυτου ὁ δωροις και δι αυτης αποθανων ετι λαλει,"DIFFERENT FORM: same Strong's G2980, TR 'λαλεῖται' vs DB 'λαλει'"
Heb,11,5,extra_word,1,yes,Πίστει Ἑνὼχ μετετέθη τοῦ μὴ ἰδεῖν θάνατον καὶ οὐχ ηὑρίσκετο διότι μετέθηκεν αὐτὸν ὁ θεός· πρὸ γὰρ τῆς μεταθέσεως αὐτοῦ μεμαρτύρηται εὐαρεστηκέναι τῷ θεῷ·,πιστει ενωχ μετετεθη ιδειν μη ιδειν θανατον και ουχ ευρισκετο διοτι ὁ θεος μετεθηκεν αυτον γαρ προ αυτου ὁ μεταθεσεως μεμαρτυρηται ευηρεστηκεναι ὁ θεω του,"EXTRA: DB has 'ιδειν' (G3708), no TR counterpart anywhere in verse"
Heb,11,12,extra_word,1,yes,"διὸ καὶ ἀφ᾽ ἑνὸς ἐγεννήθησαν, καὶ ταῦτα νενεκρωμένου, καθὼς τὰ ἄστρα τοῦ οὐρανοῦ τῷ πλήθει καὶ ὡσεὶ ἄμμος ἡ παρὰ τὸ χεῖλος τῆς θαλάσσης ἡ ἀναρίθμητος.¶",διο εγεννηθησαν και αφ ενος και ταυτα νενεκρωμενου καθως ὁ αστρα ὁ ουρανου ὁ πληθει και ωσει αμμος η παρα ὁ ὁ θαλασσης ὁ χειλος ὁ αναριθμητος,"EXTRA: DB has 'ὁ' (G3588), no TR counterpart anywhere in verse"
Heb,11,37,word_substitution,1,yes,"ἐλιθάσθησαν, ἐπρίσθησαν, ἐπειράσθησαν, ἐν φόνῳ μαχαίρης ἀπέθανον· περιῆλθον ἐν μηλωταῖς, ἐν αἰγείοις δέρμασιν, ὑστερούμενοι, θλιβόμενοι, κακουχούμενοι,",ελιθασθησαν επρισθησαν επειρασθησαν απεθανον εν φονω μαχαιρας περιηλθον εν μηλωταις εν αἴγειος δερμασιν υστερουμενοι θλιβομενοι κακουχουμενοι,"DIFFERENT FORM: same Strong's G0122, TR 'αἰγείοις' vs DB 'αἴγειος'"
Heb,12,7,strongs_mismatch,1,yes,"εἰς παιδείαν ὑπομένετε, ὡς υἱοῖς ὑμῖν προσφέρεται ὁ θεός· τίς γὰρ ἐστιν υἱὸς ὃν οὐ παιδεύει πατήρ;",ει υπομενετε παιδειαν ὁ θεος προσφερεται υμιν ως υιοις γαρ τις υιος εστιν ον πατηρ παιδευει ου,"STRONGS MISMATCH: word text matches ('εἰς'); expected Strong's (TR/TAGNT G1519, cross-walked to this DB's lexeme numbering: G1519/G1520) vs DB actual 'ει'=G1487"
Heb,12,9,extra_word,1,yes,εἶτα τοὺς μὲν τῆς σαρκὸς ἡμῶν πατέρας εἴχομεν παιδευτὰς καὶ ἐνετρεπόμεθα· οὐ πολλῷ μᾶλλον ὑποταγησόμεθα τῷ πατρὶ τῶν πνευμάτων καὶ ζήσομεν;,ειτα τους μεν ειχομεν πατερας ὁ ημων ὁ σαρκος παιδευτας και ενετρεπομεθα ου πολλω μαλλον υποταγησομεθα ὁ πατρι ὁ πνευματων και ζησομεν,"EXTRA: DB has 'ὁ' (G3588), no TR counterpart anywhere in verse"
Heb,12,13,extra_word,1,yes,"καὶ τροχιὰς ὀρθὰς ποιήσατε τοῖς ποσὶν ὑμῶν, ἵνα μὴ τὸ χωλὸν ἐκτραπῇ, ἰαθῇ δὲ μᾶλλον.",και ποιησατε ορθας τροχιας ὁ υμων ὁ ποσιν ινα μη χωλον εκτραπη δε μαλλον ιαθη το,"EXTRA: DB has 'ὁ' (G3588), no TR counterpart anywhere in verse"
Heb,12,15,strongs_mismatch,1,yes,"ἐπισκοποῦντες μή τις ὑστερῶν ἀπὸ τῆς χάριτος τοῦ θεοῦ, μή τις ῥίζα πικρίας ἄνω φύουσα ἐνοχλῇ, καὶ δι᾽ ταύτης μιανθῶσιν πολλοί·",επισκοπουντες μη τις υστερων απο ὁ χαριτος ὁ θεου μη τις ριζα πικριας φυουσα ανω ενοχλη και διά ταυτης πολλοι μιανθωσιν,"STRONGS MISMATCH: word text matches ('ταύτης'); expected Strong's (TR/TAGNT G5026, cross-walked to this DB's lexeme numbering: G0846/G5026) vs DB actual 'ταυτης'=G3778"
Heb,12,23,extra_word,1,yes,καὶ ἐκκλησίᾳ πρωτοτόκων ἀπογεγραμμένων ἐν οὐρανοῖς καὶ κριτῇ θεῷ πάντων καὶ πνεύμασιν δικαίων τετελειωμένων,πανηγυρει και εκκλησια πρωτοτοκων απογεγραμμενων εν ουρανοις και θεω κριτη παντων και πνευμασιν δικαιων τετελειωμενων,"EXTRA: DB has 'πανηγυρει' (G3831), no TR counterpart anywhere in verse"
Heb,12,25,word_substitution,1,yes,"Βλέπετε μὴ παραιτήσησθε τὸν λαλοῦντα· εἰ γὰρ ἐκεῖνοι οὐκ ἔφυγον ἐπὶ τῆς γῆς παραιτησάμενοι τὸν χρηματίζοντα, πολλῷ μᾶλλον ἡμεῖς οἱ τὸν ἀπ᾽ οὐρανῶν ἀποστρεφόμενοι,",βλεπετε παραιτησησθε μη λαλουντα γαρ ει εκεινοι εφυγον ουκ παραιτησαμενοι χρηματιζοντα επι ὁ γης πολλω μαλλον ημεις αποστρεφομενοι τον απ ουρανων τον τον οι,"DIFFERENT FORM: same Strong's G3588, TR 'τῆς' vs DB 'οι'"
Heb,12,26,strongs_mismatch,1,yes,"οὗ ἡ φωνὴ τὴν γῆν ἐσάλευσεν τότε, νῦν δὲ ἐπήγγελται λέγων· ἔτι ἅπαξ ἐγὼ σείω οὐ μόνον τὴν γῆν ἀλλὰ καὶ τὸν οὐρανόν.",ου ὁ φωνη τοτε εσαλευσεν ὁ γην δε νυν επηγγελται λεγων απαξ ετι εγω σειω ου ὁ γην μονον αλλα και ὁ ουρανον,"STRONGS MISMATCH: word text matches ('μόνον'); expected Strong's (TR/TAGNT G3441, cross-walked to this DB's lexeme numbering: G3441) vs DB actual 'μονον'=G3440"
Heb,12,28,extra_word,1,yes,διὸ βασιλείαν ἀσάλευτον παραλαμβάνοντες ἔχωμεν χάριν δι᾽ ἧς λατρεύωμεν εὐαρέστως τῷ θεῷ μετὰ εὐλαβείας καὶ,διο παραλαμβανοντες βασιλειαν ασαλευτον εχωμεν χαριν δι ης λατρευωμεν ὁ θεω ευαρεστως μετα αιδους και ευλαβειας,"EXTRA: DB has 'αιδους' (G0127), no TR counterpart anywhere in verse"
Heb,13,15,missing_word,1,yes,"δι᾽ αὐτοῦ οὖν ἀναφέρωμεν θυσίαν αἰνέσεως διὰ διαπαντός τῷ θεῷ, τοῦτ᾽ ἔστιν καρπὸν χειλέων ὁμολογούντων τῷ ὀνόματι αὐτοῦ.",δι αυτου ουν αναφερωμεν θυσιαν αινεσεως θεω διαπαντος τουτ εστιν καρπον χειλεων ομολογουντων ὁ αυτου ὁ ονοματι,"MISSING: TR has 'διὰ' (G1223), no match anywhere in DB verse"
Heb,13,19,strongs_mismatch,1,yes,"περισσοτέρως δὲ παρακαλῶ τοῦτο ποιῆσαι, ἵνα τάχιον ἀποκατασταθῶ ὑμῖν.¶",δε παρακαλω περισσοτερως ποιησαι τουτο ινα αποκατασταθω υμιν ταχιον,"STRONGS MISMATCH: word text matches ('περισσοτέρως'); expected Strong's (TR/TAGNT G4056, cross-walked to this DB's lexeme numbering: G4056) vs DB actual 'περισσοτερως'=G4057"
Heb,13,21,strongs_mismatch,1,yes,"καταρτίσαι ὑμᾶς ἐν παντὶ ἔργῳ ἀγαθῷ εἰς τὸ ποιῆσαι τὸ θέλημα αὐτοῦ ποιῶν ἐν ὑμῖν τὸ εὐάρεστον ἐνώπιον αὐτοῦ διὰ Ἰησοῦ Χριστοῦ· ᾧ ἡ δόξα εἰς τοὺς αἰῶνας τῶν αἰώνων, ἀμήν.¶",υμας καταρτισαι εν παντι αγαθω εργω εις ποιησαι αυτου ὁ θελημα ποιων εν υμιν ευαρεστον αυτου ενωπιον δια ιησου χριστου ω ὁ δοξα εις ὁ αιωνας ὁ αιωνων αμην το το,"STRONGS MISMATCH: word text matches ('ὑμῖν'); expected Strong's (TR/TAGNT G5213, cross-walked to this DB's lexeme numbering: G1473/G3165/G5213) vs DB actual 'υμιν'=G4771"
Heb,13,25,missing_word,8,yes,ἡ χάρις μετὰ πάντων ὑμῶν. ἀμήν. πρός Ἑβραίους ἐγράφη ἀπό τῆς Ἰταλίας διά Τιμοθέου.¶,ὁ χαρις μετα υμων παντων αμην,"MISSING: TR has 'πρός' (G4314), no match anywhere in DB verse | MISSING: TR has 'Ἑβραίους' (G1445), no match anywhere in DB verse | MISSING: TR has 'ἐγράφη' (G1125), no match anywhere in DB verse | MISSING: TR has 'ἀπό' (G0575), no match anywhere in DB verse | MISSING: TR has 'τῆς' (G3588), no match anywhere in DB verse | MISSING: TR has 'Ἰταλίας' (G2482), no match anywhere in DB verse | MISSING: TR has 'διά' (G1223), no match anywhere in DB verse | MISSING: TR has 'Τιμοθέου.¶' (G5095), no match anywhere in DB verse"
Jas,1,22,strongs_mismatch,1,yes,Γίνεσθε δὲ ποιηταὶ λόγου καὶ μὴ μόνον ἀκροαταὶ παραλογιζόμενοι ἑαυτούς.,δε γινεσθε ποιηται λογου και μη ακροαται μονον παραλογιζομενοι εαυτους,"STRONGS MISMATCH: word text matches ('μόνον'); expected Strong's (TR/TAGNT G3441, cross-walked to this DB's lexeme numbering: G3441) vs DB actual 'μονον'=G3440"
Jas,2,24,strongs_mismatch,1,yes,ὁρᾶτε τοίνυν ὅτι ἐξ ἔργων δικαιοῦται ἄνθρωπος καὶ οὐκ ἐκ πίστεως μόνον.¶,ορατε τοινυν οτι εξ εργων ανθρωπος δικαιουται και ουκ εκ πιστεως μονον,"STRONGS MISMATCH: word text matches ('μόνον.¶'); expected Strong's (TR/TAGNT G3441, cross-walked to this DB's lexeme numbering: G3441) vs DB actual 'μονον'=G3440"
Jas,3,3,extra_word,1,yes,"τῶν ἵππων τοὺς χαλινοὺς εἰς τὰ στόματα βάλλομεν πρὸς τὸ πείθεσθαι αὐτοὺς ἡμῖν, καὶ ὅλον τὸ σῶμα αὐτῶν μετάγομεν.",το ιδου βαλλομεν ὁ χαλινους εις ὁ ιππων ὁ στοματα προς αυτους πειθεσθαι ημιν και μεταγομεν αυτων ολον ὁ σωμα,"EXTRA: DB has 'ιδου' (G3708), no TR counterpart anywhere in verse"
Jas,3,5,missing_word,1,yes,Οὕτως καὶ ἡ γλῶσσα μικρὸν μέλος ἐστὶν καὶ μεγάλα αὐχεῖ. ἰδοὺ ὀλίγον πῦρ ἡλίκην ὕλην ἀνάπτει·,και ουτως ὁ γλωσσα εστιν μικρον μελος και μεγαλαυχει ιδου ηλικην υλην ολιγον πυρ αναπτει,"MISSING: TR has 'μεγάλα' (G3173), no match anywhere in DB verse"
Jas,4,14,extra_word,1,yes,οἵτινες οὐκ ἐπίστασθε τὸ τῆς αὔριον ποία γὰρ ἡ ζωὴ ὑμῶν. ἀτμὶς γάρ ἡ πρὸς ὀλίγον φαινομένη ἔπειτα δὲ ἀφανιζομένη·,η της οιτινες επιστασθε ουκ το αυριον γαρ ποια υμων ὁ ζωη εστιν γαρ ατμις φαινομενη προς ολιγον δε επειτα αφανιζομενη,"EXTRA: DB has 'εστιν' (G1510), no TR counterpart anywhere in verse"
Jas,5,12,word_substitution,2,yes,"Πρὸ πάντων δέ, ἀδελφοί μου, μὴ ὀμνύετε, μήτε τὸν οὐρανὸν μήτε τὴν γῆν μήτε ἄλλον τινὰ ὅρκον· ἤτω δὲ ὑμῶν τὸ ναὶ ναὶ καὶ τὸ οὒ οὔ, ἵνα μὴ εἴς ὑπὸκρίσιν πέσητε.¶",δε προ παντων μου αδελφοι ομνυετε μη μητε ὁ ουρανον μητε ὁ γην μητε τινα αλλον ορκον δε ητω υμων το ναι ναι και το ου ου ἵνα μη πεσητε υπο κρισιν,"DIFFERENT FORM: same Strong's G1519, TR 'εἴς' vs DB 'υπο' | DIFFERENT FORM: same Strong's G5272, TR 'ὑπὸκρίσιν' vs DB 'κρισιν'"
Jhn,1,19,word_substitution,1,yes,καὶ αὕτη ἐστὶν ἡ μαρτυρία τοῦ Ἰωάννου ὅτε ἀπέστειλαν οἱ Ἰουδαῖοι ἐξ Ἱεροσολύμων ἱερεῖς καὶ Λευίτας ἵνα ἐρωτήσωσιν αὐτόν· σὺ τίς εἶ;,και αυτη εστιν ὁ μαρτυρια ὁ ιωαννου οτε ιουδαιοι απεστειλαν ιερεις και λευιτας εξ ιεροσολυμων ινα ερωτησωσιν αυτον τις ει συ οι,"DIFFERENT FORM: same Strong's G3588, TR 'τοῦ' vs DB 'οι'"
Jhn,1,37,word_substitution,1,yes,καὶ ἤκουσαν οἱ δύο μαθηταὶ αὐτοῦ λαλοῦντος καὶ ἠκολούθησαν τῷ Ἰησοῦ.¶,και δυο μαθηται ηκουσαν αυτου λαλουντος και ηκολουθησαν ὁ ιησου οι,"DIFFERENT FORM: same Strong's G3588, TR 'τῷ' vs DB 'οι'"
Jhn,2,1,extra_word,1,yes,"Καὶ τῇ ἡμέρᾳ τῇ τρίτῃ γάμος ἐγένετο ἐν Κανὰ τῆς Γαλιλαίας, καὶ ἦν ἡ μήτηρ τοῦ Ἰησοῦ ἐκεῖ·",τη και ὁ τριτη ὁ ημερα εγενετο γαμος εν κανα ὁ γαλιλαιας και ὁ μητηρ ὁ ιησου ην εκει,"EXTRA: DB has 'ὁ' (G3588), no TR counterpart anywhere in verse"
Jhn,4,11,extra_word,1,yes,"λέγει αὐτῷ ἡ γυνή· κύριε, οὔτε ἄντλημα ἔχεις, καὶ τὸ φρέαρ ἐστὶν βαθύ· πόθεν οὖν ἔχεις τὸ ὕδωρ τὸ ζῶν;",το ὁ γυνη λεγει αυτω κυριε εχεις ουτε αντλημα και ὁ φρεαρ εστιν βαθυ ποθεν ουν εχεις ὁ ζων ὁ υδωρ,"EXTRA: DB has 'ὁ' (G3588), no TR counterpart anywhere in verse"
Jhn,4,15,extra_word,1,yes,"Λέγει πρὸς αὐτὸν ἡ γυνή· κύριε, δός μοι τοῦτο τὸ ὕδωρ ἵνα μὴ διψῶ μηδὲ ἐνθάδε ἀντλεῖν.",ὁ γυνη λεγει προς αυτον κυριε δος μοι τουτο ὁ υδωρ ινα διψω μη μηδε ερχωμαι ενθαδε αντλειν,"EXTRA: DB has 'ερχωμαι' (G2064), no TR counterpart anywhere in verse"
Jhn,4,17,extra_word,1,yes,ἀπεκρίθη ἡ γυνὴ καὶ εἶπεν οὐκ ἔχω ἄνδρα.¶ Λέγει αὐτῇ ὁ Ἰησοῦς· καλῶς εἶπας ὅτι ἄνδρα οὐκ ἔχω·,ὁ γυνη απεκριθη και ειπεν εχω ουκ ανδρα ὁ ιησους λεγει αυτη ειπας καλως ειπας οτι εχω ουκ ανδρα,"EXTRA: DB has 'ειπας' (G3004), no TR counterpart anywhere in verse"
Jhn,4,37,word_substitution,1,yes,"ἐν γὰρ τούτῳ ὁ λόγος ἐστὶν ὁ ἀληθινός, ὅτι ἄλλος ἐστὶν ὁ σπείρων καὶ ἄλλος ὁ θερίζων.",γαρ εν εστιν τουτω ὁ λογος ὁ αληθινος οτι αλλος εἰμί ὁ σπειρων και αλλος ὁ θεριζων,"DIFFERENT FORM: same Strong's G1510, TR 'ἐστὶν' vs DB 'εἰμί'"
Jhn,4,41,strongs_mismatch,1,yes,"καὶ πολλῷ πλείους ἐπίστευσαν διὰ τὸν λόγον αὐτοῦ,",και πολλω πλειους επιστευσαν δια αυτου ὁ λογον,"STRONGS MISMATCH: word text matches ('πλείους'); expected Strong's (TR/TAGNT G4183, cross-walked to this DB's lexeme numbering: G4183) vs DB actual 'πλειους'=G4119"
Jhn,4,51,strongs_mismatch,1,yes,ἤδη δὲ αὐτοῦ καταβαίνοντος οἱ δοῦλοι αὐτοῦ ἀπήντησαν αὐτῷ καὶ ἀπήγγειλαν λέγοντες ὅτι ὁ παῖς σου ζῇ.,δε αυτου ηδη καταβαινοντος αυτου ὁ δουλοι απηντησαν αυτω και απηγγειλαν λεγοντες οτι σου ὁ παις ζη,"STRONGS MISMATCH: word text matches ('σου'); expected Strong's (TR/TAGNT G4675, cross-walked to this DB's lexeme numbering: G0846/G4675) vs DB actual 'σου'=G4771"
Jhn,5,5,extra_word,1,yes,Ἦν δέ τις ἄνθρωπος ἐκεῖ τριάκοντα ὀκτὼ ἔτη ἔχων ἐν τῇ ἀσθενείᾳ,δε τις ανθρωπος ην εκει εχων εν ὁ ασθενεια τριακοντα και οκτω ετη,"EXTRA: DB has 'και' (G2532), no TR counterpart anywhere in verse"
Jhn,5,6,extra_word,1,yes,"τοῦτον ἰδὼν ὁ Ἰησοῦς κατακείμενον, καὶ γνοὺς ὅτι πολὺν ἤδη χρόνον ἔχει, λέγει αὐτῷ· θέλεις ὑγιὴς γενέσθαι;",ιδων ὁ ιησους ιδων τουτον κατακειμενον και γνους οτι εχει ηδη πολυν χρονον λεγει αυτω θελεις γενεσθαι υγιης,"EXTRA: DB has 'ιδων' (G3708), no TR counterpart anywhere in verse"
Jhn,5,18,strongs_mismatch,1,yes,"διὰ τοῦτο οὖν μᾶλλον ἐζήτουν αὐτὸν οἱ Ἰουδαῖοι ἀποκτεῖναι, ὅτι οὐ μόνον ἔλυεν τὸ σάββατον, ἀλλὰ καὶ πατέρα ἴδιον ἔλεγεν τὸν θεὸν ἴσον ἑαυτὸν ποιῶν τῷ θεῷ.",οι δια τουτο ουν ιουδαιοι εζητουν μαλλον αποκτειναι αυτον οτι ου μονον ελυεν ὁ σαββατον αλλα ελεγεν και ὁ θεον ιδιον πατερα ποιων εαυτον ισον ὁ θεω,"STRONGS MISMATCH: word text matches ('μόνον'); expected Strong's (TR/TAGNT G3441, cross-walked to this DB's lexeme numbering: G3441) vs DB actual 'μονον'=G3440"
Jhn,5,36,extra_word,1,yes,"ἐγὼ δὲ ἔχω τὴν μαρτυρίαν μείζων τοῦ Ἰωάννου· τὰ γὰρ ἔργα ἃ ἔδωκέν μοι ὁ πατὴρ ἵνα τελειώσω αὐτά, αὐτὰ τὰ ἔργα ἃ ἐγὼ ποιῶ, μαρτυρεῖ περὶ ἐμοῦ ὅτι ὁ πατήρ με ἀπέσταλκεν.",τα δε εγω εχω μειζω ὁ μαρτυριαν ὁ ὁ ιωαννου γαρ εργα α ὁ πατηρ εδωκεν μοι ινα τελειωσω αυτα αυτα ὁ εργα α εγω ποιω μαρτυρει περι εμου οτι ὁ πατηρ απεσταλκεν με,"EXTRA: DB has 'ὁ' (G3588), no TR counterpart anywhere in verse"
Jhn,5,39,word_substitution,1,yes,"ἐραυνᾶτε τὰς γραφάς, ὅτι ὑμεῖς δοκεῖτε ἐν αὐταῖς ζωὴν αἰώνιον ἔχειν· καὶ ἐκεῖναί εἰσιν αἱ μαρτυροῦσαι περὶ ἐμοῦ,",ερευνατε ὁ γραφας οτι εν αυταις υμεις δοκειτε εχειν αιωνιον ζωην και εκειναι εισιν ὁ μαρτυρουσαι περι εμου,"DIFFERENT FORM: same Strong's G2045, TR 'ἐραυνᾶτε' vs DB 'ερευνατε'"
Jhn,6,11,word_substitution,1,yes,"ἔλαβεν δὲ τοὺς ἄρτους ὁ Ἰησοῦς καὶ εὐχαριστήσας διέδωκεν τοῖς μαθηταῖς οἱ δὲ μαθηταὶ τοῖς ἀνακειμένοις, ὁμοίως καὶ ἐκ τῶν ὀψαρίων ὅσον ἤθελον.",δε ὁ ιησους ελαβεν ὁ αρτους και ευχαριστησας διεδωκεν ὁ μαθηταις δε οι μαθηται τοις ανακειμενοις και ομοιως εκ ὁ οψαριων οσον ηθελον,"DIFFERENT FORM: same Strong's G3588, TR 'τοῖς' vs DB 'οι'"
Jhn,6,19,mixed_content,2,yes,"ἐληλακότες οὖν ὡς σταδίους εἴκοσι πέντε ἢ τριάκοντα, θεωροῦσιν τὸν Ἰησοῦν περιπατοῦντα ἐπὶ τῆς θαλάσσης καὶ ἐγγὺς τοῦ πλοίου γινόμενον, καὶ ἐφοβήθησαν.",ουν εληλακοτες ως εικοσιπεντε η τριακοντα σταδιους θεωρουσιν ὁ ιησουν περιπατουντα επι ὁ θαλασσης και γινομενον εγγυς ὁ πλοιου και εφοβηθησαν,"DIFFERENT FORM: same Strong's G1501, TR 'εἴκοσι' vs DB 'εικοσιπεντε' | MISSING: TR has 'πέντε' (G4002), no match anywhere in DB verse"
Jhn,6,28,word_substitution,1,yes,εἶπον οὖν πρὸς αὐτόν· τί ποιοῦμεν ἵνα ἐργαζώμεθα τὰ ἔργα τοῦ θεοῦ;¶,ουν ειπον προς αυτον τι ποιωμεν ινα εργαζωμεθα ὁ εργα ὁ θεου,"DIFFERENT FORM: same Strong's G4160, TR 'ποιοῦμεν' vs DB 'ποιωμεν'"
Jhn,6,32,extra_word,1,yes,"Εἶπεν οὖν αὐτοῖς ὁ Ἰησοῦς· ἀμὴν ἀμὴν λέγω ὑμῖν· οὐ Μωϋσῆς δέδωκεν ὑμῖν τὸν ἄρτον ἐκ τοῦ οὐρανοῦ, ἀλλ᾽ ὁ πατήρ μου δίδωσιν ὑμῖν τὸν ἄρτον ἐκ τοῦ οὐρανοῦ τὸν ἀληθινόν.",ουν ὁ ιησους ειπεν αυτοις αμην αμην λεγω υμιν μωσης δεδωκεν υμιν ου ὁ αρτον εκ ὁ ουρανου αλλ μου ὁ πατηρ διδωσιν υμιν ὁ τον αληθινον ὁ αρτον εκ ὁ ουρανου,"EXTRA: DB has 'ὁ' (G3588), no TR counterpart anywhere in verse"
Jhn,6,44,mixed_content,2,yes,"οὐδεὶς δύναται ἐλθεῖν πρός με, ἐὰν μὴ ὁ πατὴρ ὁ πέμψας με ἑλκύσῃ αὐτόν, κἀγὼ ἀναστήσω αὐτὸν τῇ ἐσχάτῃ ἡμέρᾳ.",ουδεις δυναται ελθειν προς με εαν μη ὁ πατηρ ο πεμψας με ελκυση αυτον και εγω αναστησω αυτον τη εσχατη ημερα,"DIFFERENT FORM: same Strong's G1473, TR 'κἀγὼ' vs DB 'εγω' | EXTRA: DB has 'και' (G2532), no TR counterpart anywhere in verse"
Jhn,6,54,word_substitution,1,yes,"ὁ τρώγων μου τὴν σάρκα καὶ πίνων μου τὸ αἷμα ἔχει ζωὴν αἰώνιον, κἀγὼ ἀναστήσω αὐτὸν τῇ ἐσχάτῃ ἡμέρᾳ.",ο τρωγων μου ὁ σαρκα πινων μου ὁ αιμα εχει αιωνιον ζωην και εγω αναστησω αυτον τη εσχατη ημερα,"DIFFERENT FORM: same Strong's G1473, TR 'κἀγὼ' vs DB 'εγω'"
Jhn,6,58,extra_word,1,yes,"οὗτός ἐστιν ὁ ἄρτος ὁ ἐξ τοῦ οὐρανοῦ καταβάς, οὐ καθὼς ἔφαγον οἱ πατέρες ὑμῶν τὸ μάννα καὶ ἀπέθανον· ὁ τρώγων τοῦτον τὸν ἄρτον ζήσεται εἰς τὸν αἰῶνα.¶",ουτος εστιν ὁ αρτος ο καταβας εκ ὁ ουρανου ου καθως υμων ὁ πατερες εφαγον το μαννα και απεθανον ο τρωγων ὁ τουτον ὁ αρτον ζησεται εις ὁ αιωνα,"EXTRA: DB has 'ὁ' (G3588), no TR counterpart anywhere in verse"
Jhn,6,62,strongs_mismatch,1,yes,ἐὰν οὖν θεωρῆτε τὸν υἱὸν τοῦ ἀνθρώπου ἀναβαίνοντα ὅπου ἦν τὸ πρότερον;,ουν εαν θεωρητε ὁ υιον ὁ ανθρωπου αναβαινοντα οπου ην το προτερον,"STRONGS MISMATCH: word text matches ('πρότερον;'); expected Strong's (TR/TAGNT G4387, cross-walked to this DB's lexeme numbering: G4387) vs DB actual 'προτερον'=G4386"
Jhn,6,66,extra_word,1,yes,ἐκ τούτου πολλοὶ τῶν μαθητῶν αὐτοῦ ἀπῆλθον εἰς τὰ ὀπίσω καὶ οὐκέτι μετ᾽ αὐτοῦ περιεπάτουν.¶,εκ τουτου πολλοι ὁ αυτου ὁ μαθητων απηλθον εις τα οπισω και περιεπατουν ουκετι μετ αυτου,"EXTRA: DB has 'ὁ' (G3588), no TR counterpart anywhere in verse"
Jhn,6,69,extra_word,1,yes,καὶ ἡμεῖς πεπιστεύκαμεν καὶ ἐγνώκαμεν ὅτι σὺ εἶ ὁ χριστὸς ὁ υἱὸς τοῦ θεοῦ τοῦ ζῶντος.,και ημεις πεπιστευκαμεν και εγνωκαμεν οτι συ ει ὁ χριστος ὁ υιος ὁ του ζωντος ὁ θεου,"EXTRA: DB has 'ὁ' (G3588), no TR counterpart anywhere in verse"
Jhn,7,1,word_substitution,1,yes,"Καὶ μετὰ ταῦτα περιεπάτει ὁ Ἰησοῦς ἐν τῇ Γαλιλαίᾳ· οὐ γὰρ ἤθελεν ἐν τῇ Ἰουδαίᾳ περιπατεῖν, ὅτι ἐζήτουν αὐτὸν οἱ Ἰουδαῖοι ἀποκτεῖναι.",και μετα ταυτα ὁ ιησους περιεπατει εν ὁ γαλιλαια γαρ ηθελεν ου περιπατειν εν ὁ ιουδαια οτι οι ιουδαιοι εζητουν αποκτειναι αυτον,"DIFFERENT FORM: same Strong's G3588, TR 'τῇ' vs DB 'οι'"
Jhn,7,12,word_substitution,1,yes,"καὶ γογγυσμὸς περὶ αὐτοῦ ἦν πολὺς ἐν τοῖς ὄχλοις. οἱ μὲν ἔλεγον ὅτι ἀγαθός ἐστιν, ἄλλοι δὲ ἔλεγον· οὔ, ἀλλὰ πλανᾷ τὸν ὄχλον.",και ην πολυς γογγυσμος εν ὁ οχλοις περι αυτου οι μεν ελεγον οτι εστιν αγαθος αλλοι δε ελεγον ου αλλα πλανα ὁ οχλον,"DIFFERENT FORM: same Strong's G3588, TR 'τοῖς' vs DB 'οι'"
Jhn,7,42,extra_word,1,yes,Οὐχὶ ἡ γραφὴ εἶπεν ὅτι ἐκ τοῦ σπέρματος Δαυὶδ καὶ ἀπὸ Βηθλέεμ τῆς κώμης ὅπου ἦν Δαυὶδ ἔρχεται ὁ χριστός;¶,ειπεν ουχι ὁ γραφη ειπεν οτι ὁ χριστος ερχεται εκ ὁ σπερματος δαβιδ και απο ὁ κωμης βηθλεεμ οπου δαβιδ ην,"EXTRA: DB has 'ειπεν' (G3004), no TR counterpart anywhere in verse"
Jhn,7,51,extra_word,1,yes,μὴ ὁ νόμος ἡμῶν κρίνει τὸν ἄνθρωπον ἐὰν μὴ ἀκούσῃ παρ᾽ αὐτοῦ καὶ γνῷ τί ποιεῖ;¶,μη ημων ὁ νομος κρινει ὁ ανθρωπον ἐάν μή προτερον ακουση παρ αυτου και γνω τι ποιει,"EXTRA: DB has 'προτερον' (G4386), no TR counterpart anywhere in verse"
Jhn,8,4,missing_word,1,yes,"λέγουσιν αὐτῷ, διδάσκαλε, αὕτη ἡ γυνὴ κατείληφθη ἐπ᾽ αὐτοφώρῳ μοιχευομένη·",λεγουσιν αυτω διδασκαλε αυτη ὁ γυνη κατειληφθη μοιχευομενη επαυτοφωρω,"MISSING: TR has 'ἐπ᾽' (G1909), no match anywhere in DB verse"
Jhn,8,8,mixed_content,2,yes,καὶ πάλιν κατακύψας ἔγραφεν εἰς τὴν γῆν.,και παλιν κυψας κατω εγραφεν εις ὁ γην,"DIFFERENT FORM: same Strong's G2736, TR 'κατακύψας' vs DB 'κατω' | EXTRA: DB has 'κυψας' (G2955), no TR counterpart anywhere in verse"
Jhn,8,25,extra_word,1,yes,ἔλεγον οὖν αὐτῷ· σὺ τίς καὶ εἶπεν αὐτοῖς ὁ Ἰησοῦς· τὴν ἀρχὴν ὅ τι καὶ λαλῶ ὑμῖν.,ουν ελεγον αυτω τις ει συ και ὁ ιησους ειπεν αυτοις και ο τι λαλω υμιν ὁ αρχην,"EXTRA: DB has 'ει' (G1510), no TR counterpart anywhere in verse"
Jhn,8,42,missing_word,1,yes,"Εἶπεν οὖν αὐτοῖς ὁ Ἰησοῦς· εἰ ὁ θεὸς πατὴρ ὑμῶν ἦν, ἠγαπᾶτε ἂν ἐμέ· ἐγὼ γὰρ ἐκ τοῦ θεοῦ ἐξῆλθον καὶ ἥκω. οὐδὲ γὰρ ἀπ᾽ ἐμαυτοῦ ἐλήλυθα, ἀλλ᾽ ἐκεῖνός με ἀπέστειλεν.",ὁ ιησους ειπεν αυτοις ει ὁ θεος ην υμων πατηρ ηγαπατε αν εμε γαρ εγω εξηλθον και ηκω εκ ὁ θεου ουδε γαρ εληλυθα απ εμαυτου αλλ εκεινος απεστειλεν με,"MISSING: TR has 'οὖν' (G3767), no match anywhere in DB verse"
Jhn,8,43,mixed_content,2,yes,διὰ τί τὴν λαλιὰν τὴν ἐμὴν οὐ γινώσκετε; ὅτι οὐ δύνασθε ἀκούειν τὸν λόγον τὸν ἐμόν.,δια τι ου γινωσκετε ὁ εμην ὁ λαλιαν οτι δύναμαι ου δύναμαι ακουειν ὁ εμον ὁ λογον,"DIFFERENT FORM: same Strong's G1410, TR 'δύνασθε' vs DB 'δύναμαι' | EXTRA: DB has 'δύναμαι' (G1410), no TR counterpart anywhere in verse"
Jhn,8,54,strongs_mismatch,1,yes,"Ἀπεκρίθη Ἰησοῦς· ἐὰν ἐγὼ δοξάζω ἐμαυτόν, ἡ δόξα μου οὐδέν ἐστιν· ἔστιν ὁ πατήρ μου ὁ δοξάζων με ὃν ὑμεῖς λέγετε ὅτι θεὸς ὑμῶν ἐστιν,",ιησους απεκριθη εαν εγω δοξαζω εμαυτον μου ὁ δοξα εστιν ουδεν εστιν μου ὁ πατηρ ο δοξαζων με ον υμεις λεγετε οτι εστιν υμων θεος,"STRONGS MISMATCH: word text matches ('ὑμῶν'); expected Strong's (TR/TAGNT G5216, cross-walked to this DB's lexeme numbering: G1473/G3165/G5216) vs DB actual 'υμων'=G4771"
Jhn,8,55,mixed_content,2,yes,"καὶ οὐκ ἐγνώκατε αὐτόν, ἐγὼ δὲ οἶδα αὐτόν. κἂν εἴπω ὅτι οὐκ οἶδα αὐτόν, ἔσομαι ὅμοιος ὑμῶν ψεύστης· ἀλλ᾽ οἶδα αὐτὸν καὶ τὸν λόγον αὐτοῦ τηρῶ.¶",και ουκ εγνωκατε αυτον δε εγω οιδα αυτον εαν ειπω οτι οιδα αυτον ουκ εσομαι ψευστης ομοιος υμων αλλ οιδα αυτον και τηρω αυτου ὁ λογον,"MISSING: TR has 'κἂν' (G2532), no match anywhere in DB verse | EXTRA: DB has 'εαν' (G1437), no TR counterpart anywhere in verse"
Jhn,9,6,extra_word,1,yes,ταῦτα εἰπὼν ἔπτυσεν χαμαὶ καὶ ἐποίησεν πηλὸν ἐκ τοῦ πτύσματος καὶ ἐπέχρισεν τὸν πηλὸν ἐπὶ τοὺς ὀφθαλμοὺς τοῦ τυφλοῦ,ειπων ταυτα ειπων επτυσεν χαμαι και εποιησεν πηλον εκ ὁ πτυσματος και επεχρισεν επι ὁ οφθαλμους του τυφλου ὁ πηλον,"EXTRA: DB has 'ειπων' (G3004), no TR counterpart anywhere in verse"
Jhn,9,8,strongs_mismatch,1,yes,"Οἱ οὖν γείτονες καὶ οἱ θεωροῦντες αὐτὸν τὸ πρότερον ὅτι τυφλὸς ἦν, ἔλεγον· οὐχ οὗτός ἐστιν ὁ καθήμενος καὶ προσαιτῶν;",γειτονες ουν και ὁ ὁ προτερον ὁ θεωρουντες αυτον οτι ην τυφλος ελεγον εστιν ουχ ουτος ὁ καθημενος και προσαιτων,"STRONGS MISMATCH: word text matches ('πρότερον'); expected Strong's (TR/TAGNT G4387, cross-walked to this DB's lexeme numbering: G4387) vs DB actual 'προτερον'=G4386"
Jhn,9,12,extra_word,1,yes,εἶπαν αὐτῷ· ποῦ ἐστιν ἐκεῖνος; λέγει· οὐκ οἶδα.,ουν ειπον αυτω που εστιν εκεινος λεγει οιδα ουκ,"EXTRA: DB has 'ουν' (G3767), no TR counterpart anywhere in verse"
Jhn,9,18,strongs_mismatch,1,yes,"οὐκ ἐπίστευσαν οὖν οἱ Ἰουδαῖοι περὶ αὐτοῦ ὅτι ἦν τυφλὸς καὶ ἀνέβλεψεν ἕως ὅτου ἐφώνησαν τοὺς γονεῖς αὐτοῦ τοῦ ἀναβλέψαντος,",ουν οι ιουδαιοι ουκ επιστευσαν περι αυτου οτι ην τυφλος και ανεβλεψεν εως οτου εφωνησαν ὁ γονεις αυτου του αναβλεψαντος,"STRONGS MISMATCH: word text matches ('ὅτου'); expected Strong's (TR/TAGNT G3748, cross-walked to this DB's lexeme numbering: G3748) vs DB actual 'οτου'=G3755"
Jhn,9,39,word_substitution,1,yes,"καὶ εἶπεν ὁ Ἰησοῦς· εἰς κρίμα ἐγὼ εἰς τὸν κόσμον τοῦτον ἦλθον, ἵνα οἱ μὴ βλέποντες βλέπωσιν καὶ οἱ βλέποντες τυφλοὶ γένωνται.¶",και ὁ ιησους ειπεν εις κριμα εγω ηλθον εις τουτον ὁ κοσμον ινα οι βλεποντες μη βλεπωσιν και οι βλεποντες γενωνται τυφλοι,"DIFFERENT FORM: same Strong's G3588, TR 'τὸν' vs DB 'οι'"
Jhn,9,40,word_substitution,1,yes,Καὶ ἤκουσαν ἐκ τῶν Φαρισαίων ταῦτα οἱ μετ᾽ αὐτοῦ ὄντες καὶ εἶπον αὐτῷ· μὴ καὶ ἡμεῖς τυφλοί ἐσμεν;,και εκ ὁ φαρισαιων οι οντες μετ αυτου ηκουσαν ταυτα και ειπον αυτω μη εσμεν ημεις τυφλοι και,"DIFFERENT FORM: same Strong's G3588, TR 'τῶν' vs DB 'οι'"
Jhn,10,14,extra_word,1,yes,"Ἐγώ εἰμι ὁ ποιμὴν ὁ καλὸς καὶ γινώσκω τὰ ἐμά, καὶ γινώσκομαι ὑπὸ τῶν ἐμῶν",εγω ειμι ὁ καλος ὁ ποιμην και γινωσκω εμα και γινωσκομαι υπο εμων ο τα των,"EXTRA: DB has 'ο' (G3588), no TR counterpart anywhere in verse"
Jhn,10,26,extra_word,1,yes,"ἀλλ᾽ ὑμεῖς οὐ πιστεύετε, οὐκ ἐστὲ ἐκ τῶν προβάτων τῶν ἐμῶν καθὼς εἶπον ὑμῖν.",αλλ υμεις πιστευετε ου γαρ εστε ου εκ εμων ὁ προβατων καθως ειπον υμιν των,"EXTRA: DB has 'γαρ' (G1063), no TR counterpart anywhere in verse"
Jhn,10,32,word_substitution,1,yes,ἀπεκρίθη αὐτοῖς ὁ Ἰησοῦς· πολλὰ ἔργα καλὰ ἔδειξα ὑμῖν ἐκ τοῦ πατρός μου· διὰ ποῖον αὐτῶν ἔργον ἐμὲ λιθάζετε;¶,ὁ ιησους απεκριθη αυτοις πολλα καλα εργα εδειξα υμιν εκ μου ὁ πατρος δια ποιον αυτων εργον λιθαζετε με,"DIFFERENT FORM: same Strong's G1473, TR 'ἐμὲ' vs DB 'με'"
Jhn,11,2,extra_word,1,yes,"ἦν δὲ Μαριὰμ ἡ ἀλείψασα τὸν κύριον μύρῳ καὶ ἐκμάξασα τοὺς πόδας αὐτοῦ ταῖς θριξὶν αὐτῆς, ἧς ὁ ἀδελφὸς Λάζαρος ἠσθένει.",ην μαρια η αλειψασα ὁ κυριον μυρω και εκμαξασα αυτου ὁ ποδας ὁ αυτης ὁ θριξιν ης ὁ αδελφος λαζαρος ησθενει δε,"EXTRA: DB has 'ὁ' (G3588), no TR counterpart anywhere in verse"
Jhn,11,13,strongs_mismatch,1,yes,εἰρήκει δὲ ὁ Ἰησοῦς περὶ τοῦ θανάτου αὐτοῦ· ἐκεῖνοι δὲ ἔδοξαν ὅτι περὶ τῆς κοιμήσεως τοῦ ὕπνου λέγει.¶,δε ὁ ιησους ειρηκει περι αυτου ὁ θανατου δε εκεινοι εδοξαν οτι λεγει περι ὁ κοιμησεως ὁ υπνου,"STRONGS MISMATCH: word text matches ('εἰρήκει'); expected Strong's (TR/TAGNT G2036, cross-walked to this DB's lexeme numbering: G2036) vs DB actual 'ειρηκει'=G2046"
Jhn,11,28,extra_word,1,yes,Καὶ ταῦτα εἰποῦσα ἀπῆλθεν καὶ ἐφώνησεν Μαριὰμ τὴν ἀδελφὴν αὐτῆς λάθρᾳ εἰποῦσα· ὁ διδάσκαλος πάρεστιν καὶ φωνεῖ σε.,και ειπουσα ταυτα ειπουσα απηλθεν και εφωνησεν μαριαν αυτης ὁ αδελφην λαθρα ειπουσα ὁ διδασκαλος παρεστιν και φωνει σε,"EXTRA: DB has 'ειπουσα' (G3004), no TR counterpart anywhere in verse"
Jhn,11,31,word_substitution,2,yes,"Οἱ οὖν Ἰουδαῖοι οἱ ὄντες μετ᾽ αὐτῆς ἐν τῇ οἰκίᾳ καὶ παραμυθούμενοι αὐτήν, ἰδόντες τὴν Μαριὰμ ὅτι ταχέως ἀνέστη καὶ ἐξῆλθεν, ἠκολούθησαν αὐτῇ, λέγοντες ὅτι ὑπάγει εἰς τὸ μνημεῖον ἵνα κλαύσῃ ἐκεῖ.",ιουδαιοι ουν οντες μετ αυτης εν ὁ οικια και παραμυθουμενοι αυτην ιδοντες ὁ μαριαν οτι ανεστη ταχεως και εξηλθεν ηκολουθησαν αυτη λεγοντες υπαγει εις ὁ μνημειον ινα κλαυση εκει οι οτι οι,"DIFFERENT FORM: same Strong's G3588, TR 'τὴν' vs DB 'οι' | DIFFERENT FORM: same Strong's G3588, TR 'τὸ' vs DB 'οι'"
Jhn,11,43,extra_word,1,yes,"καὶ ταῦτα εἰπὼν φωνῇ μεγάλῃ ἐκραύγασεν· Λάζαρε, δεῦρο ἔξω.",και ειπων ταυτα ειπων εκραυγασεν μεγαλη φωνη λαζαρε δευρο εξω,"EXTRA: DB has 'ειπων' (G3004), no TR counterpart anywhere in verse"
Jhn,11,45,word_substitution,1,yes,"Πολλοὶ οὖν ἐκ τῶν Ἰουδαίων οἱ ἐλθόντες πρὸς τὴν Μαριὰμ καὶ θεασάμενοι ἃ ἐποίησεν ὁ Ἰησοῦς, ἐπίστευσαν εἰς αὐτόν.",ουν πολλοι εκ ιουδαιων ελθοντες προς ὁ μαριαν και θεασαμενοι α ὁ ιησους εποιησεν επιστευσαν εις αυτον των οι,"DIFFERENT FORM: same Strong's G3588, TR 'τὴν' vs DB 'οι'"
Jhn,11,48,word_substitution,1,yes,"ἐὰν ἀφῶμεν αὐτὸν οὕτως, πάντες πιστεύσουσιν εἰς αὐτόν, καὶ ἐλεύσονται οἱ Ῥωμαῖοι καὶ ἀροῦσιν ἡμῶν καὶ τὸν τόπον καὶ τὸ ἔθνος.¶",εαν αφωμεν αυτον ουτως παντες πιστευσουσιν εις αυτον και ρωμαιοι ελευσονται και αρουσιν και ημων ὁ τοπον και ὁ εθνος οι,"DIFFERENT FORM: same Strong's G3588, TR 'τὸ' vs DB 'οι'"
Jhn,11,50,strongs_mismatch,1,yes,"οὐδὲ διαλογίζεσθε ὅτι συμφέρει ἡμῖν ἵνα εἷς ἄνθρωπος ἀποθάνῃ ὑπὲρ τοῦ λαοῦ, καὶ μὴ ὅλον τὸ ἔθνος ἀπόληται.",ουδε διαλογιζεσθε οτι συμφερει ημιν εις ανθρωπος αποθανη υπερ ὁ λαου και ινα ολον ὁ εθνος αποληται μη,"STRONGS MISMATCH: word text matches ('ἡμῖν'); expected Strong's (TR/TAGNT G2254, cross-walked to this DB's lexeme numbering: G2254/G4771) vs DB actual 'ημιν'=G1473"
Jhn,11,52,strongs_mismatch,1,yes,καὶ οὐχ ὑπὲρ τοῦ ἔθνους μόνον ἀλλ᾽ ἵνα καὶ τὰ τέκνα τοῦ θεοῦ τὰ διεσκορπισμένα συναγάγῃ εἰς ἕν.¶,και ουχ υπερ ὁ εθνους μονον αλλ ινα και συναγαγη εις εν ὁ τεκνα ὁ θεου διεσκορπισμενα τα,"STRONGS MISMATCH: word text matches ('μόνον'); expected Strong's (TR/TAGNT G3441, cross-walked to this DB's lexeme numbering: G3441) vs DB actual 'μονον'=G3440"
Jhn,11,54,mixed_content,2,yes,"οὖν Ἰησοῦς οὐκέτι παρρησίᾳ περιεπάτει ἐν τοῖς Ἰουδαίοις, ἀλλ᾽ ἀπῆλθεν ἐκεῖθεν εἰς τὴν χώραν ἐγγὺς τῆς ἐρήμου εἰς Ἐφραὶμ λεγομένην πόλιν, κἀκεῖ διέτριβεν μετὰ τῶν μαθητῶν αὐτοῦ.¶",ιησους ουν περιεπατει ουκ ετι παρρησια εν ιουδαιοις αλλα απηλθεν εκειθεν εις ὁ χωραν εγγυς ερημου εις πολιν λεγομενην εφραιμ κακει διετριβεν μετα αυτου ὁ μαθητων τοις της,"DIFFERENT FORM: same Strong's G3756, TR 'οὐκέτι' vs DB 'ουκ' | EXTRA: DB has 'ετι' (G2089), no TR counterpart anywhere in verse"
Jhn,12,2,missing_word,1,yes,"ἐποίησαν οὖν αὐτῷ δεῖπνον ἐκεῖ, καὶ ἡ Μάρθα διηκόνει· ὁ δὲ Λάζαρος εἷς ἦν τῶν ἀνακειμένων συνανακειμένων αὐτῷ.",εκει εποιησαν αυτω δειπνον και ὁ μαρθα διηκονει δε λαζαρος ην εις συνανακειμενων αυτω ο των ουν,"MISSING: TR has 'ἀνακειμένων' (G0345), no match anywhere in DB verse"
Jhn,12,3,extra_word,1,yes,ἡ οὖν Μαριὰμ λαβοῦσα λίτραν μύρου νάρδου πιστικῆς πολυτίμου ἤλειψεν τοὺς πόδας τοῦ Ἰησοῦ καὶ ἐξέμαξεν ταῖς θριξὶν αὐτῆς τοὺς πόδας αὐτοῦ· ἡ δὲ οἰκία ἐπληρώθη ἐκ τῆς ὀσμῆς τοῦ μύρου.,ουν λαβουσα μαρια λιτραν μυρου ναρδου πολυτιμου ηλειψεν ὁ ποδας ὁ ιησου και εξεμαξεν αυτου ὁ ποδας ὁ αυτης ὁ θριξιν δε οικια επληρωθη εκ ὁ οσμης ὁ μυρου η πιστικης η,"EXTRA: DB has 'ὁ' (G3588), no TR counterpart anywhere in verse"
Jhn,12,9,strongs_mismatch,1,yes,"Ἔγνω οὖν ὄχλος πολὺς ἐκ τῶν Ἰουδαίων ὅτι ἐκεῖ ἐστιν, καὶ ἦλθον οὐ διὰ τὸν Ἰησοῦν μόνον ἀλλ᾽ ἵνα καὶ τὸν Λάζαρον ἴδωσιν ὃν ἤγειρεν ἐκ νεκρῶν.",πολυς οχλος εκ ιουδαιων ουν εγνω οτι εστιν εκει και ηλθον ου ὁ ιησουν δια μονον αλλ ινα ιδωσιν ὁ λαζαρον και ον ηγειρεν εκ νεκρων των,"STRONGS MISMATCH: word text matches ('μόνον'); expected Strong's (TR/TAGNT G3441, cross-walked to this DB's lexeme numbering: G3441) vs DB actual 'μονον'=G3440"
Jhn,12,40,extra_word,2,yes,"τετύφλωκεν αὐτῶν τοὺς ὀφθαλμοὺς καὶ πεπώρωκεν αὐτῶν τὴν καρδίαν, ἵνα μὴ ἴδωσιν τοῖς ὀφθαλμοῖς καὶ νοήσωσιν τῇ καρδίᾳ καὶ ἐπιστραφῶσιν καὶ ἰάσωμαι αὐτούς.¶",τετυφλωκεν αυτων οφθαλμους και πεπωρωκεν αυτων καρδιαν ινα ιδωσιν μη ιδωσιν ὁ ὁ οφθαλμοις και νοησωσιν ὁ καρδια ὁ καρδια και επιστραφωσιν και ιασωμαι αυτους,"EXTRA: DB has 'ιδωσιν' (G3708), no TR counterpart anywhere in verse | EXTRA: DB has 'καρδια' (G2588), no TR counterpart anywhere in verse"
Jhn,13,2,word_substitution,1,yes,"καὶ δείπνου γενομένου τοῦ διαβόλου ἤδη βεβληκότος εἰς τὴν καρδίαν ἵνα παραδοῖ αὐτὸν Ἰούδα Σίμωνος Ἰσκαριώτου,",του και δειπνου γενομενου διαβολου βεβληκοτος ηδη εις ὁ καρδιαν ιουδα ισκαριωτου σιμωνος ινα παραδω αυτον,"DIFFERENT FORM: same Strong's G3860, TR 'παραδοῖ' vs DB 'παραδω'"
Jhn,13,6,word_substitution,1,yes,"Ἔρχεται οὖν πρὸς Σίμωνα Πέτρον· καὶ λέγει αὐτῷ ἐκεῖνος· κύριε, σύ μου νίπτεις τοὺς πόδας;",ουν ερχεται προς σιμωνα πετρον και λεγει αὐτός εκεινος κυριε συ νιπτεις μου ὁ ποδας,"DIFFERENT FORM: same Strong's G0846, TR 'αὐτῷ' vs DB 'αὐτός'"
Jhn,13,9,strongs_mismatch,1,yes,"λέγει αὐτῷ Σίμων Πέτρος· κύριε, μὴ τοὺς πόδας μου μόνον ἀλλὰ καὶ τὰς χεῖρας καὶ τὴν κεφαλήν.¶",σιμων πετρος λεγει αυτω κυριε μη μου ὁ ποδας μονον αλλα και ὁ χειρας και ὁ κεφαλην,"STRONGS MISMATCH: word text matches ('μόνον'); expected Strong's (TR/TAGNT G3441, cross-walked to this DB's lexeme numbering: G3441) vs DB actual 'μονον'=G3440"
Jhn,13,21,extra_word,1,yes,Ταῦτα εἰπὼν ὁ Ἰησοῦς ἐταράχθη τῷ πνεύματι καὶ ἐμαρτύρησεν καὶ εἶπεν· ἀμὴν ἀμὴν λέγω ὑμῖν ὅτι εἷς ἐξ ὑμῶν παραδώσει με.,ὁ ιησους ειπων ταυτα ειπων εταραχθη ὁ πνευματι και εμαρτυρησεν και ειπεν αμην αμην λεγω υμιν οτι εις εξ υμων παραδωσει με,"EXTRA: DB has 'ειπων' (G3004), no TR counterpart anywhere in verse"
Jhn,13,31,extra_word,1,yes,"Ὅτε ἐξῆλθεν, λέγει ὁ Ἰησοῦς· νῦν ἐδοξάσθη ὁ υἱὸς τοῦ ἀνθρώπου, καὶ ὁ θεὸς ἐδοξάσθη ἐν αὐτῷ,",ουν οτε εξηλθεν ὁ ιησους λεγει νυν ὁ υιος ὁ ανθρωπου εδοξασθη και ὁ θεος εδοξασθη εν αυτω,"EXTRA: DB has 'ουν' (G3767), no TR counterpart anywhere in verse"
Jhn,14,16,mixed_content,2,yes,"κἀγὼ ἐρωτήσω τὸν πατέρα, καὶ ἄλλον παράκλητον δώσει ὑμῖν, ἵνα μεθ᾽ ὑμῶν εἰς τὸν αἰῶνα",εγω ερωτησω ὁ πατερα και δωσει υμιν αλλον παρακλητον ινα μενη μεθ υμων εις ὁ αιωνα,"DIFFERENT FORM: same Strong's G1473, TR 'κἀγὼ' vs DB 'εγω' | EXTRA: DB has 'μενη' (G3306), no TR counterpart anywhere in verse"
Jhn,14,19,word_substitution,1,yes,"Ἔτι μικρὸν καὶ ὁ κόσμος με οὐκέτι θεωρεῖ, ὑμεῖς δὲ θεωρεῖτέ με· ὅτι ἐγὼ ζῶ, καὶ ὑμεῖς ζήσεσθε",μικρον και ὁ κοσμος θεωρει με ουκ ετι δε υμεις θεωρειτε με οτι εγω ζω υμεις ζησεσθε και,"DIFFERENT FORM: same Strong's G3756, TR 'οὐκέτι' vs DB 'ουκ'"
Jhn,14,21,word_substitution,1,yes,"Ὁ ἔχων τὰς ἐντολάς μου καὶ τηρῶν αὐτάς, ἐκεῖνός ἐστιν ὁ ἀγαπῶν με· ὁ δὲ ἀγαπῶν με ἀγαπηθήσεται ὑπὸ τοῦ πατρός μου· κἀγὼ ἀγαπήσω αὐτὸν καὶ ἐμφανίσω αὐτῷ ἐμαυτόν.¶",ο εχων μου ὁ εντολας τηρων αυτας εκεινος εστιν ο αγαπων με δε ο αγαπων με αγαπηθησεται υπο μου ὁ πατρος και εγω αγαπησω αυτον και εμφανισω εμαυτον αυτω,"DIFFERENT FORM: same Strong's G1473, TR 'κἀγὼ' vs DB 'εγω'"
Jhn,14,30,mixed_content,2,yes,"Οὐκέτι πολλὰ λαλήσω μεθ᾽ ὑμῶν· ἔρχεται γὰρ ὁ τοῦ κόσμου τούτου ἄρχων, καὶ ἐν ἐμοὶ οὐκ ἔχει οὐδέν,",ο ετι ουκ λαλησω πολλα μεθ υμων γαρ αρχων τουτου ὁ κοσμου ερχεται και εχει ουδεν εν εμοι,"MISSING: TR has 'Οὐκέτι' (G3756), no match anywhere in DB verse | EXTRA: DB has 'ετι' (G2089), no TR counterpart anywhere in verse"
Jhn,16,10,mixed_content,2,yes,"περὶ δικαιοσύνης δέ, ὅτι πρὸς τὸν πατέρα μου ὑπάγω, καὶ οὐκέτι θεωρεῖτέ με·",περι δικαιοσυνης οτι υπαγω προς μου ὁ πατερα και θεωρειτε με ουκ ετι δε,"DIFFERENT FORM: same Strong's G3756, TR 'οὐκέτι' vs DB 'ουκ' | EXTRA: DB has 'ετι' (G2089), no TR counterpart anywhere in verse"
Jhn,16,13,extra_word,2,yes,"ὅταν δὲ ἔλθῃ ἐκεῖνος, τὸ πνεῦμα τῆς ἀληθείας, ὁδηγήσει ὑμᾶς εἰς πᾶσαν οὐ γὰρ λαλήσει ἀφ᾽ ἑαυτοῦ, ἀλλ᾽ ὅσα ἂν ἀκούσῃ λαλήσει καὶ τὰ ἐρχόμενα ἀναγγελεῖ ὑμῖν.",δε οταν εκεινος ὁ πνευμα ὁ αληθειας ελθη οδηγησει υμας εις πασαν ὁ αληθειαν γαρ ου λαλησει αφ εαυτου αλλ οσα αν ακουση λαλησει και αναγγελει υμιν τα ερχομενα,"EXTRA: DB has 'ὁ' (G3588), no TR counterpart anywhere in verse | EXTRA: DB has 'αληθειαν' (G0225), no TR counterpart anywhere in verse"
Jhn,16,15,strongs_mismatch,1,yes,Πάντα ὅσα ἔχει ὁ πατὴρ ἐμά ἐστιν· διὰ τοῦτο εἶπον ὅτι ἐκ τοῦ ἐμοῦ λήψεται καὶ ἀναγγελεῖ ὑμῖν.,του παντα οσα ὁ πατηρ εχει εστιν εμα δια τουτο ειπον οτι ληψεται εκ εμου και αναγγελει υμιν,"STRONGS MISMATCH: word text matches ('ἐμοῦ'); expected Strong's (TR/TAGNT G1473, cross-walked to this DB's lexeme numbering: G1473/G1700) vs DB actual 'εμου'=G1699"
Jhn,16,21,mixed_content,2,yes,"ἡ γυνὴ ὅταν τίκτῃ λύπην ἔχει, ὅτι ἦλθεν ἡ ὥρα αὐτῆς· ὅταν δὲ γεννήσῃ τὸ παιδίον, οὐκέτι μνημονεύει τῆς θλίψεως διὰ τὴν χαράν, ὅτι ἐγεννήθη ἄνθρωπος εἰς τὸν κόσμον.¶",ὁ γυνη οταν τικτη εχει λυπην οτι αυτης ὁ ωρα ηλθεν δε οταν γεννηση ὁ παιδιον μνημονευει ουκ ετι ὁ θλιψεως δια ὁ χαραν οτι ανθρωπος εγεννηθη εις ὁ κοσμον,"DIFFERENT FORM: same Strong's G3756, TR 'οὐκέτι' vs DB 'ουκ' | EXTRA: DB has 'ετι' (G2089), no TR counterpart anywhere in verse"
Jhn,16,23,extra_word,1,yes,καὶ ἐν ἐκείνῃ τῇ ἡμέρᾳ ἐμὲ οὐκ ἐρωτήσετε οὐδέν.¶ Ἀμὴν ἀμὴν λέγω ὑμῖν· ὅτι ἄν αἰτήσητε τὸν πατέρα ἐν τῷ ὀνόματί μου δώσει ὑμῖν.,και εν εκεινη ὁ ημερα ερωτησετε ουκ εμε ουδεν αμην αμην λεγω υμιν οτι αν οσα αιτησητε ὁ πατερα εν μου ὁ ονοματι δωσει υμιν,"EXTRA: DB has 'οσα' (G3745), no TR counterpart anywhere in verse"
Jhn,16,25,mixed_content,2,yes,Ταῦτα ἐν παροιμίαις λελάληκα ὑμῖν· ἀλλ᾽ ἔρχεται ὥρα ὅτε οὐκέτι ἐν παροιμίαις λαλήσω ὑμῖν ἀλλὰ παρρησίᾳ περὶ τοῦ πατρὸς ἀναγγελῶ ὑμῖν.¶,ταυτα λελαληκα υμιν εν παροιμιαις αλλ ωρα ερχεται οτε ουκ ετι λαλησω υμιν εν παροιμιαις αλλα αναγγελω υμιν παρρησια περι ὁ πατρος,"DIFFERENT FORM: same Strong's G3756, TR 'οὐκέτι' vs DB 'ουκ' | EXTRA: DB has 'ετι' (G2089), no TR counterpart anywhere in verse"
Jhn,16,32,word_substitution,1,yes,"ἰδοὺ ἔρχεται ὥρα καὶ νῦν ἐλήλυθεν ἵνα σκορπισθῆτε ἕκαστος εἰς τὰ ἴδια κἀμὲ μόνον ἀφῆτε· καὶ οὐκ εἰμὶ μόνος, ὅτι ὁ πατὴρ μετ᾽ ἐμοῦ ἐστιν.",τα ιδου ωρα ερχεται και νυν εληλυθεν ινα σκορπισθητε εκαστος εις ιδια αφητε εμε μονον και ειμι ουκ μονος οτι ὁ πατηρ εστιν μετ εμου,"DIFFERENT FORM: same Strong's G1473, TR 'κἀμὲ' vs DB 'εμε'"
Jhn,17,6,mixed_content,2,yes,Ἐφανέρωσά σου τὸ ὄνομα τοῖς ἀνθρώποις οὓς δέδωκάς μοι ἐκ τοῦ κόσμου· σοὶ ἦσαν κἀμοὶ αὐτοὺς δέδωκας καὶ τὸν λόγον σου τετήρηκαν.,εφανερωσα σου ὁ ονομα ὁ ανθρωποις ους δεδωκας μοι εκ ὁ κοσμου σοι ησαν δεδωκας αυτους εμοι και τετηρηκασιν σου ὁ λογον,"STRONGS MISMATCH: word text matches ('σοὶ'); expected Strong's (TR/TAGNT G4771, cross-walked to this DB's lexeme numbering: G4671/G4771) vs DB actual 'σοι'=G4674 | DIFFERENT FORM: same Strong's G1473, TR 'κἀμοὶ' vs DB 'εμοι'"
Jhn,17,7,extra_word,1,yes,νῦν ἔγνωκαν ὅτι πάντα ὅσα δέδωκάς μοι παρὰ σοῦ,νυν εγνωκαν οτι παντα οσα δεδωκας μοι εστιν παρα σου,"EXTRA: DB has 'εστιν' (G1510), no TR counterpart anywhere in verse"
Jhn,17,9,strongs_mismatch,1,yes,"Ἐγὼ περὶ αὐτῶν ἐρωτῶ· οὐ περὶ τοῦ κόσμου ἐρωτῶ ἀλλὰ περὶ ὧν δέδωκάς μοι, ὅτι σοί εἰσιν·",εγω ερωτω περι αυτων ερωτω ου περι ὁ κοσμου αλλα περι ων δεδωκας μοι οτι εισιν σοι,"STRONGS MISMATCH: word text matches ('σοί'); expected Strong's (TR/TAGNT G4771, cross-walked to this DB's lexeme numbering: G4671/G4771) vs DB actual 'σοι'=G4674"
Jhn,17,11,mixed_content,3,yes,"καὶ οὐκέτι εἰμὶ ἐν τῷ κόσμῳ, καὶ οὗτοι ἐν τῷ κόσμῳ εἰσίν, κἀγὼ πρὸς σὲ ἔρχομαι.¶ Πάτερ ἅγιε, τήρησον αὐτοὺς ἐν τῷ ὀνόματί σου οὕς δέδωκάς μοι ἵνα ὦσιν ἓν καθὼς ἡμεῖς.",ειμι ουκ ετι εν ὁ κοσμω και ουτοι εισιν εν ὁ κοσμω και εγω ερχομαι προς σε αγιε πατερ τηρησον εν σου ὁ ονοματι ους δεδωκας μοι ινα αυτους ωσιν εν καθως ημεις,"DIFFERENT FORM: same Strong's G3756, TR 'οὐκέτι' vs DB 'ουκ' | DIFFERENT FORM: same Strong's G1473, TR 'κἀγὼ' vs DB 'εγω' | EXTRA: DB has 'ετι' (G2089), no TR counterpart anywhere in verse"
Jhn,17,20,strongs_mismatch,1,yes,οὐ περὶ τούτων δὲ ἐρωτῶ μόνον ἀλλὰ καὶ περὶ τῶν πιστευσόντων διὰ τοῦ λόγου αὐτῶν εἰς ἐμέ·,δε ου ερωτω περι τουτων μονον αλλα περι των και πιστευσοντων εις εμε δια αυτων ὁ λογου,"STRONGS MISMATCH: word text matches ('μόνον'); expected Strong's (TR/TAGNT G3441, cross-walked to this DB's lexeme numbering: G3441) vs DB actual 'μονον'=G3440"
Jhn,17,22,mixed_content,2,yes,"κἀγὼ τὴν δόξαν ἣν δέδωκάς μοι δέδωκα αὐτοῖς, ἵνα ὦσιν ἓν καθὼς ἡμεῖς ἕν ἐσμεν·",και ὁ δοξαν ην δεδωκας μοι εγω δεδωκα αυτοις ινα ωσιν εν καθως ημεις εσμεν εν,"DIFFERENT FORM: same Strong's G1473, TR 'κἀγὼ' vs DB 'εγω' | EXTRA: DB has 'και' (G2532), no TR counterpart anywhere in verse"
Jhn,17,25,extra_word,1,yes,"πάτερ δίκαιε, καὶ ὁ κόσμος σε οὐκ ἔγνω, ἐγὼ δέ σε ἔγνων, καὶ οὗτοι ἔγνωσαν ὅτι σύ με ἀπέστειλας·",δικαιε πατερ και ὁ κοσμος εγνω ουκ εγνω σε δε εγω εγνων σε και ουτοι εγνωσαν οτι συ απεστειλας με,"EXTRA: DB has 'εγνων' (G1097), no TR counterpart anywhere in verse"
Jhn,18,16,mixed_content,2,yes,Ὁ δὲ Πέτρος εἱστήκει πρὸς τῇ θύρᾳ ἔξω. ἐξῆλθεν οὖν ὁ μαθητὴς ὁ ἄλλος ὅς ἦν γνωστὸς τῷ ἀρχιερεῖ καὶ εἶπεν τῇ θυρωρῷ καὶ εἰσήγαγεν τὸν Πέτρον.,ο δε πετρος ειστηκει προς ὁ θυρα εξω ουν εξηλθεν ο αλλος ὁ μαθητης ος ην γνωστος ὁ αρχιερει και ειπεν ὁ θυρωρω και εισηγαγεν ὁ πετρον,"MISSING: TR has 'τὸν' (G3588), no match anywhere in DB verse | EXTRA: DB has 'ος' (G3739), no TR counterpart anywhere in verse"
Jhn,18,22,extra_word,1,yes,ταῦτα δὲ αὐτοῦ εἰπόντος εἷς παρεστηκὼς τῶν ὑπηρετῶν ἔδωκεν ῥάπισμα τῷ Ἰησοῦ εἰπών· οὕτως ἀποκρίνῃ τῷ ἀρχιερεῖ;,δε αυτου ειποντος ταυτα ειποντος εις ὁ υπηρετων παρεστηκως εδωκεν ὁ ιησου ραπισμα ειπων αποκρινη ὁ αρχιερει ουτως,"EXTRA: DB has 'ειποντος' (G3004), no TR counterpart anywhere in verse"
Jhn,18,26,extra_word,1,yes,λέγει εἷς ἐκ τῶν δούλων τοῦ ἀρχιερέως συγγενὴς ὢν οὗ ἀπέκοψεν Πέτρος τὸ ὠτίον· οὐκ ἐγώ σε εἶδον ἐν τῷ κήπῳ μετ᾽ αὐτοῦ;,εις εκ ὁ δουλων ὁ αρχιερεως ων συγγενης ου ὁ ωτιον πετρος απεκοψεν λεγει ειδον ουκ εγω ειδον σε εν ὁ κηπω μετ αυτου,"EXTRA: DB has 'ειδον' (G3708), no TR counterpart anywhere in verse"
Jhn,18,30,missing_word,1,yes,ἀπεκρίθησαν καὶ εἶπαν αὐτῷ· εἰ μὴ ἦν οὗτος κακὸν κακοποιός οὐκ ἄν σοι παρεδώκαμεν αὐτόν.,απεκριθησαν και ειπον αυτω ει ουτος ην μη κακοποιος ουκ αν παρεδωκαμεν αυτον σοι,"MISSING: TR has 'κακὸν' (G2556), no match anywhere in DB verse"
Jhn,19,13,extra_word,1,yes,"Ὁ οὖν Πιλᾶτος ἀκούσας τὸν λόγον ἤγαγεν ἔξω τὸν Ἰησοῦν καὶ ἐκάθισεν ἐπὶ τοῦ βήματος εἰς τόπον λεγόμενον Λιθόστρωτον, Ἑβραϊστὶ δὲ Γαββαθα.",ο πιλατος ουν ακουσας τουτον ὁ λογον ηγαγεν ὁ ιησουν εξω και εκαθισεν επι ὁ βηματος εις τοπον λεγομενον λιθοστρωτον δε εβραιστι γαββαθα,"EXTRA: DB has 'τουτον' (G3778), no TR counterpart anywhere in verse"
Jhn,19,17,extra_word,1,yes,"καὶ βαστάζων τὸν σταυρὸν ἐξῆλθεν εἰς τὸν λεγόμενον κρανίου τόπον, ὅς λέγεται Ἑβραϊστὶ Γολγοθα,",τον και βασταζων αυτου ὁ σταυρον εξηλθεν εις τοπον λεγομενον κρανιου ος λεγεται εβραιστι γολγοθα,"EXTRA: DB has 'αυτου' (G0846), no TR counterpart anywhere in verse"
Jhn,19,29,mixed_content,4,yes,σκεῦος οὖν ἔκειτο ὄξους μεστόν. σπόγγον ὄξους καὶ ὑσσώπῳ περιθέντες προσήνεγκαν αὐτοῦ τῷ στόματι.,οι ουν εκειτο σκευος μεστον οξους δε πλησαντες σπογγον οξους και περιθεντες υσσωπω προσηνεγκαν αυτου ὁ στοματι,"DIFFERENT FORM: same Strong's G3588, TR 'τῷ' vs DB 'οι' | EXTRA: DB has 'δε' (G1161), no TR counterpart anywhere in verse | EXTRA: DB has 'πλησαντες' (G4130), no TR counterpart anywhere in verse | EXTRA: DB has 'ὁ' (G3588), no TR counterpart anywhere in verse"
Jhn,19,35,mixed_content,2,yes,"καὶ ὁ ἑωρακὼς μεμαρτύρηκεν καὶ ἀληθινὴ αὐτοῦ ἐστιν ἡ μαρτυρία καὶ ἐκεῖνος οἶδεν ὅτι ἀληθῆ λέγει, ἵνα ὑμεῖς πιστεύσητε.",και ο εωρακως μεμαρτυρηκεν και αυτου ὁ μαρτυρια εστιν αληθινη κακεινος οιδεν οτι λεγει αληθη ινα υμεις πιστευσητε,"DIFFERENT FORM: same Strong's G1565, TR 'ἐκεῖνος' vs DB 'κακεινος' | MISSING: TR has 'καὶ' (G2532), no match anywhere in DB verse"
Jhn,19,38,extra_word,1,yes,"Μετὰ δὲ ταῦτα ἠρώτησεν τὸν Πιλᾶτον ὁ Ἰωσὴφ ὁ ἀπὸ Ἁριμαθαίας ὢν μαθητὴς τοῦ Ἰησοῦ, κεκρυμμένος δὲ διὰ τὸν φόβον τῶν Ἰουδαίων, ἵνα ἄρῃ τὸ σῶμα τοῦ Ἰησοῦ. καὶ ἐπέτρεψεν ὁ Πιλᾶτος. ἦλθεν οὖν καὶ ἦρεν τὸ σῶμα",των ο ο δε μετα ταυτα ιωσηφ απο αριμαθαιας ων μαθητης ὁ δε κεκρυμμενος δια ὁ φοβον ιουδαιων ηρωτησεν ὁ πιλατον ινα αρη ὁ σωμα ὁ ιησου και ὁ πιλατος επετρεψεν ηλθεν ουν και ηρεν ὁ σωμα ὁ ιησου,"EXTRA: DB has 'ὁ' (G3588), no TR counterpart anywhere in verse"
Jhn,20,14,extra_word,1,yes,Καὶ ταῦτα εἰποῦσα ἐστράφη εἰς τὰ ὀπίσω καὶ θεωρεῖ τὸν Ἰησοῦν ἑστῶτα καὶ οὐκ ᾔδει ὅτι ὁ Ἰησοῦς ἐστιν.,τα και ειπουσα ταυτα ειπουσα εστραφη εις οπισω και θεωρει ὁ ιησουν εστωτα και ηδει ουκ οτι εστιν ὁ ιησους,"EXTRA: DB has 'ειπουσα' (G3004), no TR counterpart anywhere in verse"
Jhn,20,29,extra_word,1,yes,λέγει αὐτῷ ὁ Ἰησοῦς· ὅτι ἑώρακάς με Θωμᾷ πεπίστευκας· μακάριοι οἱ μὴ ἰδόντες καὶ πιστεύσαντες.¶,ὁ ιησους λεγει αυτω θωμα οτι εωρακας με πεπιστευκας μακαριοι οι ιδοντες μη ιδοντες και πιστευσαντες,"EXTRA: DB has 'ιδοντες' (G3708), no TR counterpart anywhere in verse"
Jhn,21,2,word_substitution,1,yes,"ἦσαν ὁμοῦ Σίμων Πέτρος, καὶ Θωμᾶς ὁ λεγόμενος Δίδυμος, καὶ Ναθαναὴλ ὁ ἀπὸ Κανὰ τῆς Γαλιλαίας, καὶ οἱ τοῦ Ζεβεδαίου, καὶ ἄλλοι ἐκ τῶν μαθητῶν αὐτοῦ δύο.",ο ο ησαν ομου σιμων πετρος και θωμας λεγομενος διδυμος και ναθαναηλ απο κανα ὁ γαλιλαιας και οι ὁ ζεβεδαιου και δυο αλλοι εκ αυτου ὁ μαθητων,"DIFFERENT FORM: same Strong's G3588, TR 'τῆς' vs DB 'οι'"
Jhn,21,6,mixed_content,2,yes,"ὁ δὲ εἶπεν αὐτοῖς· βάλετε εἰς τὰ δεξιὰ μέρη τοῦ πλοίου τὸ δίκτυον καὶ εὑρήσετε. ἔβαλον οὖν, καὶ οὐκέτι αὐτὸ ἑλκύσαι ἴσχυσαν ἀπὸ τοῦ πλήθους τῶν ἰχθύων.",τα ο δε ειπεν αυτοις βαλετε ὁ δικτυον εις δεξια μερη ὁ πλοιου και ευρησετε εβαλον ουν και ετι ουκ ισχυσαν ελκυσαι αυτο απο ὁ πληθους ὁ ιχθυων,"DIFFERENT FORM: same Strong's G3756, TR 'οὐκέτι' vs DB 'ουκ' | EXTRA: DB has 'ετι' (G2089), no TR counterpart anywhere in verse"
Jhn,21,11,word_substitution,1,yes,ἀνέβη Σίμων Πέτρος καὶ εἵλκυσεν τὸ δίκτυον ἐπὶ τῆς γῆς μεστὸν ἰχθύων μεγάλων ἑκατὸν πεντήκοντα τριῶν· καὶ τοσούτων ὄντων οὐκ ἐσχίσθη τὸ δίκτυον.¶,σιμων πετρος ανεβη και ειλκυσεν ὁ δικτυον επι ὁ γης μεστον μεγαλων ιχθυων εκατον πεντήκοντα πεντηκοντατριων και οντων τοσουτων ουκ ὁ δικτυον εσχισθη,"DIFFERENT FORM: same Strong's G5140, TR 'τριῶν·' vs DB 'πεντηκοντατριων'"
Jhn,21,17,missing_word,1,yes,"λέγει αὐτῷ τὸ τρίτον· Σίμων Ἰωνᾶ φιλεῖς με; ἐλυπήθη ὁ Πέτρος ὅτι εἶπεν αὐτῷ τὸ τρίτον· φιλεῖς με; καὶ εἶπεν αὐτῷ· κύριε, πάντα σὺ οἶδας, σὺ γινώσκεις ὅτι φιλῶ σε. λέγει αὐτῷ ὁ Ἰησοῦς· βόσκε τὰ πρόβατά μου.",το το λεγει αυτω τριτον σιμων ιωνα φιλεις με ὁ πετρος ελυπηθη οτι αυτω τριτον φιλεις με και ειπεν αυτω κυριε συ οιδας παντα συ γινωσκεις οτι φιλω σε ὁ ιησους λεγει αυτω βοσκε μου ὁ προβατα,"MISSING: TR has 'εἶπεν' (G2036), no match anywhere in DB verse"
Jud,1,4,extra_word,1,yes,"παρεισέδυσαν γάρ τινες ἄνθρωποι, οἱ πάλαι προγεγραμμένοι εἰς τοῦτο τὸ κρίμα, ἀσεβεῖς, τὴν τοῦ θεοῦ ἡμῶν χάριτα μετατιθέντες εἰς ἀσέλγειαν καὶ τὸν μόνον δεσπότην θεόν καὶ κύριον ἡμῶν Ἰησοῦν Χριστὸν ἀρνούμενοι.¶",γαρ τινες ανθρωποι παρεισεδυσαν παλαι προγεγραμμενοι εις τουτο ὁ κριμα ασεβεις μετατιθεντες χαριν ὁ ημων ὁ θεου εις ασελγειαν και αρνουμενοι μονον δεσποτην θεον και ημων κυριον ιησουν χριστον οι την τον,"EXTRA: DB has 'οι' (G3588), no TR counterpart anywhere in verse"
Jud,1,5,strongs_mismatch,1,yes,"Ὑπομνῆσαι δὲ ὑμᾶς βούλομαι, εἰδότας ὑμᾶς τοῦτο ὅτι ὁ κύριος ἅπαξ λαὸν ἐκ γῆς Αἰγύπτου σώσας τὸ δεύτερον τοὺς μὴ πιστεύσαντας ἀπώλεσεν.",βουλομαι δε υμας υπομνησαι ειδοτας υμας απαξ τουτο οτι ὁ κυριος σωσας λαον εκ γης αιγυπτου δευτερον απωλεσεν πιστευσαντας μη το τους,"STRONGS MISMATCH: word text matches ('τοῦτο'); expected Strong's (TR/TAGNT G5124, cross-walked to this DB's lexeme numbering: G3956/G5124) vs DB actual 'τουτο'=G3778"
Jud,1,12,extra_word,1,yes,"Οὗτοί εἰσιν ἐν ταῖς ἀγάπαις ὑμῶν σπιλάδες, συνευωχούμενοι, ἀφόβως ἑαυτοὺς ποιμαίνοντες· νεφέλαι ἄνυδροι, ὑπὸ ἀνέμων περιφερόμεναι δένδρα φθινοπωρινὰ ἄκαρπα, δὶς ἀποθανόντα, ἐκριζωθέντα·",ουτοι εισιν σπιλαδες εν υμων ὁ αγαπαις συνευωχουμενοι υμιν ποιμαινοντες εαυτους αφοβως νεφελαι ανυδροι περιφερομεναι υπο ανεμων δενδρα φθινοπωρινα ακαρπα δις αποθανοντα εκριζωθεντα,"EXTRA: DB has 'υμιν' (G4771), no TR counterpart anywhere in verse"
Jud,1,17,mixed_content,2,yes,"Ὑμεῖς δὲ ἀγαπητοί, μνήσθητε τῶν ῥημάτων τῶν προειρημένων ὑπὸ τῶν ἀποστόλων τοῦ κυρίου ἡμῶν Ἰησοῦ Χριστοῦ,",δε αγαπητοι μνησθητε υμεις ὁ ρηματων προειρημενων υπο ὁ αποστολων ὁ ημων ὁ κυριου ιησου χριστου των,"STRONGS MISMATCH: word text matches ('προειρημένων'); expected Strong's (TR/TAGNT G4280, cross-walked to this DB's lexeme numbering: G4280) vs DB actual 'προειρημενων'=G4302 | EXTRA: DB has 'ὁ' (G3588), no TR counterpart anywhere in verse"
Jud,1,19,extra_word,1,yes,"οὗτοί εἰσιν οἱ ἀποδιορίζοντες, ψυχικοί, πνεῦμα μὴ ἔχοντες.",ουτοι εισιν αποδιοριζοντες εαυτους ψυχικοι εχοντες μη πνευμα οι,"EXTRA: DB has 'εαυτους' (G1438), no TR counterpart anywhere in verse"
Jud,1,24,mixed_content,3,yes,"Τῷ δὲ δυναμένῳ φυλάξαι αὐτούς ἀπταίστους καὶ στῆσαι κατενώπιον τῆς δόξης αὐτοῦ ἀμώμους ἐν ἀγαλλιάσει,",δε δυναμενω φυλαξαι υμας απταιστους και στησαι αμωμους κατενωπιον ὁ αυτου ὁ δοξης εν αγαλλιασει τω,"MISSING: TR has 'αὐτοῦ' (G0846), no match anywhere in DB verse | EXTRA: DB has 'υμας' (G4771), no TR counterpart anywhere in verse | EXTRA: DB has 'ὁ' (G3588), no TR counterpart anywhere in verse"
Luk,1,12,extra_word,1,yes,"καὶ ἐταράχθη Ζαχαρίας ἰδών, καὶ φόβος ἐπέπεσεν ἐπ᾽ αὐτόν.¶",και ιδων ζαχαριας ιδων εταραχθη και φοβος επεπεσεν επ αυτον,"EXTRA: DB has 'ιδων' (G3708), no TR counterpart anywhere in verse"
Luk,1,14,strongs_mismatch,1,yes,"καὶ ἔσται χαρά σοι καὶ ἀγαλλίασις, καὶ πολλοὶ ἐπὶ τῇ γεννήσει αὐτοῦ χαρήσονται.",και σοι εσται χαρα και αγαλλιασις και πολλοι χαρησονται επι αυτου ὁ γεννησει,"STRONGS MISMATCH: word text matches ('γεννήσει'); expected Strong's (TR/TAGNT G1080, cross-walked to this DB's lexeme numbering: G1078/G1080) vs DB actual 'γεννησει'=G1083"
Luk,1,35,extra_word,2,yes,Καὶ ἀποκριθεὶς ὁ ἄγγελος εἶπεν αὐτῇ· πνεῦμα ἅγιον ἐπελεύσεται ἐπὶ σὲ καὶ δύναμις ὑψίστου ἐπισκιάσει σοι· διὸ καὶ τὸ γεννώμενον ἅγιον κληθήσεται υἱὸς θεοῦ.,και αγγελος αποκριθεις ειπεν αυτη αγιον πνευμα επελευσεται επι σε και δυναμις υψιστου επισκιασει σοι διο και ὁ αγιον ὁ γεννωμενον εκ σου κληθησεται υιος θεου,"EXTRA: DB has 'εκ' (G1537), no TR counterpart anywhere in verse | EXTRA: DB has 'σου' (G4771), no TR counterpart anywhere in verse"
Luk,1,48,extra_word,1,yes,ὅτι ἐπέβλεψεν ἐπὶ τὴν ταπείνωσιν τῆς δούλης αὐτοῦ. ἰδοὺ γὰρ ἀπὸ τοῦ νῦν μακαριοῦσίν με πᾶσαι αἱ γενεαὶ,του επι οτι επεβλεψεν ὁ ταπεινωσιν ὁ αυτου ὁ δουλης γαρ ιδου απο νυν πασαι ὁ γενεαι μακαριουσιν με,"EXTRA: DB has 'ὁ' (G3588), no TR counterpart anywhere in verse"
Luk,1,55,extra_word,1,yes,"καθὼς ἐλάλησεν πρὸς τοὺς πατέρας ἡμῶν, τῷ Ἀβραὰμ καὶ τῷ σπέρματι αὐτοῦ εἰς τὸν αἰῶνα.¶",τω καθως ελαλησεν προς ημων ὁ πατερας αβρααμ και ὁ αυτου ὁ σπερματι εις ὁ αιωνα,"EXTRA: DB has 'ὁ' (G3588), no TR counterpart anywhere in verse"
Luk,1,58,extra_word,1,yes,"καὶ ἤκουσαν οἱ περίοικοι καὶ οἱ συγγενεῖς αὐτῆς ὅτι ἐμεγάλυνεν κύριος τὸ ἔλεος αὐτοῦ μετ᾽ αὐτῆς, καὶ συνέχαιρον αὐτῇ.¶",οι οι και αυτης περιοικοι και αυτης συγγενεις ηκουσαν οτι κυριος εμεγαλυνεν ὁ ελεος μετ αυτης και συνεχαιρον αυτη αυτου,"EXTRA: DB has 'αυτη' (G0846), no TR counterpart anywhere in verse"
Luk,1,59,extra_word,1,yes,Καὶ ἐγένετο ἐν ἡμέρᾳ τῇ ὀγδόῃ ἦλθον περιτεμεῖν τὸ παιδίον καὶ ἐκάλουν αὐτὸ ἐπὶ τῷ ὀνόματι τοῦ πατρὸς αὐτοῦ Ζαχαρίαν.,τη και εγενετο εν ογδοη ημερα ηλθον περιτεμειν ὁ παιδιον και εκαλουν αυτο ζαχαριαν επι ὁ ονοματι ὁ αυτου ὁ πατρος,"EXTRA: DB has 'ὁ' (G3588), no TR counterpart anywhere in verse"
Luk,1,62,extra_word,1,yes,ἐνένευον δὲ τῷ πατρὶ αὐτοῦ τὸ τί ἂν θέλοι καλεῖσθαι αὐτόν,αν το δε ενενευον ὁ αυτου ὁ πατρι τι θελοι αυτον καλεισθαι,"EXTRA: DB has 'ὁ' (G3588), no TR counterpart anywhere in verse"
Luk,1,74,extra_word,3,yes,ἀφόβως ἐκ χειρὸς τῶν ἐχθρῶν ἡμῶν ῥυσθέντας λατρεύειν αὐτῷ,των του δουναι ημιν ρυσθεντας εκ χειρος ημων εχθρων λατρευειν αυτω αφοβως,"EXTRA: DB has 'του' (G3588), no TR counterpart anywhere in verse | EXTRA: DB has 'δουναι' (G1325), no TR counterpart anywhere in verse | EXTRA: DB has 'ημιν' (G1473), no TR counterpart anywhere in verse"
Luk,1,77,extra_word,1,yes,τοῦ δοῦναι γνῶσιν σωτηρίας τῷ λαῷ αὐτοῦ ἐν ἀφέσει ἁμαρτιῶν αὐτῶν,του δουναι γνωσιν σωτηριας ὁ αυτου ὁ λαω εν αφεσει αυτων αμαρτιων,"EXTRA: DB has 'ὁ' (G3588), no TR counterpart anywhere in verse"
Luk,2,22,word_substitution,1,yes,"καὶ ὅτε ἐπλήσθησαν αἱ ἡμέραι τοῦ καθαρισμοῦ αὐτῶν κατὰ τὸν νόμον Μωϋσέως, ἀνήγαγον αὐτὸν εἰς Ἱεροσόλυμα παραστῆσαι τῷ κυρίῳ",και οτε ημεραι ὁ αυτης ὁ καθαρισμου κατα ὁ νομον μωσεως επλησθησαν ανηγαγον αυτον εις ιεροσολυμα παραστησαι ὁ κυριω,"DIFFERENT FORM: same Strong's G0846, TR 'αὐτῶν' vs DB 'αυτης'"
Luk,2,26,extra_word,2,yes,καὶ ἦν αὐτῷ κεχρηματισμένον ὑπὸ τοῦ πνεύματος τοῦ ἁγίου μὴ ἰδεῖν θάνατον πρὶν ἢ ἴδῃ τὸν χριστὸν κυρίου,η του και ην κεχρηματισμενον αυτω υπο αγιου ὁ πνευματος ιδειν μη ιδειν θανατον πριν ιδη ὁ κυριου ὁ χριστον,"EXTRA: DB has 'ιδειν' (G3708), no TR counterpart anywhere in verse | EXTRA: DB has 'ὁ' (G3588), no TR counterpart anywhere in verse"
Luk,2,33,extra_word,1,yes,Καὶ ἦν αὐτοῦ καὶ ἡ μήτηρ θαυμάζοντες ἐπὶ τοῖς λαλουμένοις περὶ αὐτοῦ.,τοις και ιωσηφ και αυτου ὁ μητηρ θαυμαζοντες επι λαλουμενοις περι αυτου ην,"EXTRA: DB has 'ιωσηφ' (G2501), no TR counterpart anywhere in verse"
Luk,2,37,word_substitution,1,yes,καὶ αὐτὴ χήρα ὡς ἐτῶν ὀγδοήκοντα τεσσάρων ἣ οὐκ ἀφίστατο ἀπὸ τοῦ ἱεροῦ νηστείαις καὶ δεήσεσιν λατρεύουσα νύκτα καὶ ἡμέραν·,και αυτη χηρα ως ὀγδοήκοντα ογδοηκοντατεσσαρων ετων η αφιστατο ουκ απο ὁ ιερου λατρευουσα νηστειαις και δεησεσιν νυκτα και ημεραν,"DIFFERENT FORM: same Strong's G5064, TR 'τεσσάρων' vs DB 'ογδοηκοντατεσσαρων'"
Luk,3,14,extra_word,2,yes,ἐπηρώτων δὲ αὐτὸν καὶ στρατευόμενοι λέγοντες· τί καὶ ἡμεῖς; καὶ εἶπεν πρὸς αὐτούς μηδένα διασείσητε μηδὲ συκοφαντήσητε καὶ ἀρκεῖσθε τοῖς ὀψωνίοις ὑμῶν.¶,δε στρατευομενοι και επηρωτων αυτον λεγοντες και τι ποιησομεν ημεις ποιησομεν και ειπεν προς αυτους διασεισητε μηδενα μηδε συκοφαντησητε και αρκεισθε υμων ὁ οψωνιοις,"EXTRA: DB has 'ποιησομεν' (G4160), no TR counterpart anywhere in verse | EXTRA: DB has 'ποιησομεν' (G4160), no TR counterpart anywhere in verse"
Luk,3,16,extra_word,2,yes,"ἀπεκρίνατο λέγων ὁ Ἰωάννης· ἐγὼ μὲν ὕδατι βαπτίζω ὑμᾶς· ἔρχεται δὲ ὁ ἰσχυρότερός μου, οὗ οὐκ εἰμὶ ἱκανὸς λῦσαι τὸν ἱμάντα τῶν ὑποδημάτων αὐτοῦ. αὐτὸς ὑμᾶς βαπτίσει ἐν πνεύματι ἁγίῳ καὶ πυρί,",ο ὁ ιωαννης απεκρινατο λεγων απασιν απασιν εγω μεν βαπτιζω υμας υδατι δε ισχυροτερος μου ερχεται ὁ ιμαντα αυτου ου ὁ υποδηματων ειμι ουκ ικανος λυσαι αυτος βαπτισει υμας εν αγιω πνευματι και πυρι,"EXTRA: DB has 'απασιν' (G0537), no TR counterpart anywhere in verse | EXTRA: DB has 'απασιν' (G0537), no TR counterpart anywhere in verse"
Luk,3,22,extra_word,1,yes,"καὶ καταβῆναι τὸ πνεῦμα τὸ ἅγιον σωματικῷ εἴδει ὡσεὶ περιστερὰν ἐπ᾽ αὐτὸν καὶ φωνὴν ἐξ οὐρανοῦ γενέσθαι λέγουσαν· σὺ εἶ ὁ υἱός μου ὁ ἀγαπητός, ἐν σοὶ εὐδόκησα.¶",ο το και ὁ αγιον ὁ πνευμα καταβηναι σωματικω ειδει ωσει περιστεραν επ αυτον και φωνην γενεσθαι εξ ουρανου λεγουσαν συ ει μου αγαπητος ὁ υιος εν σοι ηυδοκησα,"EXTRA: DB has 'ὁ' (G3588), no TR counterpart anywhere in verse"
Luk,3,29,mixed_content,2,yes,τοῦ Ἰωσή τοῦ Ἐλιέζερ τοῦ Ἰωρὶμ τοῦ Μαθθὰτ τοῦ Λευὶ,ιωση ιωση ελιεζερ ὁ ιωρειμ ὁ ὁ ματθατ ὁ ὁ λευι,"STRONGS MISMATCH: word text matches ('Ἰωσή'); expected Strong's (TR/TAGNT G2499, cross-walked to this DB's lexeme numbering: G2424/G2499) vs DB actual 'ιωση'=G2500 | EXTRA: DB has 'ιωση' (G2500), no TR counterpart anywhere in verse"
Luk,4,22,extra_word,1,yes,καὶ πάντες ἐμαρτύρουν αὐτῷ καὶ ἐθαύμαζον ἐπὶ τοῖς λόγοις τῆς χάριτος τοῖς ἐκπορευομένοις ἐκ τοῦ στόματος αὐτοῦ καὶ ἔλεγον· Οὐχ υἱός ἐστιν ὁ Ἰωσὴφ οὗτος;,και παντες αυτω εμαρτυρουν και εθαυμαζον επι ὁ ὁ χαριτος ὁ λογοις τοις εκπορευομενοις εκ αυτου ὁ στοματος και ελεγον εστιν ουχ ουτος ιωσηφ ὁ υιος,"EXTRA: DB has 'ὁ' (G3588), no TR counterpart anywhere in verse"
Luk,4,23,extra_word,1,yes,"καὶ εἶπεν πρὸς αὐτούς· πάντως ἐρεῖτέ μοι τὴν παραβολὴν ταύτην· ἰατρέ, θεράπευσον σεαυτόν· ὅσα ἠκούσαμεν γενόμενα ἐν τὴν Καφαρναούμ, ποίησον καὶ ὧδε ἐν τῇ πατρίδι σου.¶",τη και ειπεν προς αυτους ερειτε παντως ερειτε μοι ταυτην ὁ παραβολην ιατρε θεραπευσον σεαυτον οσα ηκουσαμεν γενομενα εν καπερναουμ ποιησον και ωδε εν σου ὁ πατριδι,"EXTRA: DB has 'ερειτε' (G2046), no TR counterpart anywhere in verse"
Luk,4,29,extra_word,2,yes,καὶ ἀναστάντες ἐξέβαλον αὐτὸν ἔξω τῆς πόλεως καὶ ἤγαγον αὐτὸν ἕως τῆς ὀφρύος τοῦ ὄρους ἐφ᾽ οὗ ἡ πόλις ᾠκοδόμητο αὐτῶν κατακρημνίσαι αὐτόν.,το και ανασταντες εξεβαλον αυτον εξω ὁ πολεως και ηγαγον αυτον εως ὁ οφρυος ὁ ορους εφ αυτων ὁ πολις ωκοδομητο εις αυτον κατακρημνισαι ου,"EXTRA: DB has 'ὁ' (G3588), no TR counterpart anywhere in verse | EXTRA: DB has 'εις' (G1519), no TR counterpart anywhere in verse"
Luk,5,1,word_substitution,1,yes,Ἐγένετο δὲ ἐν τῷ τὸν ὄχλον ἐπικεῖσθαι αὐτῷ τοῦ ἀκούειν τὸν λόγον τοῦ θεοῦ καὶ αὐτὸς ἦν ἑστὼς παρὰ τὴν λίμνην Γεννησαρὲτ,δε εγενετο εν ὁ οχλον επικεισθαι ὁ αυτω ὁ ακουειν ὁ λογον ὁ θεου και αυτος εἰμί εστως παρα ὁ λιμνην γεννησαρετ,"DIFFERENT FORM: same Strong's G1510, TR 'ἦν' vs DB 'εἰμί'"
Luk,5,14,extra_word,1,yes,καὶ αὐτὸς παρήγγειλεν αὐτῷ μηδενὶ εἰπεῖν ἀλλ᾽ ἀπελθὼν δεῖξον σεαυτὸν τῷ ἱερεῖ καὶ προσένεγκε περὶ τοῦ καθαρισμοῦ σου καθὼς προσέταξεν Μωϋσῆς εἰς μαρτύριον αὐτοῖς.¶,και αυτος παρηγγειλεν αυτω ειπειν ειπειν μηδενι αλλα απελθων δειξον σεαυτον ὁ ιερει και προσενεγκε περι σου ὁ καθαρισμου καθως μωσης προσεταξεν εις μαρτυριον αυτοις,"EXTRA: DB has 'ειπειν' (G3004), no TR counterpart anywhere in verse"
Luk,5,36,mixed_content,3,yes,"ἔλεγεν δὲ καὶ παραβολὴν πρὸς αὐτοὺς ὅτι οὐδεὶς ἐπίβλημα ἱματίου καινοῦ ἐπιβάλλει ἐπὶ ἱμάτιον παλαιόν· εἰ δὲ μή γε, καὶ τὸ καινὸν σχίζει καὶ τῷ παλαιῷ οὐ συμφωνεῖ ἐπίβλημα τὸ ἀπὸ τοῦ καινοῦ.",δε ελεγεν και παραβολην προς αυτους οτι ουδεις επιβαλλει επιβλημα καινου ιματιου επι ιματιον παλαιον ει μηγε δε και ὁ καινον σχιζει και επιβλημα το απο ὁ καινου συμφωνει ου ὁ παλαιω,"MISSING: TR has 'μή' (G3361), no match anywhere in DB verse | MISSING: TR has 'γε,' (G1065), no match anywhere in DB verse | EXTRA: DB has 'μηγε' (G1490), no TR counterpart anywhere in verse"
Luk,5,37,mixed_content,3,yes,"καὶ οὐδεὶς βάλλει οἶνον νέον εἰς ἀσκοὺς παλαιούς· εἰ δὲ μή γε, ῥήξει ὁ οἶνος νέος τοὺς ἀσκοὺς καὶ αὐτὸς ἐκχυθήσεται, καὶ οἱ ἀσκοὶ ἀπολοῦνται·",και ουδεις βαλλει νεον οινον εις παλαιους ασκους εἰ δέ μηγε νεος ὁ οινος ρηξει ὁ ασκους και αυτος εκχυθησεται και ὁ ασκοι απολουνται,"MISSING: TR has 'μή' (G3361), no match anywhere in DB verse | MISSING: TR has 'γε,' (G1065), no match anywhere in DB verse | EXTRA: DB has 'μηγε' (G1490), no TR counterpart anywhere in verse"
Luk,6,1,extra_word,1,yes,"Ἐγένετο δὲ ἐν σαββάτῳ δευτεροπρώτῳ διαπορεύεσθαι αὐτὸν διὰ τῶν σπορίμων, καὶ ἔτιλλον οἱ μαθηταὶ αὐτοῦ καὶ ἤσθιον τοὺς στάχυας ψώχοντες ταῖς χερσίν.",των δε εγενετο εν σαββατω δευτεροπρωτω αυτον διαπορευεσθαι δια σποριμων και αυτου ὁ μαθηται ετιλλον ὁ σταχυας και ησθιον ψωχοντες ὁ ὁ χερσιν,"EXTRA: DB has 'ὁ' (G3588), no TR counterpart anywhere in verse"
Luk,6,10,extra_word,2,yes,καὶ περιβλεψάμενος πάντας αὐτοὺς εἶπεν ἔκτεινον τὴν χεῖρά σου. ὁ δὲ ἐποίησεν οὕτως· καὶ ἀπεκατεστάθη ἡ χεὶρ αὐτοῦ ὑγιὴς ὡς ἡ ἄλλη.,η ο και περιβλεψαμενος αυτους παντας ειπεν ὁ ανθρωπω εκτεινον σου ὁ χειρα δε εποιησεν ουτως και αυτου ὁ χειρ αποκατεσταθη υγιης ως αλλη,"EXTRA: DB has 'ανθρωπω' (G0444), no TR counterpart anywhere in verse | EXTRA: DB has 'ὁ' (G3588), no TR counterpart anywhere in verse"
Luk,6,17,extra_word,6,yes,καὶ καταβὰς μετ᾽ αὐτῶν ἔστη ἐπὶ τόπου πεδινοῦ. καὶ ὄχλος μαθητῶν αὐτοῦ καὶ πλῆθος πολὺ τοῦ λαοῦ ἀπὸ πάσης τῆς Ἰουδαίας καὶ Ἰερουσαλὴμ καὶ τῆς παραλίου Τύρου καὶ Σιδῶνος,της καταβας μετ εστη επι τοπου πεδινου και οχλος μαθητων και πολυ πληθος ὁ λαου απο πασης ὁ ιουδαιας και ιερουσαλημ και παραλιου τυρου και σιδωνος οι ηλθον ακουσαι αυτου και ιαθηναι αυτων ὁ νοσων,"EXTRA: DB has 'οι' (G3739), no TR counterpart anywhere in verse | EXTRA: DB has 'ηλθον' (G2064), no TR counterpart anywhere in verse | EXTRA: DB has 'ακουσαι' (G0191), no TR counterpart anywhere in verse | EXTRA: DB has 'ιαθηναι' (G2390), no TR counterpart anywhere in verse | EXTRA: DB has 'ὁ' (G3588), no TR counterpart anywhere in verse | EXTRA: DB has 'νοσων' (G3554), no TR counterpart anywhere in verse"
Luk,6,23,mixed_content,2,yes,χαίρετε ἐν ἐκείνῃ τῇ ἡμέρᾳ καὶ σκιρτήσατε· ἰδοὺ γὰρ ὁ μισθὸς ὑμῶν πολὺς ἐν τῷ οὐρανῷ. κατὰ τὰ ταῦτα γὰρ ἐποίουν τοῖς προφήταις οἱ πατέρες αὐτῶν.¶,χαιρετε εν εκεινη ὁ ημερα και σκιρτησατε γαρ ιδου υμων ὁ μισθος πολυς εν ὁ ουρανω γαρ κατα ταυτα εποιουν αυτων ὁ πατερες ὁ προφηταις,"STRONGS MISMATCH: word text matches ('ταῦτα'); expected Strong's (TR/TAGNT G5024, cross-walked to this DB's lexeme numbering: G0846/G5024) vs DB actual 'ταυτα'=G3778 | MISSING: TR has 'τοῖς' (G3588), no match anywhere in DB verse"
Luk,6,26,mixed_content,2,yes,Οὐαὶ ὑμῖν ὅταν ὑμᾶς καλῶς εἴπωσιν πάντες οἱ ἄνθρωποι· κατὰ τὰ ταῦτα γὰρ ἐποίουν τοῖς ψευδοπροφήταις οἱ πατέρες αὐτῶν.,ουαι υμιν οταν παντες ὁ ανθρωποι ειπωσιν καλως υμας γαρ κατα ταυτα εποιουν αυτων ὁ πατερες ὁ ψευδοπροφηταις,"STRONGS MISMATCH: word text matches ('ταῦτα'); expected Strong's (TR/TAGNT G5024, cross-walked to this DB's lexeme numbering: G0846/G5024) vs DB actual 'ταυτα'=G3778 | MISSING: TR has 'τοῖς' (G3588), no match anywhere in DB verse"
Luk,6,29,extra_word,1,yes,"τῷ τύπτοντί σε ἐπὶ τὴν σιαγόνα, πάρεχε καὶ τὴν ἄλλην· καὶ ἀπὸ τοῦ αἴροντός σου τὸ ἱμάτιον καὶ τὸν χιτῶνα μὴ κωλύσῃς.¶",του την τω τυπτοντι σε επι ὁ ὁ σιαγονα παρεχε και αλλην και απο αιροντος σου ὁ ιματιον κωλυσης μη ὁ χιτωνα και,"EXTRA: DB has 'ὁ' (G3588), no TR counterpart anywhere in verse"
Luk,6,34,word_substitution,1,yes,καὶ ἐὰν δανείζητε παρ᾽ ὧν ἐλπίζετε ἀπολαβεῖν ποία ὑμῖν χάρις ἐστίν; καὶ γὰρ οἱ ἁμαρτωλοὶ ἁμαρτωλοῖς δανίζουσιν ἵνα ἀπολάβωσιν τὰ ἴσα.,και εαν δανειζητε παρ ων ελπιζητε απολαβειν ποια χαρις εστιν υμιν γαρ ὁ αμαρτωλοι και δανειζουσιν αμαρτωλοις ινα απολαβωσιν ὁ ισα,"DIFFERENT FORM: same Strong's G1679, TR 'ἐλπίζετε' vs DB 'ελπιζητε'"
Luk,6,37,missing_word,1,yes,"καὶ μὴ κρίνετε, καὶ οὐ μὴ κριθῆτε. μὴ καταδικάζετε, καὶ οὐ μὴ καταδικασθῆτε. ἀπολύετε, καὶ ἀπολυθήσεσθε.",κρινετε μη και κριθητε ου μη καταδικαζετε μη και οὐ μη καταδικασθητε απολυετε και απολυθησεσθε,"MISSING: TR has 'καὶ' (G2532), no match anywhere in DB verse"
Luk,6,42,extra_word,1,yes,"ἢ πῶς δύνασαι λέγειν τῷ ἀδελφῷ σου· ἀδελφέ, ἄφες ἐκβάλω τὸ κάρφος τὸ ἐν τῷ ὀφθαλμῷ σου, αὐτὸς τὴν ἐν τῷ ὀφθαλμῷ σου δοκὸν οὐ βλέπων; ὑποκριτά, ἔκβαλε πρῶτον τὴν δοκὸν ἐκ τοῦ ὀφθαλμοῦ σου, καὶ τότε διαβλέψεις τὸ κάρφος τὸ ἐν τῷ ὀφθαλμῷ τοῦ ἀδελφοῦ σου ἐκβαλεῖν.",το την το η πως δυνασαι λεγειν ὁ σου ὁ αδελφω αδελφε αφες εκβαλω ὁ καρφος εν σου ὁ οφθαλμω αυτος βλεπων ου δοκον εν σου ὁ οφθαλμω υποκριτα εκβαλε πρωτον ὁ δοκον εκ σου ὁ οφθαλμου και τοτε διαβλεψεις εκβαλειν ὁ καρφος εν σου ὁ αδελφου ὁ οφθαλμω,"EXTRA: DB has 'ὁ' (G3588), no TR counterpart anywhere in verse"
Luk,6,45,missing_word,1,yes,"Ὁ ἀγαθὸς ἄνθρωπος ἐκ τοῦ ἀγαθοῦ θησαυροῦ τῆς καρδίας αὐτοῦ προφέρει τὸ ἀγαθόν, καὶ ὁ πονηρὸς ἄνθρωπος ἐκ τοῦ πονηροῦ θησαυροῦ τῆς καρδίας αὑτοῦ προφέρει τὸ πονηρόν· ἐκ γὰρ τοῦ περισσεύματος τῆς καρδίας λαλεῖ τὸ στόμα αὐτοῦ.",ὁ αγαθος ανθρωπος εκ ὁ αγαθου θησαυρου ὁ καρδιας προφερει ὁ αγαθον και ὁ πονηρος ανθρωπος εκ ὁ πονηρου θησαυρου αυτου ὁ καρδιας προφερει ὁ πονηρον γαρ εκ ὁ περισσευματος ὁ καρδιας αυτου ὁ στομα λαλει,"MISSING: TR has 'αὑτοῦ' (G1438), no match anywhere in DB verse"
Luk,6,48,extra_word,2,yes,"ὅμοιός ἐστιν ἀνθρώπῳ οἰκοδομοῦντι οἰκίαν ὃς ἔσκαψεν καὶ ἐβάθυνεν καὶ ἔθηκεν θεμέλιον ἐπὶ τὴν πέτραν. πλημμύρης δὲ γενομένης προσέρηξεν ὁ ποταμὸς τῇ οἰκίᾳ ἐκείνῃ, καὶ οὐκ ἴσχυσεν σαλεῦσαι τεθεμελίωτο ἐπὶ τὴν πέτραν.¶",εστιν ομοιος ανθρωπω ος οικοδομουντι οικιαν και εσκαψεν εβαθυνεν και εθηκεν θεμελιον επι ὁ πετραν δε πλημμυρας γενομενης ὁ ποταμος προσερρηξεν εκεινη ὁ οικια και ισχυσεν ουκ σαλευσαι αυτην γαρ τεθεμελιωτο επι ὁ πετραν,"EXTRA: DB has 'αυτην' (G0846), no TR counterpart anywhere in verse | EXTRA: DB has 'γαρ' (G1063), no TR counterpart anywhere in verse"
Luk,7,1,extra_word,2,yes,"ἐπλήρωσεν πάντα τὰ ῥήματα αὐτοῦ εἰς τὰς ἀκοὰς τοῦ λαοῦ, εἰσῆλθεν εἰς Καφαρναούμ.",δε επει επληρωσεν παντα αυτου ὁ ρηματα εις ὁ ακοας ὁ λαου εισηλθεν εις καπερναουμ,"EXTRA: DB has 'δε' (G1161), no TR counterpart anywhere in verse | EXTRA: DB has 'επει' (G1893), no TR counterpart anywhere in verse"
Luk,7,13,extra_word,1,yes,καὶ ἰδὼν αὐτὴν ὁ κύριος ἐσπλαγχνίσθη ἐπ᾽ αὐτῇ καὶ εἶπεν αὐτῇ· μὴ κλαῖε.,και ιδων ὁ κυριος ιδων αυτην εσπλαγχνισθη επ αυτη και ειπεν αυτη κλαιε μη,"EXTRA: DB has 'ιδων' (G3708), no TR counterpart anywhere in verse"
Luk,7,19,extra_word,7,yes,"ἔπεμψεν πρὸς τὸν Ἰησοῦν λέγων· σὺ εἶ ὁ ἐρχόμενος, ἢ ἄλλον προσδοκῶμεν;¶",και ιωαννης προσκαλεσαμενος δυο τινας αυτου ὁ μαθητων επεμψεν προς ὁ ιησουν λεγων ει συ ερχομενος η προσδοκωμεν αλλον,"EXTRA: DB has 'και' (G2532), no TR counterpart anywhere in verse | EXTRA: DB has 'ιωαννης' (G2491), no TR counterpart anywhere in verse | EXTRA: DB has 'προσκαλεσαμενος' (G4341), no TR counterpart anywhere in verse | EXTRA: DB has 'δυο' (G1417), no TR counterpart anywhere in verse | EXTRA: DB has 'τινας' (G5100), no TR counterpart anywhere in verse | EXTRA: DB has 'αυτου' (G0846), no TR counterpart anywhere in verse | EXTRA: DB has 'μαθητων' (G3101), no TR counterpart anywhere in verse"
Luk,7,25,strongs_mismatch,1,yes,ἀλλὰ τί ἐξεληλύθατε ἰδεῖν; ἄνθρωπον ἐν μαλακοῖς ἱματίοις ἠμφιεσμένον; ἰδοὺ οἱ ἐν ἱματισμῷ ἐνδόξῳ καὶ τρυφῇ ὑπάρχοντες ἐν τοῖς βασιλείοις εἰσίν.,αλλα τι εξεληλυθατε ιδειν ανθρωπον ημφιεσμενον εν μαλακοις ιματιοις ιδου οι εν ενδοξω ιματισμω και υπαρχοντες τρυφη εισιν εν ὁ βασιλειοις,"STRONGS MISMATCH: word text matches ('βασιλείοις'); expected Strong's (TR/TAGNT G0933, cross-walked to this DB's lexeme numbering: G0933) vs DB actual 'βασιλειοις'=G0934"
Luk,7,26,strongs_mismatch,1,no,ἀλλὰ τί ἐξεληλύθατε ἰδεῖν; προφήτην; ναὶ λέγω ὑμῖν· καὶ περισσότερον προφήτου.,αλλα τι εξεληλυθατε ιδειν προφητην ναι λεγω υμιν και περισσοτερον προφητου,"STRONGS MISMATCH: word text matches ('περισσότερον'); expected Strong's (TR/TAGNT G4054, cross-walked to this DB's lexeme numbering: G4054) vs DB actual 'περισσοτερον'=G4053"
Luk,7,28,extra_word,1,yes,Λέγω γὰρ ὑμῖν· μείζων ἐν γεννητοῖς γυναικῶν προφήτης τοῦ βαπτιστοῦ οὐδείς ἐστιν. ὁ δὲ μικρότερος ἐν τῇ βασιλείᾳ τοῦ θεοῦ μείζων αὐτοῦ ἐστιν.,ο γαρ λεγω υμιν εν γεννητοις γυναικων εστιν ουδεις μειζων προφητης ιωαννου ὁ βαπτιστου δε μικροτερος εν ὁ βασιλεια ὁ θεου εστιν μειζων αυτου,"EXTRA: DB has 'ιωαννου' (G2491), no TR counterpart anywhere in verse"
Luk,7,39,extra_word,1,yes,"ἰδὼν δὲ ὁ Φαρισαῖος ὁ καλέσας αὐτὸν εἶπεν ἐν ἑαυτῷ λέγων· οὗτος εἰ ἦν προφήτης, ἐγίνωσκεν ἂν τίς καὶ ποταπὴ ἡ γυνὴ ἥτις ἅπτεται αὐτοῦ ὅτι ἁμαρτωλός ἐστιν.¶",δε ιδων ὁ φαρισαιος ο καλεσας αυτον ιδων λεγων εν εαυτω ειπεν ουτος ει ην προφητης εγινωσκεν αν τις και ποταπη ὁ γυνη ητις απτεται αυτου οτι εστιν αμαρτωλος,"EXTRA: DB has 'ιδων' (G3708), no TR counterpart anywhere in verse"
Luk,8,7,strongs_mismatch,1,yes,"καὶ ἕτερον ἔπεσεν ἐν μέσῳ τῶν ἀκανθῶν, καὶ συμφυεῖσαι αἱ ἄκανθαι ἀπέπνιξαν αὐτό.",και ετερον επεσεν εν μεσω ὁ ακανθων και ὁ ακανθαι συμφυεισαι απεπνιξαν αυτο,"STRONGS MISMATCH: word text matches ('ἀπέπνιξαν'); expected Strong's (TR/TAGNT G0575, cross-walked to this DB's lexeme numbering: G0575) vs DB actual 'απεπνιξαν'=G0638"
Luk,8,12,word_substitution,1,yes,οἱ δὲ παρὰ τὴν ὁδόν εἰσιν οἱ ἀκούοντες εἶτα ἔρχεται ὁ διάβολος καὶ αἴρει τὸν λόγον ἀπὸ τῆς καρδίας αὐτῶν ἵνα μὴ πιστεύσαντες σωθῶσιν.,ο δε οι παρα ὁ οδον εισιν οι ακουοντες ειτα ερχεται διαβολος και αιρει ὁ λογον απο αυτων ὁ καρδιας ινα μη πιστευσαντες σωθωσιν,"DIFFERENT FORM: same Strong's G3588, TR 'τὴν' vs DB 'οι'"
Luk,8,14,mixed_content,2,yes,"τὸ δὲ εἰς τὰς ἀκάνθας πεσόν, οὗτοί εἰσιν οἱ ἀκούσαντες, καὶ ὑπὸ μεριμνῶν καὶ πλούτου καὶ ἡδονῶν τοῦ βίου πορευόμενοι συμπνίγονται καὶ οὐ τελεσφοροῦσιν.",δε το πεσον εις ὁ ακανθας εισιν ουτοι οι ακουσαντες πορευομενοι και συμπνιγονται υπο μεριμνων και πλουτου και ηδονων ὁ ὁ βιου και ου τελεσφορουσιν,"DIFFERENT FORM: same Strong's G3588, TR 'τὰς' vs DB 'οι' | EXTRA: DB has 'ὁ' (G3588), no TR counterpart anywhere in verse"
Luk,8,29,word_substitution,1,yes,"παρήγγειλεν γὰρ τῷ πνεύματι τῷ ἀκαθάρτῳ ἐξελθεῖν ἀπὸ τοῦ ἀνθρώπου· πολλοῖς γὰρ χρόνοις συνηρπάκει αὐτόν, καὶ ἐδεσμεῖτο ἁλύσεσιν καὶ πέδαις φυλασσόμενος, καὶ διαρρήσσων τὰ δεσμὰ ἠλαύνετο ὑπὸ τοῦ δαίμονος εἰς τὰς ἐρήμους.",γαρ παρηγγειλεν ὁ ακαθαρτω ὁ πνευματι εξελθειν απο ὁ ανθρωπου γαρ πολύς χρονοις συνηρπακει αυτον και φυλασσομενος εδεσμειτο αλυσεσιν και πεδαις και διαρρησσων ὁ δεσμα ηλαυνετο υπο ὁ δαιμονος εις ὁ ερημους,"DIFFERENT FORM: same Strong's G4183, TR 'πολλοῖς' vs DB 'πολύς'"
Luk,8,31,word_substitution,1,yes,καὶ παρεκάλει αὐτὸν ἵνα μὴ ἐπιτάξῃ αὐτοῖς εἰς τὴν ἄβυσσον ἀπελθεῖν.,και παρεκαλουν αυτον ινα μη επιταξη αυτοις απελθειν εις ὁ αβυσσον,"DIFFERENT FORM: same Strong's G3870, TR 'παρεκάλει' vs DB 'παρεκαλουν'"
Luk,8,50,strongs_mismatch,1,yes,ὁ δὲ Ἰησοῦς ἀκούσας ἀπεκρίθη αὐτῷ λέγων· μὴ φοβοῦ· μόνον πίστευε καὶ σωθήσεται.,ο δε ιησους ακουσας απεκριθη αυτω λεγων φοβου μη πιστευε μονον και σωθησεται,"STRONGS MISMATCH: word text matches ('μόνον'); expected Strong's (TR/TAGNT G3441, cross-walked to this DB's lexeme numbering: G3441) vs DB actual 'μονον'=G3440"
Luk,9,18,missing_word,1,yes,"Καὶ ἐγένετο ἐν τῷ εἶναι αὐτὸν προσευχόμενον κατὰ μόνας συνῆσαν αὐτῷ οἱ μαθηταί, καὶ ἐπηρώτησεν αὐτοὺς λέγων· τίνα με λέγουσιν οἱ ὄχλοι εἶναι;",τω και εγενετο εν αυτον ειναι καταμονας προσευχομενον ὁ μαθηται συνησαν αυτω και επηρωτησεν αυτους λεγων λεγουσιν ὁ οχλοι τινα με ειναι,"MISSING: TR has 'κατὰ' (G2596), no match anywhere in DB verse"
Luk,9,29,extra_word,1,yes,"καὶ ἐγένετο ἐν τῷ προσεύχεσθαι αὐτὸν τὸ εἶδος τοῦ προσώπου αὐτοῦ ἕτερον, καὶ ὁ ἱματισμὸς αὐτοῦ λευκὸς ἐξαστράπτων.",τω και εγενετο εν αυτον προσευχεσθαι ὁ ειδος ὁ αυτου ὁ προσωπου ετερον και αυτου ὁ ιματισμος λευκος εξαστραπτων,"EXTRA: DB has 'ὁ' (G3588), no TR counterpart anywhere in verse"
Luk,9,34,extra_word,1,yes,ταῦτα δὲ αὐτοῦ λέγοντος ἐγένετο νεφέλη καὶ ἐπεσκίασεν αὐτούς. ἐφοβήθησαν δὲ ἐν τῷ εἰσελθεῖν εἰς τὴν νεφέλην.,τω δε αυτου ταυτα λεγοντος εγενετο νεφελη και επεσκιασεν αυτους δε εφοβηθησαν εν εκεινους εισελθειν εις ὁ νεφελην,"EXTRA: DB has 'εκεινους' (G1565), no TR counterpart anywhere in verse"
Luk,9,42,extra_word,1,yes,ἔτι δὲ προσερχομένου αὐτοῦ ἔρρηξεν αὐτὸν τὸ δαιμόνιον καὶ συνεσπάραξεν. ἐπετίμησεν δὲ ὁ Ἰησοῦς τῷ πνεύματι τῷ ἀκαθάρτῳ καὶ ἰάσατο τὸν παῖδα καὶ ἀπέδωκεν αὐτὸν τῷ πατρὶ αὐτοῦ.,τω δε αυτου ετι προσερχομενου δαιμονιον ερρηξεν αυτον και συνεσπαραξεν δε ὁ ιησους επετιμησεν ὁ ακαθαρτω ὁ πνευματι και ιασατο ὁ παιδα και απεδωκεν αυτον ὁ αυτου ὁ πατρι,"EXTRA: DB has 'ὁ' (G3588), no TR counterpart anywhere in verse"
Luk,9,50,strongs_mismatch,2,yes,Καὶ Εἶπεν πρὸς αὐτὸν ὁ Ἰησοῦς· μὴ κωλύετε· ὃς γὰρ οὐκ ἔστιν καθ᾽ ἡμῶν ὑπὲρ ἡμῶν ἐστιν.¶,και ὁ ιησους ειπεν προς αυτον κωλυετε μη γαρ ος εστιν ουκ καθ ημων εστιν υπερ ημων,"STRONGS MISMATCH: word text matches ('ἡμῶν'); expected Strong's (TR/TAGNT G2257, cross-walked to this DB's lexeme numbering: G2257/G4771) vs DB actual 'ημων'=G1473 | STRONGS MISMATCH: word text matches ('ἡμῶν'); expected Strong's (TR/TAGNT G2257, cross-walked to this DB's lexeme numbering: G2257/G4771) vs DB actual 'ημων'=G1473"
Luk,9,51,extra_word,1,yes,Ἐγένετο δὲ ἐν τῷ συμπληροῦσθαι τὰς ἡμέρας τῆς ἀναλήμψεως αὐτοῦ καὶ αὐτὸς τὸ πρόσωπον αὐτοῦ ἐστήρισεν τοῦ πορεύεσθαι εἰς Ἰερουσαλήμ.,του τω δε εγενετο εν ὁ ημερας συμπληρουσθαι ὁ αυτου ὁ αναληψεως και αυτος εστηριξεν αυτου ὁ προσωπον πορευεσθαι εις ιερουσαλημ,"EXTRA: DB has 'ὁ' (G3588), no TR counterpart anywhere in verse"
Luk,9,54,extra_word,1,yes,"ἰδόντες δὲ οἱ μαθηταὶ αὐτοῦ Ἰάκωβος καὶ Ἰωάννης εἶπαν· κύριε, θέλεις εἴπωμεν πῦρ καταβῆναι ἀπὸ τοῦ οὐρανοῦ καὶ ἀναλῶσαι αὐτούς ὡς καὶ Ἠλίας ἐποίησεν;",δε ιδοντες αυτου ὁ μαθηται ιακωβος και ιωαννης ιδοντες ειπον κυριε θελεις ειπωμεν πυρ καταβηναι απο ὁ ουρανου και αναλωσαι αυτους και ως ηλιας εποιησεν,"EXTRA: DB has 'ιδοντες' (G3708), no TR counterpart anywhere in verse"
Luk,9,61,extra_word,1,yes,"Εἶπεν δὲ καὶ ἕτερος· ἀκολουθήσω σοι, κύριε· πρῶτον δὲ ἐπίτρεψόν μοι ἀποτάξασθαι τοῖς εἰς τὸν οἶκόν μου.",δε ετερος και ειπεν κυριε ακολουθησω σοι δε επιτρεψον μοι πρωτον αποταξασθαι τοις εις ὁ μου ὁ οικον,"EXTRA: DB has 'ὁ' (G3588), no TR counterpart anywhere in verse"
Luk,10,5,extra_word,1,yes,"εἰς ἣν δ᾽ ἂν οἰκίαν, πρῶτον λέγετε· εἰρήνη τῷ οἴκῳ τούτῳ.",δ εις ην αν οικιαν εισερχησθε πρωτον λεγετε ειρηνη τουτω ὁ οικω,"EXTRA: DB has 'εισερχησθε' (G1525), no TR counterpart anywhere in verse"
Luk,10,6,mixed_content,3,yes,"καὶ ἐὰν μέν ἐκεῖ ᾖ υἱὸς εἰρήνης, ἐπαναπαύσεται ἐπ᾽ αὐτὸν ἡ εἰρήνη ὑμῶν· εἰ δὲ μή γε, ἐφ᾽ ὑμᾶς ἀνακάμψει.",και ἐάν μεν υιος ειρηνης η εκει υμων ὁ ειρηνη επαναπαυσεται επ αυτον ει δε μηγε ανακαμψει εφ υμας,"MISSING: TR has 'μή' (G3361), no match anywhere in DB verse | MISSING: TR has 'γε,' (G1065), no match anywhere in DB verse | EXTRA: DB has 'μηγε' (G1490), no TR counterpart anywhere in verse"
Luk,10,7,extra_word,1,yes,ἐν αὐτῇ δὲ τῇ οἰκίᾳ μένετε ἐσθίοντες καὶ πίνοντες τὰ παρ᾽ αὐτῶν· ἄξιος γὰρ ὁ ἐργάτης τοῦ μισθοῦ αὐτοῦ ἐστίν. μὴ μεταβαίνετε ἐξ οἰκίας εἰς οἰκίαν.,δε εν αυτη ὁ οικια μενετε εσθιοντες και πινοντες τα αυτων παρ γαρ ὁ εργατης εστιν αξιος ὁ αυτου ὁ μισθου μεταβαινετε μη εξ οικιας εις οικιαν,"EXTRA: DB has 'ὁ' (G3588), no TR counterpart anywhere in verse"
Luk,10,11,extra_word,1,yes,καὶ τὸν κονιορτὸν τὸν κολληθέντα ἡμῖν ἐκ τῆς πόλεως ὑμῶν ἀπομασσόμεθα ὑμῖν· πλὴν τοῦτο γινώσκετε ὅτι ἤγγικεν ἐφ᾽ ὑμᾶς ἡ βασιλεία τοῦ θεοῦ.,τον ὁ και ὁ κονιορτον εκ υμων ὁ πολεως κολληθεντα ημιν απομασσομεθα υμιν πλην γινωσκετε τουτο οτι ὁ βασιλεια ὁ θεου ηγγικεν εφ υμας,"EXTRA: DB has 'ὁ' (G3588), no TR counterpart anywhere in verse"
Luk,10,22,missing_word,6,yes,"καὶ στραφείς πρός τούς μαθητάς εἶπεν πάντα μοι παρεδόθη ὑπὸ τοῦ πατρός μου, καὶ οὐδεὶς γινώσκει τίς ἐστιν ὁ υἱὸς εἰ μὴ ὁ πατήρ, καὶ τίς ἐστιν ὁ πατὴρ εἰ μὴ ὁ υἱὸς καὶ ᾧ ἐὰν βούληται ὁ υἱὸς ἀποκαλύψαι.¶",παντα παρεδοθη μοι υπο μου ὁ πατρος και ουδεις γινωσκει τις ὁ υιος εστιν εἰ μη ὁ πατηρ και τις ὁ πατηρ εστιν εἰ μη ὁ υιος και εαν ω ὁ υιος βουληται αποκαλυψαι,"MISSING: TR has 'στραφείς' (G4762), no match anywhere in DB verse | MISSING: TR has 'πρός' (G4314), no match anywhere in DB verse | MISSING: TR has 'μαθητάς' (G3101), no match anywhere in DB verse | MISSING: TR has 'εἶπεν' (G2036), no match anywhere in DB verse | MISSING: TR has 'τοῦ' (G3588), no match anywhere in DB verse | MISSING: TR has 'καὶ' (G2532), no match anywhere in DB verse"
Luk,10,24,extra_word,1,yes,"λέγω γὰρ ὑμῖν ὅτι πολλοὶ προφῆται καὶ βασιλεῖς ἠθέλησαν ἰδεῖν ἃ ὑμεῖς βλέπετε καὶ οὐκ εἶδαν, καὶ ἀκοῦσαι ἃ ἀκούετε καὶ οὐκ ἤκουσαν.¶",γαρ λεγω υμιν οτι πολλοι προφηται και βασιλεις ηθελησαν ιδειν α υμεις βλεπετε και ειδον ουκ ειδον και ακουσαι α ακουετε και ουκ ηκουσαν,"EXTRA: DB has 'ειδον' (G3708), no TR counterpart anywhere in verse"
Luk,10,27,extra_word,1,yes,"Ὁ δὲ ἀποκριθεὶς εἶπεν· ἀγαπήσεις κύριον τὸν θεόν σου ἐξ ὅλης τῆς καρδίας σου καὶ ἐξ ὅλης τῆς ψυχῆς σου καὶ ἐξ ὅλης τῆς ἰσχύος σου καὶ ἐξ ὅλης τῆς διανοίας σου, καὶ τὸν πλησίον σου ὡς σεαυτόν.¶",τον ο δε ειπεν αποκριθεις ειπεν αγαπησεις κυριον σου ὁ θεον εξ ολης σου ὁ καρδιας και εξ ολης σου ὁ ψυχης και εξ ολης σου ὁ ισχυος και εξ ολης σου ὁ διανοιας και σου πλησιον ως σεαυτον,"EXTRA: DB has 'ειπεν' (G3004), no TR counterpart anywhere in verse"
Luk,10,29,extra_word,1,yes,Ὁ δὲ θέλων δικαιοῦν ἑαυτὸν εἶπεν πρὸς τὸν Ἰησοῦν· καὶ τίς ἐστίν μου πλησίον;,ο δε ειπεν θελων δικαιουν εαυτον ειπεν προς ὁ ιησουν και τις εστιν μου πλησιον,"EXTRA: DB has 'ειπεν' (G3004), no TR counterpart anywhere in verse"
Luk,10,30,word_substitution,1,yes,ὑπολαβὼν δὲ ὁ Ἰησοῦς εἶπεν· ἄνθρωπός τις κατέβαινεν ἀπὸ Ἰερουσαλὴμ εἰς Ἰεριχὼ καὶ λῃσταῖς περιέπεσεν οἳ καὶ ἐκδύσαντες αὐτὸν καὶ πληγὰς ἐπιθέντες ἀπῆλθον ἀφέντες ἡμιθανῆ τυγχάνοντα.,δε ὁ ιησους υπολαβων ειπεν τις ανθρωπος κατεβαινεν απο ιερουσαλημ εις ιεριχω και περιεπεσεν λησταις και οι εκδυσαντες αυτον και πληγή επιθεντες απηλθον αφεντες ημιθανη τυγχανοντα,"DIFFERENT FORM: same Strong's G4127, TR 'πληγὰς' vs DB 'πληγή'"
Luk,11,1,extra_word,1,yes,"Καὶ ἐγένετο ἐν τῷ εἶναι αὐτὸν ἐν τόπῳ τινὶ προσευχόμενον, ὡς ἐπαύσατο, εἶπέν τις τῶν μαθητῶν αὐτοῦ πρὸς αὐτόν· κύριε, δίδαξον ἡμᾶς προσεύχεσθαι καθὼς καὶ Ἰωάννης ἐδίδαξεν τοὺς μαθητὰς αὐτοῦ.",τω και εγενετο εν αυτον ειναι προσευχομενον εν τινι τοπω ως επαυσατο τις ὁ αυτου ὁ μαθητων ειπεν προς αυτον κυριε διδαξον ημας προσευχεσθαι καθως ιωαννης και εδιδαξεν αυτου ὁ μαθητας,"EXTRA: DB has 'ὁ' (G3588), no TR counterpart anywhere in verse"
Luk,11,8,extra_word,1,yes,"λέγω ὑμῖν· εἰ καὶ οὐ δώσει αὐτῷ ἀναστὰς διὰ τὸ εἶναι φίλον αὐτοῦ, διά γε τὴν ἀναίδειαν αὐτοῦ ἐγερθεὶς δώσει αὐτῷ ὅσων χρῄζει.",το λεγω υμιν ει και ου αναστας δωσει αυτω δια ειναι αυτου φιλον γε δια ὁ αυτου ὁ αναιδειαν εγερθεις δωσει αυτω οσων χρηζει,"EXTRA: DB has 'ὁ' (G3588), no TR counterpart anywhere in verse"
Luk,11,13,extra_word,1,yes,"εἰ οὖν ὑμεῖς πονηροὶ ὑπάρχοντες οἴδατε δόματα ἀγαθὰ διδόναι τοῖς τέκνοις ὑμῶν, πόσῳ μᾶλλον ὁ πατὴρ ὁ ἐξ οὐρανοῦ δώσει πνεῦμα ἅγιον τοῖς αἰτοῦσιν αὐτόν.¶",τοις ο ει υμεις ουν υπαρχοντες πονηροι οιδατε διδοναι αγαθα δοματα ὁ υμων ὁ τεκνοις ποσω μαλλον εξ ουρανου ὁ πατηρ δωσει αγιον πνευμα αιτουσιν αυτον,"EXTRA: DB has 'ὁ' (G3588), no TR counterpart anywhere in verse"
Luk,11,26,extra_word,1,yes,"τότε πορεύεται καὶ παραλαμβάνει ἕτερα πνεύματα πονηρότερα ἑαυτοῦ ἑπτά, καὶ εἰσελθόντα κατοικεῖ ἐκεῖ· καὶ γίνεται τὰ ἔσχατα τοῦ ἀνθρώπου ἐκείνου χείρονα τῶν πρώτων.¶",των τα τοτε πορευεται και παραλαμβανει επτα ετερα πνευματα πονηροτερα εαυτου και εισελθοντα κατοικει εκει και εσχατα ὁ εκεινου ὁ ανθρωπου γινεται χειρονα πρωτων,"EXTRA: DB has 'ὁ' (G3588), no TR counterpart anywhere in verse"
Luk,11,29,extra_word,1,yes,Τῶν δὲ ὄχλων ἐπαθροιζομένων ἤρξατο λέγειν· ἡ γενεὰ αὕτη πονηρά ἐστιν. σημεῖον ἐπιζητεῖ καὶ σημεῖον οὐ δοθήσεται αὐτῇ εἰ μὴ τὸ σημεῖον Ἰωνᾶ τοῦ προφήτου.,των δε οχλων επαθροιζομενων ηρξατο λεγειν αυτη εστιν ὁ πονηρα ὁ γενεα επιζητει σημειον και δοθησεται ου σημειον αυτη ει μη ὁ σημειον ιωνα ὁ προφητου,"EXTRA: DB has 'ὁ' (G3588), no TR counterpart anywhere in verse"
Luk,11,38,extra_word,1,yes,ὁ δὲ Φαρισαῖος ἰδὼν ἐθαύμασεν ὅτι οὐ πρῶτον ἐβαπτίσθη πρὸ τοῦ ἀρίστου.¶,ο δε ιδων φαρισαιος ιδων εθαυμασεν οτι ου πρωτον εβαπτισθη προ ὁ αριστου,"EXTRA: DB has 'ιδων' (G3708), no TR counterpart anywhere in verse"
Luk,11,46,extra_word,1,yes,"Ὁ δὲ εἶπεν· καὶ ὑμῖν τοῖς νομικοῖς οὐαί, ὅτι φορτίζετε τοὺς ἀνθρώπους φορτία δυσβάστακτα καὶ αὐτοὶ ἑνὶ τῶν δακτύλων ὑμῶν οὐ προσψαύετε τοῖς φορτίοις.¶",τοις ο δε ειπεν ουαι υμιν και νομικοις οτι φορτιζετε ὁ ανθρωπους φορτια δυσβαστακτα και αυτοι προσψαυετε ου ὁ φορτιοις ὁ ενι υμων ὁ δακτυλων,"EXTRA: DB has 'ὁ' (G3588), no TR counterpart anywhere in verse"
Luk,11,50,extra_word,1,yes,"ἵνα ἐκζητηθῇ τὸ αἷμα πάντων τῶν προφητῶν τὸ ἐκχυνόμενον ἀπὸ καταβολῆς κόσμου ἀπὸ τῆς γενεᾶς ταύτης,",το ινα ὁ αιμα ὁ παντων ὁ προφητων εκχυνομενον απο καταβολης κοσμου εκζητηθη απο ταυτης ὁ γενεας,"EXTRA: DB has 'ὁ' (G3588), no TR counterpart anywhere in verse"
Luk,12,4,strongs_mismatch,1,yes,Λέγω δὲ ὑμῖν τοῖς φίλοις μου· μὴ φοβηθῆτε ἀπὸ τῶν ἀποκτεινόντων τὸ σῶμα καὶ μετὰ ταῦτα μὴ ἐχόντων περισσότερόν τι ποιῆσαι.,των τοις δε λεγω υμιν μου φιλοις μη φοβηθητε απο αποκτεινοντων ὁ σωμα και μετα ταυτα εχοντων μη περισσοτερον τι ποιησαι,"STRONGS MISMATCH: word text matches ('περισσότερόν'); expected Strong's (TR/TAGNT G4055, cross-walked to this DB's lexeme numbering: G4055) vs DB actual 'περισσοτερον'=G4053"
Luk,12,18,strongs_mismatch,1,yes,καὶ εἶπεν· τοῦτο ποιήσω· καθελῶ μου τὰς ἀποθήκας καὶ μείζονας οἰκοδομήσω καὶ συνάξω ἐκεῖ πάντα τὰ γενήματά μου καὶ τὰ ἀγαθά μου,τα και ειπεν τουτο ποιησω καθελω μου ὁ αποθηκας και οικοδομησω μειζονας και εκει συναξω παντα μου ὁ γενηματα και μου αγαθα,"STRONGS MISMATCH: word text matches ('γενήματά'); expected Strong's (TR/TAGNT G6013, cross-walked to this DB's lexeme numbering: G4621/G6013) vs DB actual 'γενηματα'=G1081"
Luk,12,38,word_substitution,1,yes,"κἂν ἔλθῃ ἐν τῇ δευτέρᾳ φυλακῇ καὶ ἐν τῇ τρίτῃ φυλακῇ ἔλθῃ καὶ εὕρῃ οὕτως, μακάριοί εἰσιν οἱ δοῦλοι ἐκεῖνοι.¶",τη τη εαν ελθη εν δευτερα φυλακη και ελθη εν τριτη φυλακη και ευρη ουτως μακαριοι εισιν εκεινοι ὁ δουλοι,"DIFFERENT FORM: same Strong's G2532, TR 'κἂν' vs DB 'εαν'"
Luk,12,46,extra_word,1,yes,ἥξει ὁ κύριος τοῦ δούλου ἐκείνου ἐν ἡμέρᾳ ᾗ οὐ προσδοκᾷ καὶ ἐν ὥρᾳ ᾗ οὐ γινώσκει καὶ διχοτομήσει αὐτὸν καὶ τὸ μέρος αὐτοῦ μετὰ τῶν ἀπίστων θήσει.¶,των ὁ κυριος ὁ εκεινου ὁ δουλου ηξει εν ημερα η προσδοκα ου και εν ωρα η ου γινωσκει και διχοτομησει αυτον και θησει αυτου ὁ μερος μετα απιστων,"EXTRA: DB has 'ὁ' (G3588), no TR counterpart anywhere in verse"
Luk,12,48,strongs_mismatch,1,yes,"ὁ δὲ μὴ γνοὺς ποιήσας δὲ ἄξια πληγῶν δαρήσεται ὀλίγας. παντὶ δὲ ᾧ ἐδόθη πολύ, πολὺ ζητηθήσεται παρ᾽ αὐτοῦ· καὶ ᾧ παρέθεντο πολύ, περισσότερον αἰτήσουσιν αὐτόν.¶",ο δε γνους μη δε ποιησας αξια πληγων δαρησεται ολιγας δε παντι ω πολυ εδοθη παρ αυτου πολυ ζητηθησεται και ω παρεθεντο πολυ αυτον αιτησουσιν περισσοτερον,"STRONGS MISMATCH: word text matches ('περισσότερον'); expected Strong's (TR/TAGNT G4055, cross-walked to this DB's lexeme numbering: G4055) vs DB actual 'περισσοτερον'=G4053"
Luk,12,58,extra_word,1,yes,"ὡς γὰρ ὑπάγεις μετὰ τοῦ ἀντιδίκου σου ἐπ᾽ ἄρχοντα, ἐν τῇ ὁδῷ δὸς ἐργασίαν ἀπηλλάχθαι ἀπ᾽ αὐτοῦ μήποτε κατασύρῃ σε πρὸς τὸν κριτήν, καὶ ὁ κριτής σε παραδῷ τῷ πράκτορι, καὶ ὁ πράκτωρ σε εἰς φυλακήν.",ως γαρ υπαγεις μετα σου ὁ αντιδικου επ αρχοντα εν ὁ οδω δος εργασιαν απηλλαχθαι απ αυτου μηποτε κατασυρη σε προς ὁ κριτην και ὁ κριτης παραδω σε ὁ πρακτορι και ὁ πρακτωρ βαλλη σε εις φυλακην,"EXTRA: DB has 'βαλλη' (G0906), no TR counterpart anywhere in verse"
Luk,13,4,extra_word,2,yes,"Ἢ ἐκεῖνοι οἱ ἐφ᾽ οὓς ἔπεσεν ὁ πύργος ἐν τῷ Σιλωὰμ καὶ ἀπέκτεινεν αὐτούς, δοκεῖτε ὅτι οὗτοι ὀφειλέται ἐγένοντο παρὰ πάντας ἀνθρώπους τοὺς κατοικοῦντας ἐν Ἰερουσαλήμ;",η εκεινοι ὁ δέκα καί οκτω εν ους ὁ πυργος εφ ὁ σιλωαμ επεσεν απεκτεινεν αυτους δοκειτε οτι ουτοι εγενοντο οφειλεται παρα παντας ανθρωπους ὁ κατοικουντας εν ιερουσαλημ,"EXTRA: DB has 'δέκα' (G1176), no TR counterpart anywhere in verse | EXTRA: DB has 'οκτω' (G3638), no TR counterpart anywhere in verse"
Luk,13,7,mixed_content,2,yes,εἶπεν δὲ πρὸς τὸν ἀμπελουργόν· ἰδοὺ τρία ἔτη ἔρχομαι ζητῶν καρπὸν ἐν τῇ συκῇ ταύτῃ καὶ οὐχ εὑρίσκω· ἔκκοψον αὐτήν· ἱνατί καὶ τὴν γῆν καταργεῖ;¶,δε ειπεν προς ὁ αμπελουργον ιδου τρια ετη ερχομαι ζητων καρπον εν ταυτη ὁ συκη και ευρισκω ουχ αυτην εκκοψον ινα τι και καταργει την γην,"DIFFERENT FORM: same Strong's G2443, TR 'ἱνατί' vs DB 'ινα' | EXTRA: DB has 'τι' (G5101), no TR counterpart anywhere in verse"
Luk,13,8,strongs_mismatch,1,yes,"Ὁ δὲ ἀποκριθεὶς λέγει αὐτῷ· κύριε, ἄφες αὐτὴν καὶ τοῦτο τὸ ἔτος, ἕως ὅτου σκάψω περὶ αὐτὴν καὶ βάλω κόπριαν",ο δε αποκριθεις λεγει αυτω κυριε αυτην αφες τουτο ὁ ετος και εως οτου σκαψω περι αυτην και κοπριαν βαλω,"STRONGS MISMATCH: word text matches ('ὅτου'); expected Strong's (TR/TAGNT G3748, cross-walked to this DB's lexeme numbering: G3748) vs DB actual 'οτου'=G3755"
Luk,13,9,mixed_content,3,yes,"κἂν μὲν ποιήσῃ καρπὸν εἰς τὸ μέλλον. εἰ δὲ μή γε, ἐκκόψεις αὐτήν.¶",το καν μεν ποιηση καρπον δε ει μηγε εις μελλον εκκοψεις αυτην,"MISSING: TR has 'μή' (G3361), no match anywhere in DB verse | MISSING: TR has 'γε,' (G1065), no match anywhere in DB verse | EXTRA: DB has 'μηγε' (G1490), no TR counterpart anywhere in verse"
Luk,13,11,extra_word,2,yes,καὶ ἰδοὺ γυνὴ ἦν πνεῦμα ἔχουσα ἀσθενείας ἔτη καὶ ἦν συγκύπτουσα καὶ μὴ δυναμένη ἀνακύψαι εἰς τὸ παντελές.,το ιδου ην γυνη εχουσα πνευμα ασθενειας δεκα και οκτω ετη και ην συγκυπτουσα και δυναμενη εις μη παντελες ανακυψαι,"EXTRA: DB has 'δεκα' (G1176), no TR counterpart anywhere in verse | EXTRA: DB has 'οκτω' (G3638), no TR counterpart anywhere in verse"
Luk,13,14,strongs_mismatch,1,yes,"Ἀποκριθεὶς δὲ ὁ ἀρχισυνάγωγος, ἀγανακτῶν ὅτι τῷ σαββάτῳ ἐθεράπευσεν ὁ Ἰησοῦς, ἔλεγεν τῷ ὄχλῳ ἓξ ἡμέραι εἰσὶν ἐν αἷς δεῖ ἐργάζεσθαι· ἐν ταύταις οὖν ἐρχόμενοι θεραπεύεσθε καὶ μὴ τῇ ἡμέρᾳ τοῦ σαββάτου.¶",δε ὁ αρχισυναγωγος αποκριθεις αγανακτων οτι ὁ ιησους εθεραπευσεν ὁ σαββατω ελεγεν ὁ οχλω εισιν εξ ημεραι εν αις δει εργαζεσθαι εν ταυταις ουν ερχομενοι θεραπευεσθε και μη ὁ σαββατου ὁ ημερα,"STRONGS MISMATCH: word text matches ('ταύταις'); expected Strong's (TR/TAGNT G5025, cross-walked to this DB's lexeme numbering: G0846/G5025) vs DB actual 'ταυταις'=G3778"
Luk,13,22,strongs_mismatch,1,yes,Καὶ διεπορεύετο κατὰ πόλεις καὶ κώμας διδάσκων καὶ πορείαν ποιούμενος εἰς Ἱεροσόλυμα.¶,και διεπορευετο κατα πολεις και κωμας διδασκων και ποιουμενος πορειαν εις ιερουσαλημ,"STRONGS MISMATCH: word text matches ('Ἱεροσόλυμα.¶'); expected Strong's (TR/TAGNT G2414, cross-walked to this DB's lexeme numbering: G2414) vs DB actual 'ιερουσαλημ'=G2419"
Luk,13,35,extra_word,1,yes,ἰδοὺ ἀφίεται ὑμῖν ὁ οἶκος ὑμῶν ἔρημος. ἀμὴν λέγω δὲ ὑμῖν ὅτι· οὐ μὴ ἴδητέ με ἕως ἄν ἥξῃ ὅτε εἴπητε· εὐλογημένος ὁ ἐρχόμενος ἐν ὀνόματι κυρίου.¶,ιδου υμων ὁ οικος αφιεται υμιν ερημος δε αμην λεγω υμιν οτι ιδητε μη ου ιδητε με εως αν ηξη οτε ειπητε ευλογημενος ο ερχομενος εν ονοματι κυριου,"EXTRA: DB has 'ιδητε' (G3708), no TR counterpart anywhere in verse"
Luk,14,27,strongs_mismatch,1,yes,"καὶ ὅστις οὐ βαστάζει τὸν σταυρὸν ἑαυτοῦ καὶ ἔρχεται ὀπίσω μου, οὐ δύναται εἶναί μου μαθητής.¶",και οστις ου βασταζει αυτου ὁ σταυρον και ερχεται οπισω μου ου δυναται ειναι μου μαθητης,"STRONGS MISMATCH: word text matches ('ἑαυτοῦ'); expected Strong's (TR/TAGNT G1438, cross-walked to this DB's lexeme numbering: G1438) vs DB actual 'αυτου'=G0846"
Luk,14,32,mixed_content,3,yes,"εἰ δὲ μή γε, ἔτι αὐτοῦ πόρρω ὄντος πρεσβείαν ἀποστείλας ἐρωτᾷ τὰ πρὸς εἰρήνην.¶",τα δε ει μηγε αυτου οντος ετι πορρω αποστειλας πρεσβειαν ερωτα προς ειρηνην,"MISSING: TR has 'μή' (G3361), no match anywhere in DB verse | MISSING: TR has 'γε,' (G1065), no match anywhere in DB verse | EXTRA: DB has 'μηγε' (G1490), no TR counterpart anywhere in verse"
Luk,15,4,mixed_content,2,yes,τίς ἄνθρωπος ἐξ ὑμῶν ἔχων ἑκατὸν πρόβατα καὶ ἀπολέσας ἐξ αὐτῶν ἓν οὐ καταλείπει τὰ ἐνενήκοντα ἐννέα ἐν τῇ ἐρήμῳ καὶ πορεύεται ἐπὶ τὸ ἀπολωλὸς ἕως εὕρῃ αὐτό;,τη τα τις ανθρωπος εξ υμων εχων εκατον προβατα και απολεσας εν εξ αυτων ου καταλειπει εννενηκονταεννεα εν ερημω και πορευεται επι το απολωλος εως ευρη αυτο,"DIFFERENT FORM: same Strong's G1768, TR 'ἐνενήκοντα' vs DB 'εννενηκονταεννεα' | MISSING: TR has 'ἐννέα' (G1767), no match anywhere in DB verse"
Luk,15,7,mixed_content,2,yes,Λέγω ὑμῖν ὅτι οὕτως χαρὰ ἐν τῷ οὐρανῷ ἔσται ἐπὶ ἑνὶ ἁμαρτωλῷ μετανοοῦντι ἢ ἐπὶ ἐνενήκοντα ἐννέα δικαίοις οἵτινες οὐ χρείαν ἔχουσιν μετανοίας.¶,λεγω υμιν οτι ουτως χαρα εσται εν ὁ ουρανω επι ενι αμαρτωλω μετανοουντι η επι εννενηκονταεννεα δικαιοις οιτινες εχουσιν χρειαν ου μετανοιας,"DIFFERENT FORM: same Strong's G1768, TR 'ἐνενήκοντα' vs DB 'εννενηκονταεννεα' | MISSING: TR has 'ἐννέα' (G1767), no match anywhere in DB verse"
Luk,15,8,strongs_mismatch,1,yes,"Ἢ τίς γυνὴ δραχμὰς ἔχουσα δέκα, ἐὰν ἀπολέσῃ δραχμὴν μίαν, οὐχὶ ἅπτει λύχνον καὶ σαροῖ τὴν οἰκίαν καὶ ζητεῖ ἐπιμελῶς ἕως ὅτου εὕρῃ;",η τις γυνη εχουσα δεκα δραχμας εαν απολεση μιαν δραχμην ουχι απτει λυχνον και σαροι ὁ οικιαν και ζητει επιμελως εως οτου ευρη,"STRONGS MISMATCH: word text matches ('ὅτου'); expected Strong's (TR/TAGNT G3748, cross-walked to this DB's lexeme numbering: G2228/G2229/G3739/G3748) vs DB actual 'οτου'=G3755"
Luk,15,12,extra_word,1,yes,"καὶ εἶπεν ὁ νεώτερος αὐτῶν τῷ πατρί· πάτερ, δός μοι τὸ ἐπιβάλλον μέρος τῆς οὐσίας. Καὶ διεῖλεν αὐτοῖς τὸν βίον.",το ο και νεωτερος αυτων ειπεν ὁ ὁ πατρι πατερ δος μοι μερος ὁ ουσιας επιβαλλον και διειλεν αυτοις ὁ βιον,"EXTRA: DB has 'ὁ' (G3588), no TR counterpart anywhere in verse"
Luk,15,26,missing_word,1,yes,καὶ προσκαλεσάμενος ἕνα τῶν παίδων αὐτοῦ ἐπυνθάνετο τί εἴη ταῦτα.¶,και προσκαλεσαμενος ενα ὁ παιδων επυνθανετο τι ταυτα ειη,"MISSING: TR has 'αὐτοῦ' (G0846), no match anywhere in DB verse"
Luk,15,29,extra_word,1,yes,"Ὁ δὲ ἀποκριθεὶς εἶπεν τῷ πατρὶ ἰδοὺ τοσαῦτα ἔτη δουλεύω σοι καὶ οὐδέποτε ἐντολήν σου παρῆλθον, καὶ ἐμοὶ οὐδέποτε ἔδωκας ἔριφον ἵνα μετὰ τῶν φίλων μου εὐφρανθῶ.",των ο δε αποκριθεις ειπεν ὁ ὁ πατρι ιδου τοσαυτα ετη δουλευω σοι και παρηλθον ουδεποτε σου εντολην και εδωκας ουδεποτε εμοι εριφον ινα ευφρανθω μετα μου φιλων,"EXTRA: DB has 'ὁ' (G3588), no TR counterpart anywhere in verse"
Luk,16,8,missing_word,1,yes,"καὶ ἐπῄνεσεν ὁ κύριος τὸν οἰκονόμον τῆς ἀδικίας ὅτι φρονίμως ἐποίησεν, ὅτι οἱ υἱοὶ τοῦ αἰῶνος τούτου φρονιμώτεροι ὑπὲρ τοὺς υἱοὺς τοῦ φωτὸς εἰς τὴν γενεὰν τὴν ἑαυτῶν εἰσιν.",και ὁ κυριος επηνεσεν ὁ αδικιας ὁ οικονομον οτι εποιησεν φρονιμως οτι ὁ υιοι τουτου ὁ αιωνος εισιν εις εαυτων ὁ γενεαν φρονιμωτεροι υπερ ὁ υιους ὁ φωτος,"MISSING: TR has 'τὴν' (G3588), no match anywhere in DB verse"
Luk,16,9,mixed_content,2,yes,"καὶ ἐγὼ ὑμῖν λέγω· ἑαυτοῖς ποιήσατε φίλους ἐκ τοῦ μαμωνᾶ τῆς ἀδικίας, ἵνα ὅταν ἐκλίπητε δέξωνται ὑμᾶς εἰς τὰς αἰωνίους σκηνάς.¶",καγω λεγω υμιν ποιησατε εαυτοις φιλους εκ ὁ μαμωνα ὁ αδικιας ινα οταν εκλιπητε δεξωνται υμας εις αιωνιους ὁ σκηνας,"STRONGS MISMATCH: word text matches ('ἐγὼ'); expected Strong's (TR/TAGNT G1473, cross-walked to this DB's lexeme numbering: G1473) vs DB actual 'καγω'=G2504 | MISSING: TR has 'καὶ' (G2532), no match anywhere in DB verse"
Luk,16,18,strongs_mismatch,1,yes,"Πᾶς ὁ ἀπολύων τὴν γυναῖκα αὐτοῦ καὶ γαμῶν ἑτέραν μοιχεύει, καὶ πᾶς ὁ ἀπολελυμένην ἀπὸ ἀνδρὸς γαμῶν μοιχεύει.¶",ο πας απολυων αυτου ὁ γυναικα και γαμων ετεραν μοιχευει και πας γαμων ο απολελυμενην απο ανδρος μοιχευει,"STRONGS MISMATCH: word text matches ('ἀπολελυμένην'); expected Strong's (TR/TAGNT G0620, cross-walked to this DB's lexeme numbering: G0620) vs DB actual 'απολελυμενην'=G0630"
Luk,17,7,extra_word,1,yes,"Τίς δὲ ἐξ ὑμῶν δοῦλον ἔχων ἀροτριῶντα ἢ ποιμαίνοντα, ὃς εἰσελθόντι ἐκ τοῦ ἀγροῦ ἐρεῖ εὐθέως παρελθὼν ἀνάπεσαι",δε τις εξ υμων εχων δουλον αροτριωντα η ποιμαινοντα ερει ευθεως ος ερει εισελθοντι εκ ὁ αγρου παρελθων αναπεσαι,"EXTRA: DB has 'ερει' (G2046), no TR counterpart anywhere in verse"
Luk,17,8,extra_word,1,yes,"ἀλλ᾽ οὐχὶ ἐρεῖ αὐτῷ· ἑτοίμασον τί δειπνήσω, καὶ περιζωσάμενος διακόνει μοι ἕως φάγω καὶ πίω, καὶ μετὰ ταῦτα φάγεσαι καὶ πίεσαι σύ;",αλλ ερει ουχι ερει αυτω ετοιμασον τι δειπνησω και περιζωσαμενος διακονει μοι εως φαγω και πιω και μετα ταυτα συ φαγεσαι και πιεσαι,"EXTRA: DB has 'ερει' (G2046), no TR counterpart anywhere in verse"
Luk,17,28,extra_word,2,yes,"ὁμοίως ἐγένετο ἐν ταῖς ἡμέραις Λώτ· ἤσθιον, ἔπινον, ἠγόραζον, ἐπώλουν, ἐφύτευον, ᾠκοδόμουν.",ομοιως και ως εγενετο εν ὁ ημεραις λωτ ησθιον επινον ηγοραζον επωλουν εφυτευον ωκοδομουν,"EXTRA: DB has 'και' (G2532), no TR counterpart anywhere in verse | EXTRA: DB has 'ως' (G5613), no TR counterpart anywhere in verse"
Luk,17,30,strongs_mismatch,1,yes,κατὰ ταῦτα ἔσται ᾗ ἡμέρᾳ ὁ υἱὸς τοῦ ἀνθρώπου ἀποκαλύπτεται.¶,κατα ταυτα εσται η ημερα ὁ υιος ὁ ανθρωπου αποκαλυπτεται,"STRONGS MISMATCH: word text matches ('ταῦτα'); expected Strong's (TR/TAGNT G5024, cross-walked to this DB's lexeme numbering: G0846/G5024) vs DB actual 'ταυτα'=G3778"
Luk,17,36,mixed_content,2,yes,δύο ἐν ἀγρῷ· εἷς παραλημφθήσεται καὶ ὁ ἕτερος ἀφεθήσεται,δυο εσονται εν αγρω εις παραληφθησεται και ὁ ετερος αφεθησεται,"DIFFERENT FORM: same Strong's G3880, TR 'παραλημφθήσεται' vs DB 'παραληφθησεται' | EXTRA: DB has 'εσονται' (G1510), no TR counterpart anywhere in verse"
Luk,17,37,extra_word,2,yes,"Καὶ ἀποκριθέντες λέγουσιν αὐτῷ· ποῦ, κύριε; ὁ δὲ εἶπεν αὐτοῖς· ὅπου τὸ σῶμα, ἐκεῖ οἱ ἀετοὶ",ο και αποκριθεντες λεγουσιν αυτω που κυριε δε ειπεν αυτοις οπου ὁ σωμα εκει συναχθησονται ὁ αετοι συναχθησονται,"EXTRA: DB has 'συναχθησονται' (G4863), no TR counterpart anywhere in verse | EXTRA: DB has 'συναχθησονται' (G4863), no TR counterpart anywhere in verse"
Luk,18,4,extra_word,1,yes,"καὶ οὐκ ἠθέλησεν ἐπὶ χρόνον. μετὰ δὲ ταῦτα εἶπεν ἐν ἑαυτῷ· εἰ καὶ τὸν θεὸν οὐ φοβοῦμαι ἄνθρωπον ἐντρέπομαι,",ηθελησεν ουκ επι χρονον δε μετα ταυτα ειπεν εν εαυτω ει και φοβουμαι ου ὁ θεον και ουκ εντρεπομαι ανθρωπον,"EXTRA: DB has 'ουκ' (G3756), no TR counterpart anywhere in verse"
Luk,18,24,extra_word,2,yes,Ἰδὼν δὲ αὐτὸν ὁ Ἰησοῦς περίλυπον γενόμενον εἶπεν· πῶς δυσκόλως οἱ τὰ χρήματα ἔχοντες εἰς τὴν βασιλείαν τοῦ θεοῦ,δε ὁ ιησους ιδων αυτον γενομενον περιλυπον ειπεν πως δυσκολως εισελευσονται οι εχοντες ὁ χρηματα εισελευσονται εις ὁ βασιλειαν ὁ θεου,"EXTRA: DB has 'εισελευσονται' (G1525), no TR counterpart anywhere in verse | EXTRA: DB has 'εισελευσονται' (G1525), no TR counterpart anywhere in verse"
Luk,19,23,word_substitution,1,yes,"καὶ διὰ τί οὐκ ἔδωκάς μου τὸ ἀργύριον ἐπὶ τὴν τράπεζαν, κἀγὼ ἐλθὼν σὺν τόκῳ ἂν αὐτὸ ἔπραξα;",δια τι και εδωκας ουκ μου ὁ αργυριον επι ὁ τραπεζαν εγω ελθων επραξα αν αυτο συν τοκω,"DIFFERENT FORM: same Strong's G1473, TR 'κἀγὼ' vs DB 'εγω'"
Luk,19,28,extra_word,1,yes,Καὶ εἰπὼν ταῦτα ἐπορεύετο ἔμπροσθεν ἀναβαίνων εἰς Ἱεροσόλυμα.,και ειπων ταυτα ειπων επορευετο εμπροσθεν αναβαινων εις ιεροσολυμα,"EXTRA: DB has 'ειπων' (G3004), no TR counterpart anywhere in verse"
Luk,19,46,extra_word,1,yes,"λέγων αὐτοῖς· γέγραπται, ὁ οἶκός μου οἶκος προσευχῆς· ὑμεῖς δὲ αὐτὸν ἐποιήσατε σπήλαιον λῃστῶν.",λεγων αυτοις γεγραπται μου ὁ οικος εστιν οικος προσευχης δε υμεις εποιησατε αυτον σπηλαιον ληστων,"EXTRA: DB has 'εστιν' (G1510), no TR counterpart anywhere in verse"
Luk,19,47,word_substitution,1,yes,"καὶ ἦν διδάσκων τὸ καθ᾽ ἡμέραν ἐν τῷ ἱερῷ· οἱ δὲ ἀρχιερεῖς καὶ οἱ γραμματεῖς ἐζήτουν αὐτὸν ἀπολέσαι καὶ οἱ πρῶτοι τοῦ λαοῦ,",και εἰμί διδασκων ὁ κατά ημεραν εν ὁ ιερω δε ὁ αρχιερεις και ὁ γραμματεις και ὁ πρωτοι ὁ λαου εζητουν απολεσαι αυτον,"DIFFERENT FORM: same Strong's G1510, TR 'ἦν' vs DB 'εἰμί'"
Luk,20,6,extra_word,1,yes,"ἐὰν δὲ εἴπωμεν· ἐξ ἀνθρώπων, ὁ λαὸς καταλιθάσει ἡμᾶς· πεπεισμένος γάρ ἐστιν Ἰωάννην προφήτην εἶναι.",δε εαν ειπωμεν εξ ανθρωπων πας ὁ λαος καταλιθασει ημας γαρ ειναι πεπεισμενος ιωαννην εστιν προφητην,"EXTRA: DB has 'πας' (G3956), no TR counterpart anywhere in verse"
Luk,20,20,extra_word,2,yes,"Καὶ παρατηρήσαντες ἀπέστειλαν ἐγκαθέτους ὑποκρινομένους ἑαυτοὺς δικαίους εἶναι, ἵνα ἐπιλάβωνται αὐτοῦ λόγου, παραδοῦναι αὐτὸν τῇ ἀρχῇ καὶ τῇ ἐξουσίᾳ τοῦ ἡγεμόνος.",το και παρατηρησαντες απεστειλαν εγκαθετους υποκρινομενους εαυτους ειναι δικαιους επιλαβωνται αυτου λογου ινα παραδουναι αυτον εις ὁ αρχη και ὁ εξουσια ὁ ηγεμονος,"EXTRA: DB has 'εις' (G1519), no TR counterpart anywhere in verse | EXTRA: DB has 'ὁ' (G3588), no TR counterpart anywhere in verse"
Luk,20,27,word_substitution,1,yes,"Προσελθόντες δέ τινες τῶν Σαδδουκαίων, οἱ ἀντιλέγοντες ἀνάστασιν μὴ εἶναι, ἐπηρώτησαν αὐτὸν",δε προσελθοντες τινες ὁ σαδδουκαιων οι αντιλεγοντες ειναι μη αναστασιν επηρωτησαν αυτον,"DIFFERENT FORM: same Strong's G3588, TR 'τῶν' vs DB 'οι'"
Luk,20,35,extra_word,1,yes,οἱ δὲ καταξιωθέντες τοῦ αἰῶνος ἐκείνου τυχεῖν καὶ τῆς ἀναστάσεως τῆς ἐκ νεκρῶν οὔτε γαμοῦσιν οὔτε,της δε οι καταξιωθεντες τυχειν εκεινου ὁ αιωνος και ὁ αναστασεως εκ νεκρων ουτε γαμουσιν ουτε εκγαμισκονται,"EXTRA: DB has 'εκγαμισκονται' (G1548), no TR counterpart anywhere in verse"
Luk,20,39,extra_word,1,yes,"Ἀποκριθέντες δέ τινες τῶν γραμματέων εἶπαν· διδάσκαλε, καλῶς εἶπας.",δε τινες ὁ γραμματεων αποκριθεντες ειπον διδασκαλε ειπας καλως ειπας,"EXTRA: DB has 'ειπας' (G3004), no TR counterpart anywhere in verse"
Luk,20,47,strongs_mismatch,1,yes,οἳ κατεσθίουσιν τὰς οἰκίας τῶν χηρῶν καὶ προφάσει μακρὰ προσεύχονται· οὗτοι λήμψονται περισσότερον κρίμα.¶,οι κατεσθιουσιν ὁ χηρων ὁ οικιας και προφασει μακρα προσευχονται ουτοι ληψονται περισσοτερον κριμα,"STRONGS MISMATCH: word text matches ('περισσότερον'); expected Strong's (TR/TAGNT G4055, cross-walked to this DB's lexeme numbering: G4055) vs DB actual 'περισσοτερον'=G4053"
Luk,21,15,strongs_mismatch,1,yes,ἐγὼ γὰρ δώσω ὑμῖν στόμα καὶ σοφίαν ᾗ οὐ δυνήσονται ἀντιστῆναι οὐδὲ ἀντειπεῖν πάντες οἱ ἀντικείμενοι ὑμῖν.¶,οι γαρ εγω δωσω υμιν στομα και σοφιαν η παντες υμιν αντικειμενοι δυνησονται ου αντειπειν ουδε αντιστηναι,"STRONGS MISMATCH: word text matches ('ἀντειπεῖν'); expected Strong's (TR/TAGNT G0471, cross-walked to this DB's lexeme numbering: G0471) vs DB actual 'αντειπειν'=G0483"
Luk,21,21,word_substitution,2,yes,"τότε οἱ ἐν τῇ Ἰουδαίᾳ φευγέτωσαν εἰς τὰ ὄρη, καὶ οἱ ἐν μέσῳ αὐτῆς ἐκχωρείτωσαν, καὶ οἱ ἐν ταῖς χώραις μὴ εἰσερχέσθωσαν εἰς αὐτήν.",τοτε οι εν ὁ ιουδαια φευγετωσαν εις ὁ ορη και οι εν μεσω αυτης εκχωρειτωσαν και μη οι εν ὁ χωραις εισερχεσθωσαν εις αυτην,"DIFFERENT FORM: same Strong's G3588, TR 'τῇ' vs DB 'οι' | DIFFERENT FORM: same Strong's G3588, TR 'τὰ' vs DB 'οι'"
Luk,22,16,strongs_mismatch,1,yes,λέγω γὰρ ὑμῖν ὅτι οὐκέτι οὐ μὴ φάγω ἐξ αὐτοῦ ἕως ὅτου πληρωθῇ ἐν τῇ βασιλείᾳ τοῦ θεοῦ.,γαρ λεγω υμιν οτι φαγω οὐ μη ουκετι ἐκ αυτου ἕως οτου πληρωθη εν ὁ βασιλεια ὁ θεου,"STRONGS MISMATCH: word text matches ('ὅτου'); expected Strong's (TR/TAGNT G3748, cross-walked to this DB's lexeme numbering: G3748) vs DB actual 'οτου'=G3755"
Luk,22,18,strongs_mismatch,1,yes,λέγω γὰρ ὑμῖν· ὅτι οὐ μὴ πίω ἀπὸ τοῦ γεννήματος τῆς ἀμπέλου ἕως ὅτου ἡ βασιλεία τοῦ θεοῦ ἔλθῃ.¶,γαρ λεγω υμιν οτι ου μη πιω απο ὁ γεννηματος ὁ αμπελου εως οτου ὁ βασιλεια ὁ θεου ελθη,"STRONGS MISMATCH: word text matches ('ὅτου'); expected Strong's (TR/TAGNT G3748, cross-walked to this DB's lexeme numbering: G2228/G2229/G3739/G3748) vs DB actual 'οτου'=G3755"
Luk,22,25,word_substitution,1,yes,"ὁ δὲ εἶπεν αὐτοῖς· οἱ βασιλεῖς τῶν ἐθνῶν κυριεύουσιν αὐτῶν, καὶ οἱ ἐξουσιάζοντες αὐτῶν εὐεργέται καλοῦνται.",ο δε ειπεν αυτοις ὁ βασιλεις ὁ εθνων κυριευουσιν αυτων και οι εξουσιαζοντες αυτων καλουνται ευεργεται,"DIFFERENT FORM: same Strong's G3588, TR 'τῶν' vs DB 'οι'"
Luk,22,30,extra_word,1,yes,ἵνα ἔσθητε καὶ πίνητε ἐπὶ τῆς τραπέζης μου ἐν τῇ βασιλείᾳ μου καὶ ἐπὶ θρόνων τὰς δώδεκα φυλὰς κρίνοντες τοῦ Ἰσραήλ.¶,του τας ινα εσθιητε και πινητε επι μου ὁ τραπεζης εν μου ὁ βασιλεια και καθισησθε επι θρονων κρινοντες δωδεκα φυλας ισραηλ,"EXTRA: DB has 'καθισησθε' (G2523), no TR counterpart anywhere in verse"
Luk,22,34,mixed_content,6,yes,"ὁ δὲ εἶπεν· λέγω σοι, Πέτρε, οὐ μή φωνήσῃ σήμερον ἀλέκτωρ τρίς με ἀπαρνήσῃ μή εἰδέναι.¶",δε ὁ ειπεν λεγω σοι πετρε αλεκτωρ φωνησει οὐ φωνησει σημερον πριν η ἀπαρνέομαι μη τρις ἀπαρνέομαι μη ειδεναι με,"DIFFERENT FORM: same Strong's G5455, TR 'φωνήσῃ' vs DB 'φωνησει' | DIFFERENT FORM: same Strong's G0533, TR 'ἀπαρνήσῃ' vs DB 'ἀπαρνέομαι' | EXTRA: DB has 'φωνησει' (G5455), no TR counterpart anywhere in verse | EXTRA: DB has 'πριν' (G4250), no TR counterpart anywhere in verse | EXTRA: DB has 'η' (G2228), no TR counterpart anywhere in verse | EXTRA: DB has 'ἀπαρνέομαι' (G0533), no TR counterpart anywhere in verse"
Luk,22,43,word_substitution,1,yes,[[ὤφθη δὲ αὐτῷ ἄγγελος ἀπ᾽ οὐρανοῦ ἐνισχύων αὐτόν.,δε ωφθη αγγελος αυτω απ ουρανου ενισχυων αυτον,"DIFFERENT FORM: same Strong's G3700, TR '[[ὤφθη' vs DB 'ωφθη'"
Luk,22,45,extra_word,1,yes,"καὶ ἀναστὰς ἀπὸ τῆς προσευχῆς, ἐλθὼν πρὸς τοὺς μαθητὰς εὗρεν κοιμωμένους αὐτοὺς ἀπὸ τῆς λύπης",και αναστας απο ὁ προσευχης ελθων προς αυτου ὁ μαθητας ευρεν αυτους κοιμωμενους απο ὁ λυπης,"EXTRA: DB has 'αυτους' (G0846), no TR counterpart anywhere in verse"
Luk,22,66,extra_word,1,yes,"Καὶ ὡς ἐγένετο ἡμέρα, συνήχθη τὸ πρεσβυτέριον τοῦ λαοῦ, ἀρχιερεῖς τε καὶ γραμματεῖς, καὶ ἀνήγαγον αὐτὸν εἰς τὸ συνέδριον ἑαυτῶν",και ως εγενετο ημερα ὁ πρεσβυτεριον ὁ λαου τε αρχιερεις και γραμματεις συνηχθη και ανηγαγον αυτον εις εαυτων ὁ συνεδριον λεγοντες,"EXTRA: DB has 'λεγοντες' (G3004), no TR counterpart anywhere in verse"
Luk,22,67,missing_word,1,yes,"λέγοντες· εἰ σὺ εἶ ὁ χριστός, εἰπὸν ἡμῖν. εἶπεν δὲ αὐτοῖς· ἐὰν ὑμῖν εἴπω, οὐ μὴ πιστεύσητε.",ει συ ει ὁ χριστος ειπε ημιν δε ειπεν αυτοις εαν ειπω υμιν ου μη πιστευσητε,"MISSING: TR has 'λέγοντες·' (G3004), no match anywhere in DB verse"
Luk,23,15,strongs_mismatch,1,yes,ἀλλ᾽ οὐδὲ Ἡρῴδης· ἀνέπεμψα γὰρ αὐτὸν πρὸς ὑμᾶς καὶ ἰδοὺ οὐδὲν ἄξιον θανάτου ἐστὶν πεπραγμένον αὐτῷ.,αλλ ουδε ηρωδης γαρ ανεπεμψα υμας προς αυτον και ιδου ουδεν αξιον θανατου εστιν πεπραγμενον αυτω,"STRONGS MISMATCH: word text matches ('ὑμᾶς'); expected Strong's (TR/TAGNT G5209, cross-walked to this DB's lexeme numbering: G1473/G3165/G5209) vs DB actual 'υμας'=G4771"
Luk,23,45,extra_word,1,yes,καὶ ὁ ἥλιος καὶ ἐσχίσθη τὸ καταπέτασμα τοῦ ναοῦ μέσον.,και ὁ ηλιος εσκοτισθη και ὁ καταπετασμα ὁ ναου εσχισθη μεσον,"EXTRA: DB has 'εσκοτισθη' (G4654), no TR counterpart anywhere in verse"
Luk,23,46,extra_word,1,yes,"καὶ φωνήσας φωνῇ μεγάλῃ ὁ Ἰησοῦς εἶπεν· πάτερ, εἰς χεῖράς σου παραθήσομαι τὸ πνεῦμά μου. καὶ εἰπὼν ἐξέπνευσεν.¶",και ὁ ιησους φωνησας μεγαλη φωνη ειπεν πατερ εις σου χειρας παραθησομαι μου ὁ πνευμα και ειπων ταυτα εξεπνευσεν,"EXTRA: DB has 'ταυτα' (G3778), no TR counterpart anywhere in verse"
Luk,24,18,word_substitution,1,yes,ἀποκριθεὶς δὲ ὁ εἷς ᾧ ὀνόματι Κλεοπᾶς εἶπεν πρὸς αὐτόν· σὺ μόνος παροικεῖς ἐν Ἰερουσαλὴμ καὶ οὐκ ἔγνως τὰ γενόμενα ἐν αὐτῇ ἐν ταῖς ἡμέραις ταύταις;,ο δε εις ω ονομα κλεοπας αποκριθεις ειπεν προς αυτον συ μονος παροικεις εν ιερουσαλημ και ουκ εγνως τα γενομενα εν αυτη εν ταυταις ὁ ημεραις,"DIFFERENT FORM: same Strong's G3686, TR 'ὀνόματι' vs DB 'ονομα'"
Luk,24,21,word_substitution,1,yes,ἡμεῖς δὲ ἠλπίζομεν ὅτι αὐτός ἐστιν ὁ μέλλων λυτροῦσθαι τὸν Ἰσραήλ. ἀλλά γε σὺν πᾶσιν τούτοις τρίτην ταύτην ἡμέραν ἄγει σήμερον ἀφ᾽ οὗ ταῦτα ἐγένετο.,δε ημεις ηλπιζομεν οτι εστιν αυτος ο μελλων λυτρουσθαι ὁ ισραηλ αλλα γέ συν πασιν τουτοις σημερον αγει τριτην οὗτος ημεραν ἀπό ου ταυτα εγενετο,"DIFFERENT FORM: same Strong's G3778, TR 'ταύτην' vs DB 'οὗτος'"
Luk,24,40,extra_word,1,yes,καὶ τοῦτο εἰπὼν ἐπέδειξεν αὐτοῖς τὰς χεῖρας καὶ τοὺς πόδας.,και ειπων τουτο ειπων επεδειξεν αυτοις ὁ χειρας και ὁ ποδας,"EXTRA: DB has 'ειπων' (G3004), no TR counterpart anywhere in verse"
Luk,24,42,word_substitution,1,yes,οἱ δὲ ἐπέδωκαν αὐτῷ ἰχθύος ὀπτοῦ μέρος καὶ ἀπὸ μελισσίου κηρίου.,δε οι επεδωκαν αυτω μερος οπτου ιχθυος και απο μελίσσιος κηριου,"DIFFERENT FORM: same Strong's G3193, TR 'μελισσίου' vs DB 'μελίσσιος'"
Luk,24,53,missing_word,1,yes,καὶ ἦσαν διὰ διαπαντὸς ἐν τῷ ἱερῷ αἰνοῦντες καὶ εὐλογοῦντες τὸν θεόν. ἀμήν¶,και ησαν διαπαντος εν ὁ ιερω αινουντες και ευλογουντες ὁ θεον αμην,"MISSING: TR has 'διὰ' (G1223), no match anywhere in DB verse"
Mat,1,18,word_substitution,1,yes,"Τοῦ δὲ Ἰησοῦ Χριστοῦ ἡ γέννησις οὕτως ἦν· μνηστευθείσης γὰρ τῆς μητρὸς αὐτοῦ Μαρίας τῷ Ἰωσήφ, πρὶν ἢ συνελθεῖν αὐτοὺς εὑρέθη ἐν γαστρὶ ἔχουσα ἐκ πνεύματος ἁγίου.",δε ὁ γεννησις ὁ ιησου χριστου ην ουτως γαρ αυτου ὁ μητρος μαριας μνηστευθεισης ὁ ιωσηφ πριν η αυτους συνελθειν ευρεθη ἐν γαστήρ εχουσα εκ αγιου πνευματος,"DIFFERENT FORM: same Strong's G1064, TR 'γαστρὶ' vs DB 'γαστήρ'"
Mat,2,13,extra_word,1,yes,Ἀναχωρησάντων δὲ αὐτῶν ἰδοὺ ἄγγελος κυρίου φαίνεται κατ᾽ ὄναρ τῷ Ἰωσὴφ λέγων· ἐγερθεὶς παράλαβε τὸ παιδίον καὶ τὴν μητέρα αὐτοῦ καὶ φεῦγε εἰς Αἴγυπτον καὶ ἴσθι ἐκεῖ ἕως ἂν εἴπω σοι· μέλλει γὰρ Ἡρῴδης ζητεῖν τὸ παιδίον τοῦ ἀπολέσαι αὐτό.,του τω δε αυτων αναχωρησαντων ιδου αγγελος κυριου φαινεται ιωσηφ κατ οναρ λεγων εγερθεις παραλαβε ὁ παιδιον και αυτου ὁ μητερα και φευγε εις αιγυπτον και ισθι εκει εως αν ειπω σοι ειπω γαρ ηρωδης μελλει ζητειν ὁ παιδιον απολεσαι αυτο,"EXTRA: DB has 'ειπω' (G3004), no TR counterpart anywhere in verse"
Mat,2,16,strongs_mismatch,1,yes,"Τότε Ἡρῴδης ἰδὼν ὅτι ἐνεπαίχθη ὑπὸ τῶν μάγων ἐθυμώθη λίαν, καὶ ἀποστείλας ἀνεῖλεν πάντας τοὺς παῖδας τοὺς ἐν Βηθλέεμ καὶ ἐν πᾶσιν τοῖς ὁρίοις αὐτῆς ἀπὸ διετοῦς καὶ κατωτέρω κατὰ τὸν χρόνον ὃν ἠκρίβωσεν παρὰ τῶν μάγων.¶",τοτε ηρωδης ιδων οτι ενεπαιχθη υπο ὁ μαγων λιαν εθυμωθη και αποστειλας ανειλεν παντας ὁ παιδας τους εν βηθλεεμ και εν πασιν ὁ οριοις αυτης απο διετους και κατωτερω κατα ὁ χρονον ον ηκριβωσεν παρα ὁ μαγων,"STRONGS MISMATCH: word text matches ('κατωτέρω'); expected Strong's (TR/TAGNT G6053, cross-walked to this DB's lexeme numbering: G6053) vs DB actual 'κατωτερω'=G2736"
Mat,2,20,word_substitution,1,yes,λέγων· ἐγερθεὶς παράλαβε τὸ παιδίον καὶ τὴν μητέρα αὐτοῦ καὶ πορεύου εἰς γῆν Ἰσραήλ· τεθνήκασιν γὰρ οἱ ζητοῦντες τὴν ψυχὴν τοῦ παιδίου.¶,λεγων εγερθεις παραλαβε ὁ παιδιον και αυτου ὁ μητερα και πορευου εις γην ισραηλ γαρ τεθνηκασιν οι ζητουντες ὁ παιδιου ὁ ψυχην,"DIFFERENT FORM: same Strong's G3588, TR 'τὴν' vs DB 'οι'"
Mat,3,15,word_substitution,1,yes,ἀποκριθεὶς δὲ ὁ Ἰησοῦς εἶπεν πρὸς αὐτόν· ἄφες ἄρτι· οὕτως γὰρ πρέπον ἐστὶν ἡμῖν πληρῶσαι πᾶσαν δικαιοσύνην. τότε ἀφίησιν αὐτόν.¶,δε ὁ ιησους αποκριθεις ειπεν προς αυτον αφες αρτι γαρ ουτως πρέπω εστιν ημιν πληρωσαι πασαν δικαιοσυνην τοτε αφιησιν αυτον,"DIFFERENT FORM: same Strong's G4241, TR 'πρέπον' vs DB 'πρέπω'"
Mat,5,3,word_substitution,1,yes,"Μακάριοι οἱ πτωχοὶ τῷ πνεύματι, ὅτι αὐτῶν ἐστιν ἡ βασιλεία τῶν οὐρανῶν.¶",μακαριοι πτωχοι ὁ πνευματι οτι αυτων εστιν ὁ βασιλεια ὁ ουρανων οι,"DIFFERENT FORM: same Strong's G3588, TR 'τῶν' vs DB 'οι'"
Mat,5,25,strongs_mismatch,2,yes,"Ἴσθι εὐνοῶν τῷ ἀντιδίκῳ σου ταχὺ ἕως ὅτου εἶ μετ᾽ αὐτοῦ ἐν τῇ ὁδῷ, μήποτέ σε παραδῷ ὁ ἀντίδικος τῷ κριτῇ, καὶ ὁ κριτὴς σε παραδῷ τῷ ὑπηρέτῃ, καὶ εἰς φυλακὴν βληθήσῃ.",ισθι ευνοων σου ὁ αντιδικω ταχυ εως οτου ει εν ὁ οδω μετ αυτου μηποτε ὁ αντιδικος παραδω σε ὁ κριτη και ὁ κριτης παραδω σε ὁ υπηρετη και βληθηση εις φυλακην,"STRONGS MISMATCH: word text matches ('ταχὺ'); expected Strong's (TR/TAGNT G5036, cross-walked to this DB's lexeme numbering: G5036) vs DB actual 'ταχυ'=G5035 | STRONGS MISMATCH: word text matches ('ὅτου'); expected Strong's (TR/TAGNT G3748, cross-walked to this DB's lexeme numbering: G3748) vs DB actual 'οτου'=G3755"
Mat,5,30,extra_word,2,yes,"Καὶ εἰ ἡ δεξιά σου χεὶρ σκανδαλίζει σε, ἔκκοψον αὐτὴν καὶ βάλε ἀπὸ σοῦ· συμφέρει γάρ σοι ἵνα ἀπόληται ἓν τῶν μελῶν σου καὶ μὴ ὅλον τὸ σῶμά σου εἰς γέενναν",η και ει σου δεξια χειρ σκανδαλιζει σε αυτην εκκοψον και βαλε απο σου γαρ συμφερει σοι ινα εν ὁ σου ὁ μελων αποληται και μη σου ολον ὁ σωμα βληθη εις γεενναν,"EXTRA: DB has 'ὁ' (G3588), no TR counterpart anywhere in verse | EXTRA: DB has 'βληθη' (G0906), no TR counterpart anywhere in verse"
Mat,5,32,strongs_mismatch,1,yes,"ἐγὼ δὲ λέγω ὑμῖν ὅτι ὃς ἂν ἀπολύσῃ τὴν γυναῖκα αὐτοῦ παρεκτὸς λόγου πορνείας ποιεῖ αὐτὴν μοιχᾶσθαι καὶ ὃς ἐὰν ἀπολελυμένην γαμήσῃ, μοιχᾶται.¶",δε εγω λεγω υμιν οτι ος αν απολυση αυτου ὁ γυναικα παρεκτος λογου πορνειας ποιει αυτην μοιχασθαι και ος εαν γαμηση απολελυμενην μοιχαται,"STRONGS MISMATCH: word text matches ('ἀπολελυμένην'); expected Strong's (TR/TAGNT G0620, cross-walked to this DB's lexeme numbering: G0620) vs DB actual 'απολελυμενην'=G0630"
Mat,5,47,strongs_mismatch,1,yes,"καὶ ἐὰν ἀσπάσησθε τοὺς ἀδελφοὺς ὑμῶν μόνον, τί περισσὸν ποιεῖτε; οὐχὶ καὶ οἱ τελῶναι οὕτως ποιοῦσιν;",και εαν ασπασησθε υμων ὁ αδελφους μονον τι ποιειτε περισσον ποιουσιν ουχι και ὁ τελωναι ουτως,"STRONGS MISMATCH: word text matches ('μόνον,'); expected Strong's (TR/TAGNT G3441, cross-walked to this DB's lexeme numbering: G3441) vs DB actual 'μονον'=G3440"
Mat,5,48,extra_word,2,yes,ἔσεσθε οὖν ὑμεῖς τέλειοι ὥσπερ ὁ πατὴρ ὑμῶν ὁ τέλειός ἐστιν.¶,εσεσθε υμεις ουν τελειοι ωσπερ υμων πατηρ ο εν ὁ ουρανοις εστιν τελειος,"EXTRA: DB has 'εν' (G1722), no TR counterpart anywhere in verse | EXTRA: DB has 'ουρανοις' (G3772), no TR counterpart anywhere in verse"
Mat,6,1,mixed_content,3,yes,"Προσέχετε τὴν ἐλεημοσύνην ὑμῶν μὴ ποιεῖν ἔμπροσθεν τῶν ἀνθρώπων πρὸς τὸ θεαθῆναι αὐτοῖς· εἰ δὲ μή γε, μισθὸν οὐκ ἔχετε παρὰ τῷ πατρὶ ὑμῶν τῷ ἐν τοῖς οὐρανοῖς.¶",το προσεχετε ποιειν μη υμων ὁ ελεημοσυνην εμπροσθεν ὁ ανθρωπων προς θεαθηναι αυτοις ει δε εχετε ουκ μηγε μισθον παρα υμων ὁ πατρι τω εν ὁ ουρανοις,"MISSING: TR has 'μή' (G3361), no match anywhere in DB verse | MISSING: TR has 'γε,' (G1065), no match anywhere in DB verse | EXTRA: DB has 'μηγε' (G1490), no TR counterpart anywhere in verse"
Mat,6,4,strongs_mismatch,1,yes,ὅπως ᾖ σου ἡ ἐλεημοσύνη ἐν τῷ κρυπτῷ. καὶ ὁ πατήρ σου ὁ βλέπων ἐν τῷ κρυπτῷ αὑτὸς ἀποδώσει σοι ἐν τῷ φανερῷ.¶,οπως σου ὁ ελεημοσυνη η εν ὁ κρυπτω και σου ὁ πατηρ ὁ βλεπων εν ὁ κρυπτω αυτος αποδωσει σοι ἐν ὁ φανερω,"STRONGS MISMATCH: word text matches ('αὑτὸς'); expected Strong's (TR/TAGNT G1438, cross-walked to this DB's lexeme numbering: G1438) vs DB actual 'αυτος'=G0846"
Mat,6,6,extra_word,1,yes,"σὺ δέ, ὅταν προσεύχῃ, εἴσελθε εἰς τὸ ταμεῖόν σου, καὶ κλείσας τὴν θύραν σου πρόσευξαι τῷ πατρί σου τῷ ἐν τῷ κρυπτῷ. καὶ ὁ πατήρ σου ὁ βλέπων ἐν τῷ κρυπτῷ ἀποδώσει σοι ἐν τῷ φανερῷ.",δε συ οταν προσευχη εισελθε εις σου ὁ ταμιειον και κλεισας σου ὁ θυραν προσευξαι ὁ σου ὁ πατρι τω εν ὁ κρυπτω και σου ὁ πατηρ ὁ βλεπων εν ὁ κρυπτω αποδωσει σοι ἐν ὁ φανερω,"EXTRA: DB has 'ὁ' (G3588), no TR counterpart anywhere in verse"
Mat,6,18,extra_word,1,yes,ὅπως μὴ φανῇς τοῖς ἀνθρώποις νηστεύων ἀλλὰ τῷ πατρί σου τῷ ἐν τῷ κρυπτῷ καὶ ὁ πατήρ σου ὁ βλέπων ἐν τῷ κρυπτῷ ἀποδώσει σοι ἐν τῷ φανερῷ.¶,οπως φανης μη ὁ ανθρωποις νηστευων αλλα ὁ σου ὁ πατρι τω εν ὁ κρυπτω και σου ὁ πατηρ ὁ βλεπων εν ὁ κρυπτω αποδωσει σοι ἐν ὁ φανερω,"EXTRA: DB has 'ὁ' (G3588), no TR counterpart anywhere in verse"
Mat,7,11,extra_word,1,yes,"εἰ οὖν ὑμεῖς πονηροὶ ὄντες οἴδατε δόματα ἀγαθὰ διδόναι τοῖς τέκνοις ὑμῶν, πόσῳ μᾶλλον ὁ πατὴρ ὑμῶν ὁ ἐν τοῖς οὐρανοῖς δώσει ἀγαθὰ τοῖς αἰτοῦσιν αὐτόν;¶",ει υμεις ουν οντες πονηροι οιδατε διδοναι αγαθα δοματα ὁ υμων ὁ τεκνοις ποσω μαλλον δωσει υμων ὁ πατηρ ο εν ὁ ουρανοις αγαθα τοις αιτουσιν αυτον,"EXTRA: DB has 'ὁ' (G3588), no TR counterpart anywhere in verse"
Mat,7,20,word_substitution,1,yes,ἄρα γε ἀπὸ τῶν καρπῶν αὐτῶν ἐπιγνώσεσθε αὐτούς.¶,ἄρα αραγε απο αυτων ὁ καρπων επιγνωσεσθε αυτους,"DIFFERENT FORM: same Strong's G1065, TR 'γε' vs DB 'αραγε'"
Mat,7,24,extra_word,2,yes,"Πᾶς οὖν ὅστις ἀκούει μου τοὺς λόγους τούτους καὶ ποιεῖ αὐτούς, ἀνδρὶ φρονίμῳ ὅστις ᾠκοδόμησεν αὐτοῦ τὴν οἰκίαν ἐπὶ τὴν πέτραν.",ουν πᾶς οστις ακουει τουτους ὁ λογους μου και ποιει αυτους ομοιωσω αυτον φρονιμω ανδρι οστις ωκοδομησεν αυτου ὁ οικιαν επι ὁ πετραν,"EXTRA: DB has 'ομοιωσω' (G3666), no TR counterpart anywhere in verse | EXTRA: DB has 'αυτον' (G0846), no TR counterpart anywhere in verse"
Mat,8,8,strongs_mismatch,1,yes,"καὶ ἀποκριθεὶς ὁ ἑκατόνταρχος ἔφη· κύριε, οὐκ εἰμὶ ἱκανὸς ἵνα μου ὑπὸ τὴν στέγην εἰσέλθῃς, ἀλλὰ μόνον εἰπὲ λόγον καὶ ἰαθήσεται ὁ παῖς μου.",ὁ εκατονταρχος αποκριθεις και εφη κυριε ειμι ουκ ικανος ινα εισελθης υπο μου ὁ στεγην αλλα ειπε λογον μονον και μου ὁ παις ιαθησεται,"STRONGS MISMATCH: word text matches ('μόνον'); expected Strong's (TR/TAGNT G3441, cross-walked to this DB's lexeme numbering: G3441) vs DB actual 'μονον'=G3440"
Mat,8,18,extra_word,1,yes,Ἰδὼν δὲ ὁ Ἰησοῦς πολλοὺς ὄχλους περὶ αὐτὸν ἐκέλευσεν ἀπελθεῖν εἰς τὸ πέραν.,το δε ιδων ὁ ιησους ιδων πολλους οχλους περι αυτον εκελευσεν απελθειν εις περαν,"EXTRA: DB has 'ιδων' (G3708), no TR counterpart anywhere in verse"
Mat,8,31,extra_word,1,yes,"οἱ δὲ δαίμονες παρεκάλουν αὐτὸν λέγοντες· εἰ ἐκβάλλεις ἡμᾶς, ἐπίτρεψον ἡμῖν εἰς τὴν ἀγέλην τῶν χοίρων.",οι δε δαιμονες παρεκαλουν αυτον λεγοντες ει εκβαλλεις ημας επιτρεψον ημιν απελθειν εις ὁ αγελην ὁ χοιρων,"EXTRA: DB has 'απελθειν' (G0565), no TR counterpart anywhere in verse"
Mat,9,4,mixed_content,2,yes,καὶ ἰδὼν ὁ Ἰησοῦς τὰς ἐνθυμήσεις αὐτῶν εἶπεν· ἱνατί ὑμεῖς ἐνθυμεῖσθε πονηρὰ ἐν ταῖς καρδίαις ὑμῶν;,και ὁ ιησους ιδων αυτων ὁ ενθυμησεις ειπεν ινα τι ενθυμεισθε υμεις πονηρα εν υμων ὁ καρδιαις,"DIFFERENT FORM: same Strong's G2443, TR 'ἱνατί' vs DB 'ινα' | EXTRA: DB has 'τι' (G5101), no TR counterpart anywhere in verse"
Mat,9,8,extra_word,1,yes,ἰδόντες δὲ οἱ ὄχλοι ἐθαύμασαν καὶ ἐδόξασαν τὸν θεὸν τὸν δόντα ἐξουσίαν τοιαύτην τοῖς ἀνθρώποις.¶,τον δε ιδοντες ὁ οχλοι ιδοντες εθαυμασαν και εδοξασαν ὁ θεον δοντα τοιαυτην εξουσιαν ὁ ανθρωποις,"EXTRA: DB has 'ιδοντες' (G3708), no TR counterpart anywhere in verse"
Mat,9,11,extra_word,1,yes,καὶ ἰδόντες οἱ Φαρισαῖοι εἶπον τοῖς μαθηταῖς αὐτοῦ· διὰ τί μετὰ τῶν τελωνῶν καὶ ἁμαρτωλῶν ἐσθίει ὁ διδάσκαλος ὑμῶν;,και ιδοντες φαρισαιοι ιδοντες ειπον ὁ αυτου ὁ μαθηταις δια τι εσθιει υμων ὁ διδασκαλος μετα ὁ τελωνων και αμαρτωλων,"EXTRA: DB has 'ιδοντες' (G3708), no TR counterpart anywhere in verse"
Mat,9,12,word_substitution,1,yes,ὁ δὲ Ἰησοῦς ἀκούσας εἶπεν αὐτοῖς· οὐ χρείαν ἔχουσιν οἱ ἰσχύοντες ἰατροῦ ἀλλ᾽ οἱ κακῶς ἔχοντες.,δε ὁ ιησους ακουσας ειπεν αυτοις ἔχω ὁ ισχυοντες χρειαν ου ιατρου αλλ ὁ κακῶς εχοντες,"DIFFERENT FORM: same Strong's G2192, TR 'ἔχουσιν' vs DB 'ἔχω'"
Mat,9,17,mixed_content,3,yes,"οὐδὲ βάλλουσιν οἶνον νέον εἰς ἀσκοὺς παλαιούς· εἰ δὲ μή γε, ῥήγνυνται οἱ ἀσκοί, καὶ ὁ οἶνος ἐκχεῖται καὶ οἱ ἀσκοὶ ἀπολοῦνται ἀλλὰ βάλλουσιν οἶνον νέον εἰς ἀσκοὺς καινούς, καὶ ἀμφότερα συντηροῦνται.¶",ουδε βαλλουσιν νεον οινον εις παλαιους ασκους ει δε μηγε ὁ ασκοι ρηγνυνται και ὁ οινος εκχειται και ὁ ασκοι απολουνται αλλα βαλλουσιν νεον οινον εις καινους ασκους και αμφοτερα συντηρουνται,"MISSING: TR has 'μή' (G3361), no match anywhere in DB verse | MISSING: TR has 'γε,' (G1065), no match anywhere in DB verse | EXTRA: DB has 'μηγε' (G1490), no TR counterpart anywhere in verse"
Mat,9,21,strongs_mismatch,1,yes,"ἔλεγεν γὰρ ἐν ἑαυτῇ· ἐὰν μόνον ἅψωμαι τοῦ ἱματίου αὐτοῦ, σωθήσομαι.¶",γαρ ελεγεν εν εαυτη εαν μονον αψωμαι αυτου ὁ ιματιου σωθησομαι,"STRONGS MISMATCH: word text matches ('μόνον'); expected Strong's (TR/TAGNT G3441, cross-walked to this DB's lexeme numbering: G3441) vs DB actual 'μονον'=G3440"
Mat,9,37,extra_word,1,yes,"Τότε λέγει τοῖς μαθηταῖς αὐτοῦ· ὁ μὲν θερισμὸς πολύς, οἱ δὲ ἐργάται ὀλίγοι·",οι ο τοτε λεγει ὁ αυτου ὁ μαθηταις θερισμος μεν πολυς δε εργαται ολιγοι,"EXTRA: DB has 'ὁ' (G3588), no TR counterpart anywhere in verse"
Mat,10,20,extra_word,1,yes,οὐ γὰρ ὑμεῖς ἐστε οἱ λαλοῦντες ἀλλὰ τὸ πνεῦμα τοῦ πατρὸς ὑμῶν τὸ λαλοῦν ἐν ὑμῖν.¶,το οι γαρ εστε ου υμεις λαλουντες αλλα ὁ πνευμα ὁ υμων ὁ πατρος λαλουν εν υμιν,"EXTRA: DB has 'ὁ' (G3588), no TR counterpart anywhere in verse"
Mat,11,9,strongs_mismatch,1,no,ἀλλὰ τί ἐξήλθατε ἰδεῖν; προφήτην; ναὶ λέγω ὑμῖν· καὶ περισσότερον προφήτου.,αλλα τι εξηλθετε ιδειν προφητην ναι λεγω υμιν και περισσοτερον προφητου,"STRONGS MISMATCH: word text matches ('περισσότερον'); expected Strong's (TR/TAGNT G4054, cross-walked to this DB's lexeme numbering: G4054) vs DB actual 'περισσοτερον'=G4053"
Mat,11,15,extra_word,1,yes,ὁ ἔχων ὦτα ἀκουέτω.¶,ο εχων ωτα ακουειν ακουετω,"EXTRA: DB has 'ακουειν' (G0191), no TR counterpart anywhere in verse"
Mat,11,27,word_substitution,1,yes,"Πάντα μοι παρεδόθη ὑπὸ τοῦ πατρός μου, καὶ οὐδεὶς ἐπιγινώσκει τὸν υἱὸν εἰ μὴ ὁ πατήρ, οὐδὲ τὸν πατέρα τις ἐπιγινώσκει εἰ μὴ ὁ υἱὸς καὶ ᾧ ἐὰν βούληται ὁ υἱὸς ἀποκαλύψαι.¶",παντα παρεδοθη μοι υπο μου ὁ πατρος και ουδεις επιγινωσκει ὁ υιον ει μη ὁ πατηρ ουδε επιγινωσκει τις ὁ πατερα εἰ μη ὁ υιος και ὅς εαν ὁ υιος βουληται αποκαλυψαι,"DIFFERENT FORM: same Strong's G3739, TR 'ᾧ' vs DB 'ὅς'"
Mat,12,1,word_substitution,1,yes,Ἐν ἐκείνῳ τῷ καιρῷ ἐπορεύθη ὁ Ἰησοῦς τοῖς σάββασιν διὰ τῶν σπορίμων· οἱ δὲ μαθηταὶ αὐτοῦ ἐπείνασαν καὶ ἤρξαντο τίλλειν στάχυας καὶ ἐσθίειν.,εν εκεινω ὁ καιρω ὁ ιησους επορευθη ὁ σαββασιν δια των σποριμων δε αυτου οι μαθηται επεινασαν και ηρξαντο τιλλειν σταχυας και εσθιειν,"DIFFERENT FORM: same Strong's G3588, TR 'τῶν' vs DB 'οι'"
Mat,12,4,word_substitution,1,yes,πῶς εἰσῆλθεν εἰς τὸν οἶκον τοῦ θεοῦ καὶ τοὺς ἄρτους τῆς προθέσεως ἔφαγεν οὓς οὐκ ἐξὸν ἦν αὐτῷ φαγεῖν οὐδὲ τοῖς μετ᾽ αὐτοῦ εἰ μὴ τοῖς ἱερεῦσιν μόνοις;¶,πως εισηλθεν εις ὁ οικον ὁ θεου και εφαγεν ὁ ἄρτος ὁ προθεσεως ους ην ουκ εξον αυτω φαγειν ουδε τοις μετ αυτου ει μη μονοις ὁ ιερευσιν,"DIFFERENT FORM: same Strong's G0740, TR 'ἄρτους' vs DB 'ἄρτος'"
Mat,12,31,extra_word,1,yes,"διὰ τοῦτο λέγω ὑμῖν· πᾶσα ἁμαρτία καὶ βλασφημία ἀφεθήσεται τοῖς ἀνθρώποις, ἡ δὲ τοῦ πνεύματος βλασφημία οὐκ ἀφεθήσεται τοῖς ἀνθρώποις.",δια τουτο λεγω υμιν πασα αμαρτια και βλασφημια αφεθησεται ὁ ανθρωποις δε η βλασφημια ὁ ὁ πνευματος ουκ αφεθησεται ὁ ανθρωποις,"EXTRA: DB has 'ὁ' (G3588), no TR counterpart anywhere in verse"
Mat,12,45,extra_word,2,yes,"τότε πορεύεται καὶ παραλαμβάνει μεθ᾽ ἑαυτοῦ ἑπτὰ ἕτερα πνεύματα πονηρότερα ἑαυτοῦ, καὶ εἰσελθόντα κατοικεῖ ἐκεῖ· καὶ γίνεται τὰ ἔσχατα τοῦ ἀνθρώπου ἐκείνου χείρονα τῶν πρώτων. οὕτως ἔσται καὶ τῇ γενεᾷ ταύτῃ τῇ πονηρᾷ.¶",τοτε πορευεται και παραλαμβανει μεθ εαυτου επτα ετερα πνευματα πονηροτερα εαυτου και εισελθοντα κατοικει εκει και τα εσχατα ὁ εκεινου ὁ ανθρωπου γινεται χειρονα των πρωτων ουτως εσται και ὁ ταυτη ὁ πονηρα ὁ γενεα,"EXTRA: DB has 'ὁ' (G3588), no TR counterpart anywhere in verse | EXTRA: DB has 'ὁ' (G3588), no TR counterpart anywhere in verse"
Mat,12,50,extra_word,1,yes,"ὅστις γὰρ ἂν ποιήσῃ τὸ θέλημα τοῦ πατρός μου τοῦ ἐν οὐρανοῖς, αὐτός μου ἀδελφὸς καὶ ἀδελφὴ καὶ μήτηρ ἐστίν.¶",γαρ ὅστις αν ποιηση ὁ θελημα ὁ μου ὁ πατρος του εν ουρανοις αυτος εστιν μου αδελφος και αδελφη και μητηρ,"EXTRA: DB has 'ὁ' (G3588), no TR counterpart anywhere in verse"
Mat,13,7,extra_word,1,yes,"ἄλλα δὲ ἔπεσεν ἐπὶ τὰς ἀκάνθας, καὶ ἀνέβησαν αἱ ἄκανθαι καὶ αὐτά.",δε αλλα επεσεν επι ὁ ακανθας και ὁ ακανθαι ανεβησαν και απεπνιξαν αυτα,"EXTRA: DB has 'απεπνιξαν' (G0638), no TR counterpart anywhere in verse"
Mat,13,14,extra_word,1,yes,"καὶ ἀναπληροῦται ἐπ᾽ αὐτοῖς ἡ προφητεία Ἠσαΐου ἡ λέγουσα· ἀκοῇ ἀκούσετε καὶ οὐ μὴ συνῆτε, καὶ βλέποντες βλέψετε καὶ οὐ μὴ ἴδητε.",και επ αυτοις αναπληρουται ὁ προφητεια ησαιου η λεγουσα ακοη ακουσετε και ου μη συνητε και βλεποντες βλεψετε και ιδητε ου μη ιδητε,"EXTRA: DB has 'ιδητε' (G3708), no TR counterpart anywhere in verse"
Mat,13,17,extra_word,1,yes,"Ἀμὴν γὰρ λέγω ὑμῖν ὅτι πολλοὶ προφῆται καὶ δίκαιοι ἐπεθύμησαν ἰδεῖν ἃ βλέπετε, καὶ οὐκ εἶδαν, καὶ ἀκοῦσαι ἃ ἀκούετε, καὶ οὐκ ἤκουσαν.¶",γαρ αμην λεγω υμιν οτι πολλοι προφηται και δικαιοι επεθυμησαν ιδειν α βλεπετε και ειδον ουκ ειδον και ακουσαι α ακουετε και ουκ ηκουσαν,"EXTRA: DB has 'ειδον' (G3708), no TR counterpart anywhere in verse"
Mat,13,23,mixed_content,6,yes,"ὁ δὲ ἐπὶ τὴν καλὴν τὴν γῆν σπαρείς, οὗτός ἐστιν ὁ τὸν λόγον ἀκούων καὶ συνιείς, ὃς δὴ καρποφορεῖ καὶ ποιεῖ, ὃ μὲν ἑκατόν, ὃ δὲ ἑξήκοντα, ὃ δὲ τριάκοντα.¶",δε σπαρεις επι καλην γην εστιν ουτος ὁ ακουων ὁ λογον και συνιων ος δη καρποφορει και ποιει μεν ο εκατον δε ο εξηκοντα δε ο τριακοντα,"STRONGS MISMATCH: word text matches ('ὃ'); expected Strong's (TR/TAGNT G3739, cross-walked to this DB's lexeme numbering: G2228/G2229/G3739) vs DB actual 'ο'=G3588 | STRONGS MISMATCH: word text matches ('ὃ'); expected Strong's (TR/TAGNT G3739, cross-walked to this DB's lexeme numbering: G2228/G2229/G3739) vs DB actual 'ο'=G3588 | STRONGS MISMATCH: word text matches ('ὃ'); expected Strong's (TR/TAGNT G3739, cross-walked to this DB's lexeme numbering: G2228/G2229/G3739) vs DB actual 'ο'=G3588 | MISSING: TR has 'τὴν' (G3588), no match anywhere in DB verse | MISSING: TR has 'τὴν' (G3588), no match anywhere in DB verse | MISSING: TR has 'τὸν' (G3588), no match anywhere in DB verse"
Mat,13,43,extra_word,1,yes,τότε οἱ δίκαιοι ἐκλάμψουσιν ὡς ὁ ἥλιος ἐν τῇ βασιλείᾳ τοῦ πατρὸς αὐτῶν. ὁ ἔχων ὦτα ἀκούειν ἀκουέτω.¶,τοτε οι δικαιοι εκλαμψουσιν ως ὁ ηλιος εν ὁ βασιλεια ὁ αυτων ὁ πατρος ο εχων ωτα ακουειν ακουετω,"EXTRA: DB has 'ο' (G3588), no TR counterpart anywhere in verse"
Mat,14,2,extra_word,1,yes,"καὶ εἶπεν τοῖς παισὶν αὐτοῦ· οὗτός ἐστιν Ἰωάννης ὁ βαπτιστής· αὐτὸς ἠγέρθη ἀπὸ τῶν νεκρῶν, καὶ διὰ τοῦτο αἱ δυνάμεις ἐνεργοῦσιν ἐν αὐτῷ.",και ειπεν ὁ αυτου ὁ παισιν ουτος εστιν ιωαννης ὁ βαπτιστης αυτος ηγερθη απο των νεκρων και δια τουτο ὁ δυναμεις ενεργουσιν εν αυτω,"EXTRA: DB has 'ὁ' (G3588), no TR counterpart anywhere in verse"
Mat,14,3,extra_word,1,yes,ὁ γὰρ Ἡρῴδης κρατήσας τὸν Ἰωάννην ἔδησεν αὐτὸν καὶ ἐν φυλακῇ διὰ Ἡρῳδιάδα τὴν γυναῖκα Φιλίππου τοῦ ἀδελφοῦ αὐτοῦ.,γαρ ο ηρωδης κρατησας ὁ ιωαννην εδησεν αυτον και εθετο εν φυλακη δια ηρωδιαδα αυτου ὁ αδελφου φιλιππου ὁ γυναικα,"EXTRA: DB has 'εθετο' (G5087), no TR counterpart anywhere in verse"
Mat,14,16,mixed_content,2,yes,Ὁ δὲ Ἰησοῦς εἶπεν αὐτοῖς· οὐ χρείαν ἔχουσιν ἀπελθεῖν· δότε αὐτοῖς ὑμεῖς φαγεῖν.,δε ὁ ιησους ειπεν αυτοις ἔχω χρειαν ου ἔχω απελθειν δοτε υμεις αυτοις φαγειν,"DIFFERENT FORM: same Strong's G2192, TR 'ἔχουσιν' vs DB 'ἔχω' | EXTRA: DB has 'ἔχω' (G2192), no TR counterpart anywhere in verse"
Mat,14,19,mixed_content,3,yes,"καὶ κελεύσας τοὺς ὄχλους ἀνακλιθῆναι ἐπὶ τοὺς χόρτους καὶ λαβὼν τοὺς πέντε ἄρτους καὶ τοὺς δύο ἰχθύας, ἀναβλέψας εἰς τὸν οὐρανὸν εὐλόγησεν, καὶ κλάσας ἔδωκεν τοῖς μαθηταῖς τοὺς ἄρτους, οἱ δὲ μαθηταὶ τοῖς ὄχλοις.",και κελευσας ὁ οχλους ανακλιθηναι επι ὁ χορτους και λαβων τους πεντε αρτους και τους δυο ιχθυας αναβλεψας εις ὁ ουρανον ευλογησεν και κλασας εδωκεν ὁ αρτους ὁ μαθηταις ὁ μαθηταις δε οι μαθηται ὁ οχλοις,"DIFFERENT FORM: same Strong's G3588, TR 'τοῖς' vs DB 'οι' | EXTRA: DB has 'μαθηται' (G3101), no TR counterpart anywhere in verse | EXTRA: DB has 'ὁ' (G3588), no TR counterpart anywhere in verse"
Mat,14,36,strongs_mismatch,1,yes,καὶ παρεκάλουν αὐτὸν ἵνα μόνον ἅψωνται τοῦ κρασπέδου τοῦ ἱματίου αὐτοῦ· καὶ ὅσοι ἥψαντο διεσώθησαν.¶,και παρεκαλουν αυτον ινα μονον αψωνται ὁ κρασπεδου αυτου ὁ ιματιου και οσοι ηψαντο διεσωθησαν,"STRONGS MISMATCH: word text matches ('μόνον'); expected Strong's (TR/TAGNT G3441, cross-walked to this DB's lexeme numbering: G3441) vs DB actual 'μονον'=G3440"
Mat,15,6,extra_word,8,yes,καὶ ἠκυρώσατε τὴν ἐντολὴν τοῦ θεοῦ διὰ τὴν παράδοσιν ὑμῶν.¶,τιμηση ου μη αυτου πατερα η αυτου μητερα και ὁ εντολην ὁ θεου ηκυρωσατε δια υμων ὁ παραδοσιν,"EXTRA: DB has 'τιμηση' (G5091), no TR counterpart anywhere in verse | EXTRA: DB has 'ου' (G3756), no TR counterpart anywhere in verse | EXTRA: DB has 'μη' (G3361), no TR counterpart anywhere in verse | EXTRA: DB has 'αυτου' (G0846), no TR counterpart anywhere in verse | EXTRA: DB has 'πατερα' (G3962), no TR counterpart anywhere in verse | EXTRA: DB has 'η' (G2228), no TR counterpart anywhere in verse | EXTRA: DB has 'αυτου' (G0846), no TR counterpart anywhere in verse | EXTRA: DB has 'μητερα' (G3384), no TR counterpart anywhere in verse"
Mat,15,8,extra_word,1,yes,"Ἐγγίζει μοι Ὁ λαὸς οὗτος τῷ στόματι αὐτῶν καὶ τοῖς χείλεσίν με τιμᾷ, ἡ δὲ καρδία αὐτῶν πόρρω ἀπέχει ἀπ᾽ ἐμοῦ.",η ουτος λαος εγγιζει μοι ὁ αυτων ὁ στοματι και τιμα με ὁ ὁ χειλεσιν δε αυτων καρδια απεχει πορρω απ εμου,"EXTRA: DB has 'ὁ' (G3588), no TR counterpart anywhere in verse"
Mat,15,36,extra_word,2,yes,"καὶ λαβὼν τοὺς ἑπτὰ ἄρτους καὶ τοὺς ἰχθύας, εὐχαριστήσας ἔκλασεν καὶ ἔδωκεν τοῖς μαθηταῖς αὐτοῦ, οἱ δὲ μαθηταὶ τῷ ὄχλῷ",οι τους και λαβων επτα αρτους και ὁ ιχθυας ευχαριστησας εκλασεν και εδωκεν ὁ μαθηταις αυτου ὁ μαθηταις δε μαθηται ὁ οχλω,"EXTRA: DB has 'μαθηται' (G3101), no TR counterpart anywhere in verse | EXTRA: DB has 'ὁ' (G3588), no TR counterpart anywhere in verse"
Mat,16,16,extra_word,1,yes,Ἀποκριθεὶς δὲ Σίμων Πέτρος εἶπεν· σὺ εἶ ὁ χριστὸς ὁ υἱὸς τοῦ θεοῦ τοῦ ζῶντος.¶,του δε σιμων πετρος αποκριθεις ειπεν συ ει ὁ χριστος ὁ υιος ὁ ζωντος ὁ θεου,"EXTRA: DB has 'ὁ' (G3588), no TR counterpart anywhere in verse"
Mat,16,17,extra_word,1,yes,"Καὶ Ἀποκριθεὶς ὁ Ἰησοῦς εἶπεν αὐτῷ· μακάριος εἶ, Σίμων Βαριωνᾶ, ὅτι σὰρξ καὶ αἷμα οὐκ ἀπεκάλυψέν σοι ἀλλ᾽ ὁ πατήρ μου ὁ ἐν τοῖς οὐρανοῖς.",και ὁ ιησους αποκριθεις ειπεν αυτω μακαριος ει σιμων Βαριωνᾶς ιωνα οτι σαρξ και αιμα ουκ απεκαλυψεν σοι αλλ μου ὁ πατηρ ο εν ὁ ουρανοις,"EXTRA: DB has 'ιωνα' (G2495), no TR counterpart anywhere in verse"
Mat,16,26,extra_word,1,yes,"Τί γὰρ ὠφελεῖται ἄνθρωπος, ἐὰν τὸν κόσμον ὅλον κερδήσῃ, τὴν δὲ ψυχὴν αὐτοῦ ζημιωθῇ; ἢ τί δώσει ἄνθρωπος ἀντάλλαγμα τῆς ψυχῆς αὐτοῦ;",την γαρ τι ανθρωπος ωφελειται εαν κερδηση ολον ὁ κοσμον δε ζημιωθη αυτου ψυχην η τι δωσει ανθρωπος ανταλλαγμα ὁ αυτου ὁ ψυχης,"EXTRA: DB has 'ὁ' (G3588), no TR counterpart anywhere in verse"
Mat,17,4,word_substitution,1,yes,"Ἀποκριθεὶς δὲ ὁ Πέτρος εἶπεν τῷ Ἰησοῦ· κύριε, καλόν ἐστιν ἡμᾶς ὧδε εἶναι. εἰ θέλεις, ποιήσωμεν ὧδε τρεῖς σκηνάς, σοὶ μίαν καὶ Μωϋσεῖ μίαν καὶ Ἠλίᾳ μίαν.¶",δε αποκριθεις ὁ πετρος ειπεν ὁ ιησου κυριε εστιν καλον ημας ειναι ωδε ει θελεις ποιησωμεν ωδε τρεις σκηνας μιαν σοι και μιαν μωση και μιαν ηλια,"DIFFERENT FORM: same Strong's G3475, TR 'Μωϋσεῖ' vs DB 'μωση'"
Mat,17,5,extra_word,1,yes,"Ἔτι αὐτοῦ λαλοῦντος ἰδοὺ νεφέλη φωτεινὴ ἐπεσκίασεν αὐτούς, καὶ ἰδοὺ φωνὴ ἐκ τῆς νεφέλης λέγουσα· οὗτός ἐστιν ὁ υἱός μου ὁ ἀγαπητὸς ἐν ᾧ εὐδόκησα· ἀκούετε αὐτοῦ.",ο αυτου ετι λαλουντος ιδου νεφελη φωτεινη νεφελη επεσκιασεν αυτους και ιδου φωνη εκ ὁ νεφελης λεγουσα ουτος εστιν μου αγαπητος ὁ υιος εν ω ευδοκησα ακουετε αυτου,"EXTRA: DB has 'νεφελης' (G3507), no TR counterpart anywhere in verse"
Mat,17,8,strongs_mismatch,1,yes,ἐπάραντες δὲ τοὺς ὀφθαλμοὺς αὐτῶν οὐδένα εἶδον εἰ μὴ τὸν Ἰησοῦν μόνον.¶,δε επαραντες αυτων ὁ οφθαλμους ειδον ουδενα εἰ μη ὁ ιησουν μονον,"STRONGS MISMATCH: word text matches ('μόνον.¶'); expected Strong's (TR/TAGNT G3441, cross-walked to this DB's lexeme numbering: G3441) vs DB actual 'μονον'=G3440"
Mat,17,14,extra_word,1,yes,Καὶ ἐλθόντων αὐτῶν πρὸς τὸν ὄχλον προσῆλθεν αὐτῷ ἄνθρωπος γονυπετῶν αὐτῷ,αυτων ελθοντων προς ὁ οχλον προσηλθεν αυτω ανθρωπος γονυπετων αυτω και λεγων,"EXTRA: DB has 'λεγων' (G3004), no TR counterpart anywhere in verse"
Mat,17,26,word_substitution,1,yes,"Λέγει αὐτῷ ὁ Πέτρος ἀπὸ τῶν ἀλλοτρίων, ἔφη αὐτῷ ὁ Ἰησοῦς· ἄρα γε ἐλεύθεροί εἰσιν οἱ υἱοί.",των ὁ πετρος λεγει αυτω απο αλλοτριων ὁ ιησους εφη αυτω ἄρα αραγε εισιν ὁ υιοι ελευθεροι,"DIFFERENT FORM: same Strong's G1065, TR 'γε' vs DB 'αραγε'"
Mat,17,27,strongs_mismatch,1,yes,"ἵνα δὲ μὴ σκανδαλίσωμεν αὐτούς, πορευθεὶς εἰς τὴν θάλασσαν βάλε ἄγκιστρον καὶ τὸν ἀναβάντα πρῶτον ἰχθὺν ἆρον· καὶ ἀνοίξας τὸ στόμα αὐτοῦ εὑρήσεις στατῆρα. ἐκεῖνον λαβὼν δὸς αὐτοῖς ἀντὶ ἐμοῦ καὶ σοῦ.¶",τον ινα δε μη σκανδαλισωμεν αυτους πορευθεις εις ὁ θαλασσαν βαλε αγκιστρον και αρον ιχθυν πρωτον αναβαντα και ανοιξας αυτου ὁ στομα ευρησεις στατηρα εκεινον λαβων δος αυτοις αντι εμου και σου,"STRONGS MISMATCH: word text matches ('πρῶτον'); expected Strong's (TR/TAGNT G4413, cross-walked to this DB's lexeme numbering: G4413) vs DB actual 'πρωτον'=G4412"
Mat,18,6,extra_word,1,yes,"ὃς δ᾽ ἂν σκανδαλίσῃ ἕνα τῶν μικρῶν τούτων τῶν πιστευόντων εἰς ἐμέ, συμφέρει αὐτῷ ἵνα κρεμασθῇ μύλος ὀνικὸς τὸν τράχηλον αὐτοῦ, καὶ καταποντισθῇ ἐν τῷ πελάγει τῆς θαλάσσης.¶",δ ὅς αν σκανδαλιση ενα τουτων ὁ μικρων ὁ πιστευοντων εις εμε συμφερει αυτω ινα μύλος ονικος κρεμασθη επι αυτου ὁ τραχηλον και καταποντισθη εν ὁ πελαγει ὁ θαλασσης,"EXTRA: DB has 'επι' (G1909), no TR counterpart anywhere in verse"
Mat,18,10,extra_word,1,yes,Ὁρᾶτε μὴ καταφρονήσητε ἑνὸς τῶν μικρῶν τούτων· λέγω γὰρ ὑμῖν ὅτι οἱ ἄγγελοι αὐτῶν ἐν οὐρανοῖς διὰ παντὸς βλέπουσιν τὸ πρόσωπον τοῦ πατρός μου τοῦ ἐν οὐρανοῖς.,των ορατε καταφρονησητε μη ενος τουτων μικρων γαρ λεγω υμιν οτι εν ουρανοις αυτων ὁ αγγελοι δια παντος βλεπουσιν ὁ προσωπον ὁ μου ὁ πατρος του εν ουρανοις,"EXTRA: DB has 'ὁ' (G3588), no TR counterpart anywhere in verse"
Mat,18,12,mixed_content,2,yes,"Τί ὑμῖν δοκεῖ; ἐὰν γένηταί τινι ἀνθρώπῳ ἑκατὸν πρόβατα καὶ πλανηθῇ ἓν ἐξ αὐτῶν, οὐχὶ ἀφεῖς τὰ ἐνενήκοντα ἐννέα ἐπὶ τὰ ὄρη, πορευθεὶς ζητεῖ τὸ πλανώμενον;",το τα τι δοκει υμιν εαν τινι ανθρωπω γενηται εκατον προβατα και εν εξ αυτων πλανηθη ουχι αφεις εννενηκονταεννεα πορευθεις επι ὁ ορη ζητει πλανωμενον,"DIFFERENT FORM: same Strong's G1768, TR 'ἐνενήκοντα' vs DB 'εννενηκονταεννεα' | MISSING: TR has 'ἐννέα' (G1767), no match anywhere in DB verse"
Mat,18,13,mixed_content,2,yes,"καὶ ἐὰν γένηται εὑρεῖν αὐτό, ἀμὴν λέγω ὑμῖν ὅτι χαίρει ἐπ᾽ αὐτῷ μᾶλλον ἢ ἐπὶ τοῖς ἐνενήκοντα ἐννέα τοῖς μὴ πεπλανημένοις.",τοις τοις και εαν γενηται ευρειν αυτο αμην λεγω υμιν οτι χαιρει μαλλον επ αυτω η επι εννενηκονταεννεα μη πεπλανημενοις,"DIFFERENT FORM: same Strong's G1768, TR 'ἐνενήκοντα' vs DB 'εννενηκονταεννεα' | MISSING: TR has 'ἐννέα' (G1767), no match anywhere in DB verse"
Mat,18,31,extra_word,2,yes,"Ἰδόντες δὲ οἱ σύνδουλοι αὐτοῦ τὰ γενόμενα ἐλυπήθησαν σφόδρα, καὶ ἐλθόντες διεσάφησαν τῷ κυρίῳ ἀυτῶν πάντα τὰ γενόμενα.¶",τα τα δε ιδοντες αυτου ὁ συνδουλοι ιδοντες γενομενα σφοδρα ελυπηθησαν και ελθοντες διεσαφησαν ὁ αυτων ὁ κυριω παντα γενομενα,"EXTRA: DB has 'ιδοντες' (G3708), no TR counterpart anywhere in verse | EXTRA: DB has 'ὁ' (G3588), no TR counterpart anywhere in verse"
Mat,18,33,word_substitution,1,yes,οὐκ ἔδει καὶ σὲ ἐλεῆσαι τὸν σύνδουλόν σου ὡς κἀγὼ σὲ ἠλέησα;¶,εδει ουκ σε ελεησαι σου ὁ συνδουλον και ως εγω ηλεησα σε,"DIFFERENT FORM: same Strong's G1473, TR 'κἀγὼ' vs DB 'εγω'"
Mat,19,5,extra_word,1,yes,"καὶ εἶπεν· ἕνεκα τούτου καταλείψει ἄνθρωπος τὸν πατέρα καὶ τὴν μητέρα καὶ προσκολληθήσεται τῇ γυναικὶ αὐτοῦ, καὶ ἔσονται οἱ δύο εἰς σάρκα μίαν",οι και ειπεν τουτου ενεκεν ανθρωπος καταλειψει ὁ πατερα και ὁ μητερα και προσκολληθησεται ὁ αυτου ὁ γυναικι και δυο εσονται εις μιαν σαρκα,"EXTRA: DB has 'ὁ' (G3588), no TR counterpart anywhere in verse"
Mat,20,4,mixed_content,3,yes,"καὶ ἐκείνοις εἶπεν· ὑπάγετε καὶ ὑμεῖς εἰς τὸν ἀμπελῶνα, καὶ ὃ ἐὰν ᾖ δίκαιον δώσω ὑμῖν.",κακεινοις ειπεν υπαγετε υμεις και εις αμπελωνα και ὅς εαν η δικαιον δωσω υμιν δε ὁ απηλθον,"MISSING: TR has 'καὶ' (G2532), no match anywhere in DB verse | EXTRA: DB has 'δε' (G1161), no TR counterpart anywhere in verse | EXTRA: DB has 'απηλθον' (G0565), no TR counterpart anywhere in verse"
Mat,20,8,extra_word,1,yes,Ὀψίας δὲ γενομένης λέγει ὁ κύριος τοῦ ἀμπελῶνος τῷ ἐπιτρόπῳ αὐτοῦ· κάλεσον τοὺς ἐργάτας καὶ ἀπόδος αὐτοῖς τὸν μισθὸν ἀρξάμενος ἀπὸ τῶν ἐσχάτων ἕως τῶν πρώτων.,των των δε οψιας γενομενης ὁ κυριος ὁ αμπελωνος λεγει ὁ αυτου ὁ επιτροπω καλεσον ὁ εργατας και αποδος αυτοις ὁ μισθον αρξαμενος απο εσχατων εως πρωτων,"EXTRA: DB has 'ὁ' (G3588), no TR counterpart anywhere in verse"
Mat,21,15,extra_word,1,yes,"ἰδόντες δὲ οἱ ἀρχιερεῖς καὶ οἱ γραμματεῖς τὰ θαυμάσια ἃ ἐποίησεν καὶ τοὺς παῖδας κράζοντας ἐν τῷ ἱερῷ καὶ λέγοντας· ὡσαννὰ τῷ υἱῷ Δαυίδ, ἠγανάκτησαν",τα δε ιδοντες ὁ αρχιερεις και ὁ γραμματεις ιδοντες θαυμασια α εποιησεν και ὁ παιδας κραζοντας εν ὁ ιερω και λεγοντας ωσαννα ὁ υιω δαβιδ ηγανακτησαν,"EXTRA: DB has 'ιδοντες' (G3708), no TR counterpart anywhere in verse"
Mat,21,19,strongs_mismatch,1,yes,καὶ ἰδὼν συκῆν μίαν ἐπὶ τῆς ὁδοῦ ἦλθεν ἐπ᾽ αὐτὴν καὶ οὐδὲν εὗρεν ἐν αὐτῇ εἰ μὴ φύλλα μόνον καὶ λέγει αὐτῇ· μηκέτι ἐκ σοῦ καρπὸς γένηται εἰς τὸν αἰῶνα. καὶ ἐξηράνθη παραχρῆμα ἡ συκῆ.,και ιδων μιαν συκην επι ὁ οδου ηλθεν επ αυτην και ευρεν ουδεν ἐν αυτη εἰ μη φυλλα μονον και λεγει αυτη μηκετι καρπος γενηται εκ σου εις ὁ αιωνα και παραχρημα ὁ συκη εξηρανθη,"STRONGS MISMATCH: word text matches ('μόνον'); expected Strong's (TR/TAGNT G3441, cross-walked to this DB's lexeme numbering: G3441) vs DB actual 'μονον'=G3440"
Mat,21,20,extra_word,1,yes,καὶ ἰδόντες οἱ μαθηταὶ ἐθαύμασαν λέγοντες· πῶς παραχρῆμα ἐξηράνθη ἡ συκῆ;¶,και ιδοντες ὁ μαθηται ιδοντες εθαυμασαν λεγοντες πως παραχρημα ὁ συκη εξηρανθη,"EXTRA: DB has 'ιδοντες' (G3708), no TR counterpart anywhere in verse"
Mat,21,21,mixed_content,2,yes,"Ἀποκριθεὶς δὲ ὁ Ἰησοῦς εἶπεν αὐτοῖς· ἀμὴν λέγω ὑμῖν· ἐὰν ἔχητε πίστιν καὶ μὴ διακριθῆτε, οὐ μόνον τὸ τῆς συκῆς ποιήσετε, ἀλλὰ κἂν τῷ ὄρει τούτῳ εἴπητε· ἄρθητι καὶ βλήθητι εἰς τὴν θάλασσαν, γενήσεται·",δε ὁ ιησους αποκριθεις ειπεν αυτοις αμην λεγω υμιν εαν εχητε πιστιν και διακριθητε μη ποιησετε ου μονον το ὁ συκης αλλα καν ειπητε ὁ τουτω ὁ ορει αρθητι και βληθητι εις ὁ θαλασσαν γενησεται,"STRONGS MISMATCH: word text matches ('μόνον'); expected Strong's (TR/TAGNT G3441, cross-walked to this DB's lexeme numbering: G3441) vs DB actual 'μονον'=G3440 | EXTRA: DB has 'ὁ' (G3588), no TR counterpart anywhere in verse"
Mat,21,31,extra_word,1,yes,τίς ἐκ τῶν δύο ἐποίησεν τὸ θέλημα τοῦ πατρός; λέγουσιν αὐτῷ· ὁ πρῶτος. λέγει αὐτοῖς ὁ Ἰησοῦς· ἀμὴν λέγω ὑμῖν ὅτι οἱ τελῶναι καὶ αἱ πόρναι προάγουσιν ὑμᾶς εἰς τὴν βασιλείαν τοῦ θεοῦ.,ο των τις εκ δυο εποιησεν ὁ θελημα ὁ ὁ πατρος λεγουσιν αυτω πρωτος ὁ ιησους λεγει αυτοις αμην λεγω υμιν οτι ὁ τελωναι και ὁ πορναι εις ὁ βασιλειαν ὁ θεου προαγουσιν υμας,"EXTRA: DB has 'ὁ' (G3588), no TR counterpart anywhere in verse"
Mat,21,38,extra_word,2,yes,"Οἱ δὲ γεωργοὶ ἰδόντες τὸν υἱὸν εἶπον ἐν ἑαυτοῖς· οὗτός ἐστιν ὁ κληρονόμος· δεῦτε, ἀποκτείνωμεν αὐτὸν καὶ κατάσχωμεν τὴν κληρονομίαν αὐτοῦ.",οι δε ιδοντες γεωργοι ιδοντες ὁ υιον ειπον εν εαυτοις ουτος εστιν ὁ κληρονομος δευτε αποκτεινωμεν αυτον και κατασχωμεν ὁ αυτου ὁ κληρονομιαν,"EXTRA: DB has 'ιδοντες' (G3708), no TR counterpart anywhere in verse | EXTRA: DB has 'ὁ' (G3588), no TR counterpart anywhere in verse"
Mat,22,8,extra_word,1,yes,"Τότε λέγει τοῖς δούλοις αὐτοῦ· ὁ μὲν γάμος ἕτοιμός ἐστιν, οἱ δὲ κεκλημένοι οὐκ ἦσαν ἄξιοι.",οι ο τοτε λεγει ὁ αυτου ὁ δουλοις μεν γαμος εστιν ετοιμος δε κεκλημενοι ησαν ουκ αξιοι,"EXTRA: DB has 'ὁ' (G3588), no TR counterpart anywhere in verse"
Mat,22,23,extra_word,1,yes,Ἐν ἐκείνῃ τῇ ἡμέρᾳ προσῆλθον αὐτῷ Σαδδουκαῖοι οἱ λέγοντες μὴ εἶναι ἀνάστασιν καὶ ἐπηρώτησαν αὐτὸν,οι εν ὁ εκεινη ὁ ημερα προσηλθον αυτω σαδδουκαιοι λεγοντες ειναι μη αναστασιν και επηρωτησαν αυτον,"EXTRA: DB has 'ὁ' (G3588), no TR counterpart anywhere in verse"
Mat,22,40,extra_word,1,yes,ἐν ταύταις ταῖς δυσὶν ἐντολαῖς ὅλος ὁ νόμος καὶ οἱ προφῆται.¶,ταις εν ταυταις δυσιν εντολαις κρεμανται ολος ὁ νομος και ὁ προφηται,"EXTRA: DB has 'κρεμανται' (G2910), no TR counterpart anywhere in verse"
Mat,22,44,extra_word,1,yes,εἶπεν ὁ κύριος τῷ κυρίῳ μου· κάθου ἐκ δεξιῶν μου ἕως ἂν θῶ τοὺς ἐχθρούς σου ὑποπόδιον τῶν ποδῶν σου;,τους ὁ κυριος ειπεν ὁ μου ὁ κυριω καθου εκ μου δεξιων εως αν θω σου εχθρους σου υποποδιον ὁ ποδων,"EXTRA: DB has 'ὁ' (G3588), no TR counterpart anywhere in verse"
Mat,23,5,extra_word,1,yes,πάντα δὲ τὰ ἔργα αὐτῶν ποιοῦσιν πρὸς τὸ θεαθῆναι τοῖς ἀνθρώποις· πλατύνουσιν δὲ τὰ φυλακτήρια αὐτῶν καὶ μεγαλύνουσιν τὰ κράσπεδα τῶν ἱματίων αὐτῶν.,το δε παντα αυτων ὁ εργα ποιουσιν προς θεαθηναι ὁ ανθρωποις πλατυνουσιν δε αυτων ὁ φυλακτηρια και μεγαλυνουσιν ὁ κρασπεδα ὁ αυτων ὁ ιματιων,"EXTRA: DB has 'ὁ' (G3588), no TR counterpart anywhere in verse"
Mat,23,9,extra_word,2,yes,Καὶ πατέρα μὴ καλέσητε ὑμῶν ἐπὶ τῆς γῆς· εἷς γάρ ἐστιν ὑμῶν ὁ πατὴρ ὁ,και καλεσητε μη υμων πατερα επι γης γαρ εις εστιν υμων ὁ πατηρ ο εν ὁ ουρανοις,"EXTRA: DB has 'εν' (G1722), no TR counterpart anywhere in verse | EXTRA: DB has 'ουρανοις' (G3772), no TR counterpart anywhere in verse"
Mat,23,13,extra_word,1,yes,"Οὐαὶ ὑμῖν, γραμματεῖς καὶ Φαρισαῖοι ὑποκριταί, ὅτι κλείετε τὴν βασιλείαν τῶν οὐρανῶν ἔμπροσθεν τῶν ἀνθρώπων· ὑμεῖς γὰρ οὐκ εἰσέρχεσθε οὐδὲ τοὺς εἰσερχομένους ἀφίετε εἰσελθεῖν.¶",δε ουαι υμιν γραμματεις και φαρισαιοι υποκριται οτι κλειετε ὁ βασιλειαν ὁ ουρανων εμπροσθεν ὁ ανθρωπων γαρ υμεις ουκ εισερχεσθε ουδε αφιετε ὁ εισερχομενους εισελθειν,"EXTRA: DB has 'δε' (G1161), no TR counterpart anywhere in verse"
Mat,23,14,mixed_content,2,yes,"Οὐαὶ ὑμῖν, γραμματεῖς καὶ Φαρισαῖοι, ὑποκριταί, ὅτι κατεσθίετε τὰς οἰκίας τῶν χηρῶν, καὶ προφάσει μακρὰν προσευχόμενοι· διὰ τοῦτο λήψεσθε περισσότερον κρίμα.",ουαι υμιν γραμματεις και υποκριται οτι κατεσθιετε ὁ χηρων ὁ οικιας και προφασει μακρα προσευχομενοι δια τουτο ληψεσθε περισσοτερον κριμα,"STRONGS MISMATCH: word text matches ('περισσότερον'); expected Strong's (TR/TAGNT G4055, cross-walked to this DB's lexeme numbering: G4055) vs DB actual 'περισσοτερον'=G4053 | MISSING: TR has 'Φαρισαῖοι,' (G5330), no match anywhere in DB verse"
Mat,23,39,extra_word,1,yes,λέγω γὰρ ὑμῖν· οὐ μή με ἴδητε ἀπ᾽ ἄρτι ἕως ἂν εἴπητε· εὐλογημένος ὁ ἐρχόμενος ἐν ὀνόματι κυρίου.¶,γαρ λεγω υμιν ιδητε οὐ μη ιδητε με ἀπό αρτι ἕως αν ειπητε ευλογημενος ὁ ερχομενος εν ονοματι κυριου,"EXTRA: DB has 'ιδητε' (G3708), no TR counterpart anywhere in verse"
Mat,24,15,extra_word,1,yes,"Ὅταν οὖν ἴδητε τὸ βδέλυγμα τῆς ἐρημώσεως τὸ ῥηθὲν διὰ Δανιὴλ τοῦ προφήτου ἑστὸς ἐν τόπῳ ἁγίῳ, ὁ ἀναγινώσκων νοείτω,",ο το οταν ιδητε ουν ιδητε ὁ βδελυγμα ὁ ερημωσεως ρηθεν δια δανιηλ ὁ προφητου εστος εν αγιω τοπω αναγινωσκων νοειτω,"EXTRA: DB has 'ιδητε' (G3708), no TR counterpart anywhere in verse"
Mat,24,22,word_substitution,1,yes,"καὶ εἰ μὴ ἐκολοβώθησαν αἱ ἡμέραι ἐκεῖναι, οὐκ ἂν ἐσώθη πᾶσα σάρξ· διὰ δὲ τοὺς ἐκλεκτοὺς κολοβωθήσονται αἱ ἡμέραι ἐκεῖναι.¶",και εἰ μη εκειναι ὁ ημεραι εκολοβωθησαν εσωθη οὐ αν πᾶς σαρξ δε ὁ εκλεκτους δια εκειναι ὁ ημεραι κολοβωθησονται,"DIFFERENT FORM: same Strong's G3956, TR 'πᾶσα' vs DB 'πᾶς'"
Mat,24,25,mixed_content,2,yes,ἰδοὺ προείρηκα ὑμῖν.,ιδου προειρηκα υμιν προειρηκα,"STRONGS MISMATCH: word text matches ('προείρηκα'); expected Strong's (TR/TAGNT G4280, cross-walked to this DB's lexeme numbering: G4280) vs DB actual 'προειρηκα'=G4302 | EXTRA: DB has 'προειρηκα' (G4302), no TR counterpart anywhere in verse"
Mat,25,6,word_substitution,1,yes,"Μέσης δὲ νυκτὸς κραυγὴ γέγονεν· ἰδοὺ ὁ νυμφίος ἔρχεται, ἐξέρχεσθε εἰς ἀπάντησιν αὐτοῦ.",δε μέσος νυκτος γεγονεν κραυγη ιδου ὁ νυμφιος ερχεται εξερχεσθε εις απαντησιν αυτου,"DIFFERENT FORM: same Strong's G3319, TR 'Μέσης' vs DB 'μέσος'"
Mat,25,31,extra_word,1,yes,"Ὅταν δὲ ἔλθῃ ὁ υἱὸς τοῦ ἀνθρώπου ἐν τῇ δόξῃ αὐτοῦ καὶ πάντες οἱ ἅγιοι ἄγγελοι μετ᾽ αὐτοῦ, τότε καθίσει ἐπὶ θρόνου δόξης αὐτοῦ,",οι δε οταν ὁ υιος ὁ ανθρωπου ελθη εν αυτου ὁ δοξη και παντες αγιοι αγγελοι μετ αυτου τοτε καθισει επι θρονου δοξης αυτου δοξης,"EXTRA: DB has 'δοξης' (G1391), no TR counterpart anywhere in verse"
Mat,25,34,extra_word,2,yes,"Τότε ἐρεῖ ὁ βασιλεὺς τοῖς ἐκ δεξιῶν αὐτοῦ· δεῦτε οἱ εὐλογημένοι τοῦ πατρός μου, κληρονομήσατε τὴν ἡτοιμασμένην ὑμῖν βασιλείαν ἀπὸ καταβολῆς κόσμου.",την οι τοτε ερει ὁ βασιλευς ερει τοις εκ αυτου δεξιων δευτε ευλογημενοι ὁ μου ὁ πατρος κληρονομησατε βασιλειαν ητοιμασμενην υμιν απο καταβολης κοσμου,"EXTRA: DB has 'ερει' (G2046), no TR counterpart anywhere in verse | EXTRA: DB has 'ὁ' (G3588), no TR counterpart anywhere in verse"
Mat,25,40,extra_word,1,yes,"Καὶ ἀποκριθεὶς ὁ βασιλεὺς ἐρεῖ αὐτοῖς· ἀμὴν λέγω ὑμῖν· ἐφ᾽ ὅσον ἐποιήσατε ἑνὶ τούτων τῶν ἀδελφῶν μου τῶν ἐλαχίστων, ἐμοὶ ἐποιήσατε.¶",των και ὁ βασιλευς αποκριθεις ερει αυτοις αμην λεγω υμιν εφ οσον εποιησατε ὁ ενι ελαχιστων τουτων μου ὁ αδελφων εποιησατε εμοι,"EXTRA: DB has 'ὁ' (G3588), no TR counterpart anywhere in verse"
Mat,26,8,extra_word,1,yes,ἰδόντες δὲ οἱ μαθηταὶ αὐτοῦ ἠγανάκτησαν λέγοντες· εἰς τί ἡ ἀπώλεια αὕτη;,δε ιδοντες αυτου ὁ μαθηται ιδοντες ηγανακτησαν λεγοντες εις τι αυτη ὁ απωλεια,"EXTRA: DB has 'ιδοντες' (G3708), no TR counterpart anywhere in verse"
Mat,26,10,word_substitution,1,yes,γνοὺς δὲ ὁ Ἰησοῦς εἶπεν αὐτοῖς· τί κόπους παρέχετε τῇ γυναικί; ἔργον γὰρ καλὸν ἠργάσατο εἰς ἐμέ.,δε ὁ ιησους γνους ειπεν αυτοις τι κόπος παρεχετε ὁ γυναικι γαρ ειργασατο καλον εργον εις εμε,"DIFFERENT FORM: same Strong's G2873, TR 'κόπους' vs DB 'κόπος'"
Mat,26,53,strongs_mismatch,1,yes,"ἢ δοκεῖς ὅτι οὐ δύναμαι παρακαλέσαι τὸν πατέρα μου, καὶ παραστήσει μοι ἄρτι πλείους ἢ δώδεκα λεγεῶνας ἀγγέλων;",η δοκεις οτι οὐ δυναμαι αρτι παρακαλεσαι μου ὁ πατερα και παραστησει μοι πλειους η δωδεκα λεγεωνας αγγελων,"STRONGS MISMATCH: word text matches ('πλείους'); expected Strong's (TR/TAGNT G4183, cross-walked to this DB's lexeme numbering: G4183) vs DB actual 'πλειους'=G4119"
Mat,26,63,extra_word,1,yes,ὁ δὲ Ἰησοῦς ἐσιώπα. καὶ ἀποκριθεὶς ὁ ἀρχιερεὺς εἶπεν αὐτῷ· ἐξορκίζω σε κατὰ τοῦ θεοῦ τοῦ ζῶντος ἵνα ἡμῖν εἴπῃς εἰ σὺ εἶ ὁ χριστὸς ὁ υἱὸς τοῦ θεοῦ.,του ο δε ιησους εσιωπα και ὁ αρχιερευς αποκριθεις ειπεν αυτω εξορκιζω σε κατα ὁ ζωντος ὁ θεου ινα ειπης ημιν ει συ ει ὁ χριστος ὁ υιος ὁ θεου,"EXTRA: DB has 'ὁ' (G3588), no TR counterpart anywhere in verse"
Mat,26,67,word_substitution,1,yes,Τότε ἐνέπτυσαν εἰς τὸ πρόσωπον αὐτοῦ καὶ ἐκολάφισαν αὐτόν. οἱ δὲ ἐράπισαν,τοτε ενεπτυσαν εις αυτου ὁ προσωπον και εκολαφισαν αυτον δε οι ερραπισαν,"DIFFERENT FORM: same Strong's G3588, TR 'τὸ' vs DB 'οι'"
Mat,27,46,mixed_content,2,yes,"περὶ δὲ τὴν ἐνάτην ὥραν ἀνεβόησεν ὁ Ἰησοῦς φωνῇ μεγάλῃ λέγων· ηλι ηλι, λεμα σαβαχθανι; τοῦτ᾽ ἔστιν· θεέ μου θεέ μου, ἱνατί με ἐγκατέλιπες;¶",δε περι εννατην ὁ ωραν ὁ ιησους ανεβοησεν μεγαλη φωνη λεγων ηλι ηλι λαμα σαβαχθανι τουτ εστιν μου θεε μου θεε ἵνα τι εγκατελιπες με,"DIFFERENT FORM: same Strong's G2443, TR 'ἱνατί' vs DB 'ἵνα' | EXTRA: DB has 'τι' (G5101), no TR counterpart anywhere in verse"
Mat,28,4,word_substitution,1,yes,ἀπὸ δὲ τοῦ φόβου αὐτοῦ ἐσείσθησαν οἱ τηροῦντες καὶ ἐγένοντο ὡσεὶ νεκροί.¶,δε απο ὁ φοβου αυτου οι τηρουντες εσεισθησαν και εγενοντο ωσει νεκροι,"DIFFERENT FORM: same Strong's G3588, TR 'τοῦ' vs DB 'οι'"
Mrk,1,13,word_substitution,1,yes,καὶ ἦν ἐκεῖ ἐν τῇ ἐρήμῳ τεσσεράκοντα ἡμέρας πειραζόμενος ὑπὸ τοῦ σατανᾶ καὶ ἦν μετὰ τῶν θηρίων· καὶ οἱ ἄγγελοι διηκόνουν αὐτῷ.¶,και ην εκει εν ερημω τεσσαρακοντα ημερας πειραζομενος υπο ὁ σατανα και ην μετα ὁ θηριων και ὁ αγγελοι διηκονουν αυτω τη,"DIFFERENT FORM: same Strong's G5062, TR 'τεσσεράκοντα' vs DB 'τεσσαρακοντα'"
Mrk,1,19,extra_word,1,yes,"Καὶ προβὰς ἐκεῖθεν ὀλίγον εἶδεν Ἰάκωβον τὸν τοῦ Ζεβεδαίου καὶ Ἰωάννην τὸν ἀδελφὸν αὐτοῦ, καὶ αὐτοὺς ἐν τῷ πλοίῳ καταρτίζοντας τὰ δίκτυα,",και προβας ολιγον εκειθεν ειδεν ιακωβον ὁ ζεβεδαιου και ιωαννην αυτου ὁ αδελφον αυτους και αυτους εν ὁ πλοιω καταρτιζοντας ὁ δικτυα τον,"EXTRA: DB has 'αυτους' (G0846), no TR counterpart anywhere in verse"
Mrk,1,32,word_substitution,1,yes,"Ὀψίας δὲ γενομένης, ὅτε ἔδυσεν ὁ ἥλιος, ἔφερον πρὸς αὐτὸν πάντας τοὺς κακῶς ἔχοντας καὶ τοὺς δαιμονιζομένους·",δε οψιας οτε ὁ ηλιος γενομενης εδυ εφερον προς αυτον παντας εχοντας κακως και τους δαιμονιζομενους τους,"DIFFERENT FORM: same Strong's G1416, TR 'ἔδυσεν' vs DB 'εδυ'"
Mrk,1,38,missing_word,1,yes,Καὶ λέγει αὐτοῖς· ἄγωμεν εἰς τὰς ἐχομένας κωμοπόλεις ἵνα καὶ ἐκεῖ κηρύξω· εἰς τοῦτο γὰρ ἐξελήλυθα,και λεγει αυτοις αγωμεν εις εχομενας κωμοπολεις ινα κηρυξω κακει γαρ εἰς τουτο εξεληλυθα τας,"MISSING: TR has 'καὶ' (G2532), no match anywhere in DB verse"
Mrk,1,42,extra_word,1,yes,"καὶ εἰπόντος αὐτοῦ εὐθὺς ἀπῆλθεν ἀπ᾽ αὐτοῦ ἡ λέπρα, καὶ ἐκαθαρίσθη.",και ειποντος αυτου ειποντος ευθεως ὁ λεπρα απηλθεν απ αυτου και εκαθαρισθη,"EXTRA: DB has 'ειποντος' (G3004), no TR counterpart anywhere in verse"
Mrk,2,4,extra_word,2,yes,καὶ μὴ δυνάμενοι προσεγγίσαι αὐτῷ διὰ τὸν ὄχλον ἀπεστέγασαν τὴν στέγην ὅπου ἦν καὶ ἐξορύξαντες χαλῶσιν τὸν κράβαττον ὁ παραλυτικὸς κατέκειτο.,και δυναμενοι μη προσεγγισαι αυτω δια ὁ οχλον απεστεγασαν ὁ στεγην οπου ην και εξορυξαντες χαλωσιν ὁ κραββατον ἐπί ω παραλυτικος κατεκειτο ο,"EXTRA: DB has 'ἐπί' (G1909), no TR counterpart anywhere in verse | EXTRA: DB has 'ω' (G3739), no TR counterpart anywhere in verse"
Mrk,2,5,extra_word,1,yes,"ἰδὼν δὲ ὁ Ἰησοῦς τὴν πίστιν αὐτῶν λέγει τῷ παραλυτικῷ· τέκνον, ἀφέωνταί σοι αἱ ἁμαρτίαι σου.",ιδων ὁ ιησους ιδων αυτων ὁ πιστιν λεγει παραλυτικω τεκνον σου ὁ αμαρτιαι αφεωνται σοι δε τω,"EXTRA: DB has 'ιδων' (G3708), no TR counterpart anywhere in verse"
Mrk,2,9,word_substitution,1,yes,"τί ἐστιν εὐκοπώτερον, εἰπεῖν τῷ παραλυτικῷ· Ἀφέωνταί σοί αἱ ἁμαρτίαι, ἢ εἰπεῖν· Ἔγειραι καὶ ἆρον τὸν κράβαττόν σου καὶ περιπάτει;¶",τι εστιν ευκοπωτερον ειπειν παραλυτικω ὁ αμαρτιαι αφεωνται σοι η ειπειν εγειραι και αρον σου ὁ κραββατον και περιπατει τω,"DIFFERENT FORM: same Strong's G2895, TR 'κράβαττόν' vs DB 'κραββατον'"
Mrk,2,12,extra_word,1,yes,Καὶ ἠγέρθη καὶ εὐθὺς ἄρας τὸν κράβαττον ἐξῆλθεν ἐναντίον πάντων ὥστε ἐξίστασθαι πάντας καὶ δοξάζειν τὸν θεὸν λέγοντας ὅτι οὕτως οὐδέποτε εἴδομεν.¶,και ευθεως ηγερθη αρας ὁ κραββατον και εξηλθεν εναντιον παντων ωστε παντας εξιστασθαι και δοξαζειν ὁ θεον λεγοντας ειδομεν ουδεποτε ειδομεν ουτως οτι,"EXTRA: DB has 'ειδομεν' (G3708), no TR counterpart anywhere in verse"
Mrk,2,19,mixed_content,3,yes,Καὶ εἶπεν αὐτοῖς ὁ Ἰησοῦς· μὴ δύνανται οἱ υἱοὶ τοῦ νυμφῶνος ἐν ᾧ ὁ νυμφίος μετ᾽ αὐτῶν ἐστιν νηστεύειν; ὅσον χρόνον ἔχουσιν τὸν νυμφίον μετ᾽ οὐ δύνανται νηστεύειν.,και ὁ ιησους ειπεν αυτοις μή δυνανται ὁ υιοι ὁ νυμφωνος νηστευειν ἐν ω ὁ νυμφιος εστιν μετ αυτων χρόνος οσον εχουσιν ὁ νυμφιον μεθ εαυτων οὐ δυνανται νηστευειν,"DIFFERENT FORM: same Strong's G5550, TR 'χρόνον' vs DB 'χρόνος' | DIFFERENT FORM: same Strong's G3326, TR 'μετ᾽' vs DB 'μεθ' | EXTRA: DB has 'εαυτων' (G1438), no TR counterpart anywhere in verse"
Mrk,2,21,extra_word,1,yes,"Καὶ οὐδεὶς ἐπίβλημα ῥάκους ἀγνάφου ἐπιράπτει ἐπὶ ἱματίῳ παλαιῷ εἰ δὲ μή, αἴρει τὸ πλήρωμα αὐτοῦ τὸ καινὸν τοῦ παλαιοῦ, καὶ χεῖρον σχίσμα γίνεται.¶",του το ουδεις και επιρραπτει επιβλημα αγναφου ρακους επι παλαιω ιματιω δέ εἰ μη καινον ὁ πληρωμα αυτου ὁ αιρει παλαιου και σχισμα γινεται χειρον,"EXTRA: DB has 'ὁ' (G3588), no TR counterpart anywhere in verse"
Mrk,2,23,word_substitution,1,yes,"Καὶ ἐγένετο αὐτὸν ἐν τοῖς σάββασιν παραπορεύεσθαι διὰ τῶν σπορίμων, καὶ οἱ μαθηταὶ αὐτοῦ ἤρξαντο ὁδὸν ποιεῖν τίλλοντες τοὺς στάχυας.",των και εγενετο αυτον παραπορευεσθαι δια σποριμων εν ὁ σαββασιν και αυτου ὁ μαθηται ηρξαντο οδον ποιέω τιλλοντες ὁ σταχυας,"DIFFERENT FORM: same Strong's G4160, TR 'ποιεῖν' vs DB 'ποιέω'"
Mrk,2,26,word_substitution,1,yes,πῶς εἰσῆλθεν εἰς τὸν οἶκον τοῦ θεοῦ ἐπὶ Ἀβιαθὰρ τοῦ ἀρχιερέως καὶ τοὺς ἄρτους τῆς προθέσεως ἔφαγεν οὓς οὐκ ἔξεστιν φαγεῖν εἰ μὴ τοῖς ἱερεῦσιν καὶ ἔδωκεν καὶ τοῖς σὺν αὐτῷ οὖσιν;,πως εισηλθεν εις ὁ οικον ὁ θεου επι αβιαθαρ ὁ αρχιερεως και εφαγεν ὁ ἄρτος ὁ προθεσεως ους ουκ εξεστιν φαγειν εἰ μη ὁ ιερευσιν και εδωκεν και τοις ουσιν συν αυτω,"DIFFERENT FORM: same Strong's G0740, TR 'ἄρτους' vs DB 'ἄρτος'"
Mrk,3,4,mixed_content,2,yes,"καὶ λέγει αὐτοῖς· ἔξεστιν τοῖς σάββασιν ἀγαθὸν ποιῆσαι ἢ κακοποιῆσαι, ψυχὴν σῶσαι ἢ ἀποκτεῖναι; οἱ δὲ ἐσιώπων.",οι και λεγει αυτοις εξεστιν αγαθοποιησαι ὁ σαββασιν η κακοποιησαι σωσαι ψυχην η αποκτειναι δε εσιωπων,"STRONGS MISMATCH: word text matches ('ποιῆσαι'); expected Strong's (TR/TAGNT G4160, cross-walked to this DB's lexeme numbering: G4160) vs DB actual 'αγαθοποιησαι'=G0015 | MISSING: TR has 'ἀγαθὸν' (G0018), no match anywhere in DB verse"
Mrk,3,5,extra_word,1,yes,"καὶ περιβλεψάμενος αὐτοὺς μετ᾽ ὀργῆς, συλλυπούμενος ἐπὶ τῇ πωρώσει τῆς καρδίας αὐτῶν, λέγει τῷ ἀνθρώπῳ· ἔκτεινον τὴν χεῖρα σου. καὶ ἐξέτεινεν, καὶ ἀπεκατεστάθη ἡ χεὶρ αὐτοῦ ὑγιὴς ὡς ἡ ἄλλη.¶",η και περιβλεψαμενος αυτους μετ οργης συλλυπουμενος επι ὁ πωρωσει ὁ αυτων ὁ καρδιας λεγει ὁ ανθρωπω εκτεινον σου ὁ χειρα και εξετεινεν και αυτου ὁ χειρ αποκατεσταθη υγιης ως αλλη,"EXTRA: DB has 'ὁ' (G3588), no TR counterpart anywhere in verse"
Mrk,3,8,word_substitution,1,yes,"καὶ ἀπὸ Ἱεροσολύμων καὶ ἀπὸ τῆς Ἰδουμαίας καὶ πέραν τοῦ Ἰορδάνου καὶ οἱ περὶ Τύρον καὶ Σιδῶνα, πλῆθος πολὺ ἀκούσαντες ὅσα ἐποίει ἦλθον πρὸς αὐτόν.¶",και απο ιεροσολυμων και απο ὁ ιδουμαιας και περαν ὁ ιορδανου και οι περι τυρον και σιδωνα πολυ πληθος ακουσαντες οσα εποιει ηλθον προς αυτον,"DIFFERENT FORM: same Strong's G3588, TR 'τοῦ' vs DB 'οι'"
Mrk,3,19,extra_word,3,yes,καὶ Ἰούδαν Ἰσκαριὼθ ὃς καὶ παρέδωκεν αὐτόν.¶,ιουδαν ισκαριωτην ος και παρεδωκεν αυτον και ερχονται εις οικον,"EXTRA: DB has 'ερχονται' (G2064), no TR counterpart anywhere in verse | EXTRA: DB has 'εις' (G1519), no TR counterpart anywhere in verse | EXTRA: DB has 'οικον' (G3624), no TR counterpart anywhere in verse"
Mrk,3,24,word_substitution,1,yes,"καὶ ἐὰν βασιλεία ἐφ᾽ ἑαυτὴν μερισθῇ, οὐ δύναται σταθῆναι ἡ βασιλεία ἐκείνη·",και εαν βασιλεια μερισθη εφ εαυτην εκεινη ὁ βασιλεια δύναμαι ου σταθηναι,"DIFFERENT FORM: same Strong's G1410, TR 'δύναται' vs DB 'δύναμαι'"
Mrk,3,25,word_substitution,1,yes,"καὶ ἐὰν οἰκία ἐφ᾽ ἑαυτὴν μερισθῇ, οὐ δύναται ἡ οἰκία ἐκείνη σταθῆναι·",και εαν οικια μερισθη εφ εαυτην εκεινη ὁ οικια δύναμαι ου σταθηναι,"DIFFERENT FORM: same Strong's G1410, TR 'δύναται' vs DB 'δύναμαι'"
Mrk,3,31,extra_word,1,yes,Ἔρχονται ἡ μήτηρ αὐτοῦ καὶ οἱ ἀδελφοὶ αὐτοῦ. καὶ ἔξω ἑστῶτες ἀπέστειλαν πρὸς αὐτὸν φωνοῦντες αὐτόν.,ερχονται ουν αυτου ὁ αδελφοι και αυτου ὁ μητηρ και εστωτες εξω απεστειλαν προς αυτον φωνουντες αυτον,"EXTRA: DB has 'ουν' (G3767), no TR counterpart anywhere in verse"
Mrk,4,6,mixed_content,4,yes,ἡλίου ἐκαυματίσθησαν καὶ διὰ τὸ μὴ ἔχειν ῥίζαν ἐξηράνθη.,δε ανατειλαντος ηλιου ανατειλαντος εκαυματισθη και δια εχειν μη ριζαν εξηρανθη το,"DIFFERENT FORM: same Strong's G2739, TR 'ἐκαυματίσθησαν' vs DB 'εκαυματισθη' | EXTRA: DB has 'δε' (G1161), no TR counterpart anywhere in verse | EXTRA: DB has 'ανατειλαντος' (G0393), no TR counterpart anywhere in verse | EXTRA: DB has 'ανατειλαντος' (G0393), no TR counterpart anywhere in verse"
Mrk,4,9,strongs_mismatch,1,yes,καὶ ἔλεγεν αὐτοῖς· Ὃ ἔχων ὦτα ἀκούειν ἀκουέτω.¶,και ελεγεν αυτοις εχων ωτα ακουειν ακουετω ο,"STRONGS MISMATCH: word text matches ('Ὃ'); expected Strong's (TR/TAGNT G3739, cross-walked to this DB's lexeme numbering: G2228/G2229/G3739) vs DB actual 'ο'=G3588"
Mrk,4,10,mixed_content,3,yes,ὅτε δὲ ἐγένετο κατὰ ἠρώτησαν αὐτὸν οἱ περὶ αὐτὸν σὺν τοῖς δώδεκα τὴν παραβολήν,δε οτε εγενετο καταμονας περι αυτον συν δωδεκα ηρωτησαν αυτον ὁ παραβολην οι τοις,"DIFFERENT FORM: same Strong's G3588, TR 'τὴν' vs DB 'οι' | MISSING: TR has 'κατὰ' (G2596), no match anywhere in DB verse | EXTRA: DB has 'καταμονας' (G2651), no TR counterpart anywhere in verse"
Mrk,4,15,word_substitution,1,yes,"οὗτοι δέ εἰσιν οἱ παρὰ τὴν ὁδὸν ὅπου σπείρεται ὁ λόγος, καὶ ὅταν ἀκούσωσιν, εὐθὺς ἔρχεται ὁ σατανᾶς καὶ αἴρει τὸν λόγον τὸν ἐσπαρμένον ἐν ταῖς καρδίαις αὐτῶν",δε ουτοι εισιν παρα ὁ οδον οπου ὁ λογος σπειρεται και οταν ακουσωσιν ὁ σατανας ερχεται ευθεως και αιρει ὁ λογον εσπαρμενον εν αυτων ὁ καρδιαις οι τον,"DIFFERENT FORM: same Strong's G3588, TR 'ταῖς' vs DB 'οι'"
Mrk,4,16,word_substitution,1,yes,"καὶ οὗτοί εἰσιν ὁμοίως οἱ ἐπὶ τὰ πετρώδη σπειρόμενοι, οἳ ὅταν ἀκούσωσιν τὸν λόγον, εὐθὺς μετὰ χαρᾶς λαμβάνουσιν αὐτὸν",και ουτοι εισιν ομοιως σπειρομενοι επι πετρωδη οι οταν ακουσωσιν ὁ λογον ευθεως λαμβανουσιν αυτον μετα χαρας οι τα,"DIFFERENT FORM: same Strong's G3588, TR 'τὸν' vs DB 'οι'"
Mrk,4,18,missing_word,2,yes,καὶ οὗτοί εἰσὶν οἱ εἰς τὰς ἀκάνθας σπειρόμενοι· οὗτοί εἰσιν οἱ τὸν λόγον ἀκούοντες,και ουτοι εισιν ὁ σπειρομενοι εις ὁ ακανθας ὁ ακουοντες ὁ λογον,"MISSING: TR has 'οὗτοί' (G3778), no match anywhere in DB verse | MISSING: TR has 'εἰσιν' (G1510), no match anywhere in DB verse"
Mrk,4,32,extra_word,1,yes,"καὶ ὅταν σπαρῇ, ἀναβαίνει καὶ γίνεται πάντων τῶν λαχάνων καὶ ποιεῖ κλάδους μεγάλους ὥστε δύνασθαι ὑπὸ τὴν σκιὰν αὐτοῦ τὰ πετεινὰ τοῦ οὐρανοῦ κατασκηνοῦν.¶",και οταν σπαρη αναβαινει και γινεται μειζων παντων ὁ λαχανων και ποιει μεγαλους κλαδους ωστε ὁ πετεινα ὁ ουρανου δυνασθαι κατασκηνουν υπο ὁ σκιαν αυτου,"EXTRA: DB has 'μειζων' (G3173), no TR counterpart anywhere in verse"
Mrk,4,34,extra_word,1,yes,χωρὶς δὲ παραβολῆς οὐκ ἐλάλει αὐτοῖς· κατ᾽ ἰδίαν δὲ τοῖς μαθηταῖς ἐπέλυεν πάντα.¶,δε χωρις παραβολης ελαλει ουκ αυτοις κατ δε ιδιαν επελυεν παντα αυτου ὁ μαθηταις,"EXTRA: DB has 'αυτου' (G0846), no TR counterpart anywhere in verse"
Mrk,4,35,extra_word,1,yes,Καὶ λέγει αὐτοῖς ἐν ἐκείνῃ τῇ ἡμέρᾳ ὀψίας γενομένης· διέλθωμεν εἰς τὸ πέραν.,και εν ὁ εκεινη ὁ ημερα οψιας γενομενης λεγει αυτοις διελθωμεν εις περαν το,"EXTRA: DB has 'ὁ' (G3588), no TR counterpart anywhere in verse"
Mrk,4,37,extra_word,1,yes,"καὶ γίνεται λαῖλαψ μεγάλη ἀνέμου, τὰ δὲ κύματα ἐπέβαλλεν εἰς τὸ πλοῖον ὥστε ἤδη γεμίζεσθαι",και γινεται μεγαλη λαιλαψ ανεμου δε κυματα επεβαλλεν εις ὁ πλοιον ωστε αυτο ηδη γεμιζεσθαι τα,"EXTRA: DB has 'αυτο' (G0846), no TR counterpart anywhere in verse"
Mrk,5,5,missing_word,1,yes,καὶ διὰ διαπαντός νυκτὸς καὶ ἡμέρας ἐν τοῖς μνήμασιν καὶ ἐν τοῖς ὄρεσιν ἦν κράζων καὶ κατακόπτων ἑαυτὸν λίθοις.¶,και διαπαντος νυκτος και ημερας ην εν ὁ ορεσιν και εν ὁ μνημασιν κραζων και κατακοπτων εαυτον λιθοις,"MISSING: TR has 'διὰ' (G1223), no match anywhere in DB verse"
Mrk,5,7,extra_word,1,yes,"καὶ κράξας φωνῇ μεγάλῃ εἶπεν τί ἐμοὶ καὶ σοί, Ἰησοῦ, υἱὲ τοῦ θεοῦ τοῦ ὑψίστου; ὁρκίζω σε τὸν θεόν, μή με βασανίσῃς.",του κραξας μεγαλη φωνη ειπεν τι και εμοι και σοι ιησου υιε ὁ υψιστου ὁ θεου ορκιζω σε ὁ θεον βασανισης με μη,"EXTRA: DB has 'ὁ' (G3588), no TR counterpart anywhere in verse"
Mrk,5,13,extra_word,1,yes,"καὶ ἐπέτρεψεν αὐτοῖς εὐθέως ὁ Ἰησοῦς. καὶ ἐξελθόντα τὰ πνεύματα τὰ ἀκάθαρτα εἰσῆλθον εἰς τοὺς χοίρους, καὶ ὥρμησεν ἡ ἀγέλη κατὰ τοῦ κρημνοῦ εἰς τὴν θάλασσαν ἦσαν δὲ ὡς δισχίλιοι καὶ ἐπνίγοντο ἐν τῇ θαλάσσῃ.",τα και ευθεως ὁ ιησους αυτοις επετρεψεν και ὁ ακαθαρτα ὁ πνευματα εξελθοντα εισηλθον εις ὁ χοιρους και ὁ αγελη ωρμησεν κατα ὁ κρημνου εις ὁ θαλασσαν δε ησαν ως δισχιλιοι και επνιγοντο εν ὁ θαλασση,"EXTRA: DB has 'ὁ' (G3588), no TR counterpart anywhere in verse"
Mrk,5,36,strongs_mismatch,1,yes,"Ὁ δὲ Ἰησοῦς εὐθέως ἀκούσας τὸν λόγον λαλούμενον λέγει τῷ ἀρχισυναγώγῳ· μὴ φοβοῦ, μόνον πίστευε.",δε ο ευθεως ιησους ακουσας ὁ λογον λαλουμενον λεγει ὁ αρχισυναγωγω μη φοβου μονον πιστευε,"STRONGS MISMATCH: word text matches ('μόνον'); expected Strong's (TR/TAGNT G3441, cross-walked to this DB's lexeme numbering: G3441) vs DB actual 'μονον'=G3440"
Mrk,6,8,strongs_mismatch,1,yes,"καὶ παρήγγειλεν αὐτοῖς ἵνα μηδὲν αἴρωσιν εἰς ὁδὸν εἰ μὴ ῥάβδον μόνον, μὴ ἄρτον, μὴ πήραν, μὴ εἰς τὴν ζώνην χαλκόν,",και παρηγγειλεν αυτοις ινα αιρωσιν μηδεν εις οδον ει μη ραβδον μονον μη πηραν μη αρτον μη χαλκον εις ὁ ζωνην,"STRONGS MISMATCH: word text matches ('μόνον,'); expected Strong's (TR/TAGNT G3441, cross-walked to this DB's lexeme numbering: G3441) vs DB actual 'μονον'=G3440"
Mrk,6,14,extra_word,1,yes,"Καὶ ἤκουσεν ὁ βασιλεὺς Ἡρῴδης· φανερὸν γὰρ ἐγένετο τὸ ὄνομα αὐτοῦ. καὶ ἔλεγεν ὅτι Ἰωάννης ὁ βαπτίζων ἐκ νεκρῶν, καὶ διὰ τοῦτο ἐνεργοῦσιν αἱ δυνάμεις ἐν αὐτῷ.",ο και ὁ βασιλευς ηρωδης ηκουσεν γαρ αυτου ὁ ονομα εγενετο φανερον και ελεγεν οτι ιωαννης βαπτιζων ηγερθη εκ νεκρων και δια ὁ δυναμεις τουτο ενεργουσιν εν αυτω,"EXTRA: DB has 'ηγερθη' (G1453), no TR counterpart anywhere in verse"
Mrk,6,50,extra_word,1,yes,"πάντες γὰρ αὐτὸν εἶδον καὶ ἐταράχθησαν. καὶ εὐθὺς ἐλάλησεν μετ᾽ αὐτῶν καὶ λέγει αὐτοῖς· θαρσεῖτε, ἐγώ εἰμι, μὴ φοβεῖσθε.",γαρ ειδον παντες ειδον αυτον και εταραχθησαν και ευθεως ελαλησεν μετ αυτων και λεγει αυτοις θαρσειτε ειμι εγω μη φοβεισθε,"EXTRA: DB has 'ειδον' (G3708), no TR counterpart anywhere in verse"
Mrk,7,6,extra_word,1,yes,"Ὁ δὲ ἀποκριθεὶς εἶπεν αὐτοῖς ὅτι· καλῶς ἐπροφήτευσεν Ἠσαΐας περὶ ὑμῶν τῶν ὑποκριτῶν, ὡς γέγραπται οὗτος ὁ λαὸς τοῖς χείλεσίν με τιμᾷ, ἡ δὲ καρδία αὐτῶν πόρρω ἀπέχει ἀπ᾽ ἐμοῦ.",η ο αποκριθεις δε ειπεν αυτοις οτι καλως ησαιας προεφητευσεν περι υμων ὁ υποκριτων ως γεγραπται ουτος ὁ λαος τιμα με ὁ ὁ χειλεσιν δε αυτων καρδια απεχει πορρω απ εμου,"EXTRA: DB has 'ὁ' (G3588), no TR counterpart anywhere in verse"
Mrk,7,21,mixed_content,2,yes,"ἔσωθεν γὰρ ἐκ τῆς καρδίας τῶν ἀνθρώπων οἱ διαλογισμοὶ οἱ κακοὶ ἐκπορεύονται πορνεῖαι, κλοπαί, φόνοι,",οι γαρ εσωθεν εκ ὁ καρδιας ὁ ανθρωπων εκπορευονται κακοι ὁ διαλογισμοι μοιχειαι πορνειαι φονοι,"MISSING: TR has 'κλοπαί,' (G2829), no match anywhere in DB verse | EXTRA: DB has 'μοιχειαι' (G3430), no TR counterpart anywhere in verse"
Mrk,7,22,mixed_content,2,yes,"μοιχεῖαι, πλεονεξίαι, πονηρίαι, δόλος, ἀσέλγεια, ὀφθαλμὸς πονηρός, βλασφημία, ὑπερηφανία, ἀφροσύνη·",κλοπαι πλεονεξιαι πονηριαι δολος ασελγεια πονηρος οφθαλμος βλασφημια υπερηφανια αφροσυνη,"MISSING: TR has 'μοιχεῖαι,' (G3430), no match anywhere in DB verse | EXTRA: DB has 'κλοπαι' (G2829), no TR counterpart anywhere in verse"
Mrk,7,30,extra_word,3,yes,καὶ ἀπελθοῦσα εἰς τὸν οἶκον αὐτῆς εὗρεν τὸ ἐπὶ καὶ τὸ δαιμόνιον ἐξεληλυθός.¶,και απελθουσα εις αυτης οικον ευρεν ὁ δαιμονιον εξεληλυθος και ὁ θυγατερα βεβλημενην επι ὁ κλινης,"EXTRA: DB has 'θυγατερα' (G2364), no TR counterpart anywhere in verse | EXTRA: DB has 'βεβλημενην' (G0906), no TR counterpart anywhere in verse | EXTRA: DB has 'κλινης' (G2825), no TR counterpart anywhere in verse"
Mrk,7,36,strongs_mismatch,1,yes,"καὶ διεστείλατο αὐτοῖς ἵνα μηδενὶ εἴπωσιν ὅσον δὲ αὐτὸς αὐτοῖς διεστέλλετο, μᾶλλον περισσότερον ἐκήρυσσον.",και διεστειλατο αυτοις ινα ειπωσιν μηδενι δε οσον αυτος διεστελλετο αυτοις μαλλον περισσοτερον εκηρυσσον,"STRONGS MISMATCH: word text matches ('περισσότερον'); expected Strong's (TR/TAGNT G4054, cross-walked to this DB's lexeme numbering: G4054) vs DB actual 'περισσοτερον'=G4053"
Mrk,8,3,extra_word,1,yes,"καὶ ἐὰν ἀπολύσω αὐτοὺς νήστεις εἰς οἶκον αὐτῶν, ἐκλυθήσονται ἐν τῇ ὁδῷ· τινες αὐτῶν μακρόθεν ἥκασιν.¶",και εαν αυτους απολυσω νηστεις εις αυτων οικον εκλυθησονται εν ὁ οδω γαρ τινες αυτων ηκασιν μακροθεν,"EXTRA: DB has 'γαρ' (G1063), no TR counterpart anywhere in verse"
Mrk,8,6,extra_word,1,yes,"καὶ παρήγγειλεν τῷ ὄχλῳ ἀναπεσεῖν ἐπὶ τῆς γῆς, καὶ λαβὼν τοὺς ἑπτὰ ἄρτους, εὐχαριστήσας ἔκλασεν καὶ ἐδίδου τοῖς μαθηταῖς αὐτοῦ ἵνα παραθῶσιν καὶ παρέθηκαν τῷ ὄχλῳ.",τους και παρηγγειλεν ὁ οχλω αναπεσειν επι ὁ γης και λαβων επτα αρτους ευχαριστησας εκλασεν και εδιδου ὁ αυτου ὁ μαθηταις ινα παραθωσιν και παρεθηκαν ὁ οχλω,"EXTRA: DB has 'ὁ' (G3588), no TR counterpart anywhere in verse"
Mrk,8,7,extra_word,1,yes,καὶ εἶχον ἰχθύδια ὀλίγα· καὶ εὐλογήσας εἶπεν καὶ παραθεῖναι,και ειχον ολιγα ιχθυδια και ευλογησας ειπεν αυτα και παραθειναι,"EXTRA: DB has 'αυτα' (G0846), no TR counterpart anywhere in verse"
Mrk,8,21,extra_word,1,yes,καὶ ἔλεγεν αὐτοῖς· πῶς συνίετε;¶,και ελεγεν αυτοις πως ου συνιετε,"EXTRA: DB has 'ου' (G3756), no TR counterpart anywhere in verse"
Mrk,8,24,missing_word,1,yes,καὶ ἀναβλέψας ἔλεγεν· βλέπω τοὺς ἀνθρώπους ὅτι ὡς δένδρα ὁρῶ περιπατοῦντας.,και αναβλεψας ελεγεν βλεπω ὁ ανθρωπους ὅτι ως δενδρα περιπατουντας,"MISSING: TR has 'ὁρῶ' (G3708), no match anywhere in DB verse"
Mrk,8,38,extra_word,1,yes,"ὃς γὰρ ἂν ἐπαισχυνθῇ με καὶ τοὺς ἐμοὺς λόγους ἐν τῇ γενεᾷ ταύτῃ τῇ μοιχαλίδι καὶ ἁμαρτωλῷ, καὶ ὁ υἱὸς τοῦ ἀνθρώπου ἐπαισχυνθήσεται αὐτὸν ὅταν ἔλθῃ ἐν τῇ δόξῃ τοῦ πατρὸς αὐτοῦ μετὰ τῶν ἀγγέλων τῶν ἁγίων.¶",τους ὅς αν γαρ επαισχυνθη με και εμους λογους εν ταυτη ὁ μοιχαλιδι και αμαρτωλω ὁ γενεα αυτον και ὁ υιος ὁ ανθρωπου επαισχυνθησεται οταν ελθη εν ὁ δοξη ὁ αυτου ὁ πατρος μετα ὁ αγιων ὁ αγγελων,"EXTRA: DB has 'ὁ' (G3588), no TR counterpart anywhere in verse"
Mrk,9,6,extra_word,2,yes,οὐ γὰρ ᾔδει τί ἔκφοβοι γὰρ,γαρ ηδει ου τι λαληση γαρ ησαν εκφοβοι,"EXTRA: DB has 'λαληση' (G2980), no TR counterpart anywhere in verse | EXTRA: DB has 'ησαν' (G1510), no TR counterpart anywhere in verse"
Mrk,9,8,strongs_mismatch,1,yes,καὶ ἐξάπινα περιβλεψάμενοι οὐκέτι οὐδένα εἶδον ἀλλὰ τὸν Ἰησοῦν μόνον μεθ᾽ ἑαυτῶν.¶,και εξαπινα περιβλεψαμενοι ειδον ουδενα ουκετι αλλα ὁ ιησουν μονον μεθ εαυτων,"STRONGS MISMATCH: word text matches ('μόνον'); expected Strong's (TR/TAGNT G3441, cross-walked to this DB's lexeme numbering: G3441) vs DB actual 'μονον'=G3440"
Mrk,9,20,word_substitution,1,yes,"καὶ ἤνεγκαν αὐτὸν πρὸς αὐτόν. καὶ ἰδὼν αὐτὸν τὸ πνεῦμα εὐθὺς ἐσπάραξεν αὐτόν, καὶ πεσὼν ἐπὶ τῆς γῆς ἐκυλίετο ἀφρίζων.",και ηνεγκαν αυτον προς αυτον και ιδων αυτον ευθεως ὁ πνευμα εσπαραξεν αυτον και πεσων επι ὁ γης εκυλιετο αφριζων,"DIFFERENT FORM: same Strong's G2112, TR 'εὐθὺς' vs DB 'ευθεως'"
Mrk,9,25,extra_word,1,yes,"Ἰδὼν δὲ ὁ Ἰησοῦς ὅτι ἐπισυντρέχει ὄχλος, ἐπετίμησεν τῷ πνεύματι τῷ ἀκαθάρτῳ λέγων αὐτῷ· τὸ ἄλαλον καὶ κωφὸν τὸ πνεῦμα, ἐγὼ ἐπιτάσσω σοι· ἔξελθε ἐξ αὐτοῦ, καὶ μηκέτι εἰσέλθῃς εἰς αὐτόν.",το τω δε ὁ ιησους ιδων οτι οχλος επισυντρεχει επετιμησεν ὁ ακαθαρτω ὁ πνευματι λεγων αυτω αλαλον και κωφον ὁ πνευμα εγω επιτασσω σοι εξελθε εξ αυτου και εισελθης μηκετι εις αυτον,"EXTRA: DB has 'ὁ' (G3588), no TR counterpart anywhere in verse"
Mrk,9,26,word_substitution,1,yes,"καὶ κράξαν καὶ πολλὰ σπαράξαν αὐτόν ἐξῆλθεν, καὶ ἐγένετο ὡσεὶ νεκρὸς ὥστε πολλοὺς λέγειν ὅτι ἀπέθανεν.",και κραξαν και σπαραξαν αυτον πολλα εξηλθεν και εγενετο ωσει νεκρος ωστε πολλους λέγω οτι απεθανεν,"DIFFERENT FORM: same Strong's G3004, TR 'λέγειν' vs DB 'λέγω'"
Mrk,9,28,word_substitution,1,yes,Καὶ εἰσελθόντα αὐτὸν εἰς οἶκον οἱ μαθηταὶ αὐτοῦ κατ᾽ ἰδίαν ἐπηρώτων αὐτόν· ὅτι ἡμεῖς οὐκ ἠδυνήθημεν ἐκβαλεῖν αὐτό;,και εισελθοντα αυτον εις οικον αυτου ὁ μαθηται επηρωτων αυτον ἴδιος κατ οτι ηδυνηθημεν ουκ ημεις εκβαλειν αυτο,"DIFFERENT FORM: same Strong's G2398, TR 'ἰδίαν' vs DB 'ἴδιος'"
Mrk,9,30,mixed_content,2,yes,"Κἀκεῖθεν ἐξελθόντες παρεπορεύοντο διὰ τῆς Γαλιλαίας, καὶ οὐκ ἤθελεν ἵνα τις γνοῖ·",εξελθοντες εκειθεν παρεπορευοντο δια ὁ γαλιλαιας και ηθελεν ουκ ινα τις γνω,"MISSING: TR has 'Κἀκεῖθεν' (G2532), no match anywhere in DB verse | EXTRA: DB has 'εκειθεν' (G1564), no TR counterpart anywhere in verse"
Mrk,9,40,strongs_mismatch,2,yes,ὃς γὰρ οὐκ ἔστιν καθ᾽ ὑμῶν ὑπὲρ ὑμῶν ἐστιν.,γαρ ος εστιν ουκ καθ υμων εστιν υμων υπερ,"STRONGS MISMATCH: word text matches ('ὑμῶν'); expected Strong's (TR/TAGNT G5216, cross-walked to this DB's lexeme numbering: G1473/G3165/G5216) vs DB actual 'υμων'=G4771 | STRONGS MISMATCH: word text matches ('ὑμῶν'); expected Strong's (TR/TAGNT G5216, cross-walked to this DB's lexeme numbering: G1473/G3165/G5216) vs DB actual 'υμων'=G4771"
Mrk,9,42,word_substitution,1,yes,"καὶ ὃς ἂν σκανδαλίσῃ ἕνα τῶν μικρῶν τῶν πιστευόντων εἰς ἐμέ, καλόν ἐστιν αὐτῷ μᾶλλον εἰ περίκειται λίθος μυλικὸς περὶ τὸν τράχηλον αὐτοῦ καὶ βέβληται εἰς τὴν θάλασσαν.",και ἄν ος σκανδαλιση ενα ὁ μικρων ὁ πιστευοντων εις εμε εστιν καλός μαλλον αυτω ει λίθος μυλικος περικειται περι αυτου ὁ τραχηλον και βεβληται εις ὁ θαλασσαν,"DIFFERENT FORM: same Strong's G2570, TR 'καλόν' vs DB 'καλός'"
Mrk,9,43,extra_word,1,yes,"καὶ ἐὰν σκανδαλίζῃ σε ἡ χείρ σου, ἀπόκοψον αὐτήν· καλόν ἐστίν κυλλὸν εἰσελθεῖν εἰς τὴν ζωὴν ἢ τὰς δύο χεῖρας ἔχοντα ἀπελθεῖν εἰς τὴν γέενναν εἰς τὸ πῦρ τὸ ἄσβεστον.",και εαν σου ὁ χειρ σκανδαλιζη σε αυτην αποκοψον εστιν καλον σοι εισελθειν εις ὁ ζωην κυλλον η εχοντα δυο ὁ χειρας απελθειν εις ὁ γεενναν εις ὁ πυρ ὁ ασβεστον,"EXTRA: DB has 'σοι' (G4771), no TR counterpart anywhere in verse"
Mrk,9,50,word_substitution,1,yes,"καλὸν τὸ ἅλας· ἐὰν δὲ τὸ ἅλας ἄναλον γένηται, ἐν τίνι αὐτὸ ἀρτύσετε; ἔχετε ἐν ἑαυτοῖς ἅλας καὶ εἰρηνεύετε ἐν ἀλλήλοις.¶",ὁ αλας καλον δε εαν ὁ αλας γίνομαι αναλον ἐν τινι αρτυσετε αυτο εχετε αλας εν εαυτοις και ειρηνευετε εν αλληλοις,"DIFFERENT FORM: same Strong's G1096, TR 'γένηται,' vs DB 'γίνομαι'"
Mrk,10,1,missing_word,1,yes,"Καὶ ἐκεῖθεν ἀναστὰς ἔρχεται εἰς τὰ ὅρια τῆς Ἰουδαίας διὰ τοῦ πέραν τοῦ Ἰορδάνου, καὶ συμπορεύονται πάλιν ὄχλοι πρὸς αὐτόν, καὶ ὡς εἰώθει πάλιν ἐδίδασκεν αὐτούς.",του αναστας κακειθεν ερχεται εις ὁ ορια ὁ ιουδαιας δια περαν ὁ ιορδανου και οχλοι συμπορευονται προς αυτον παλιν και ως ειωθει εδιδασκεν αυτους παλιν,"MISSING: TR has 'καὶ' (G2532), no match anywhere in DB verse"
Mrk,10,14,extra_word,1,yes,"ἰδὼν δὲ ὁ Ἰησοῦς ἠγανάκτησεν καὶ εἶπεν αὐτοῖς· ἄφετε τὰ παιδία ἔρχεσθαι πρός με, καὶ μὴ κωλύετε αὐτά, τῶν γὰρ τοιούτων ἐστὶν ἡ βασιλεία τοῦ θεοῦ.¶",των δε ιδων ὁ ιησους ιδων ηγανακτησεν και ειπεν αυτοις αφετε ὁ παιδια ερχεσθαι προς με και κωλυετε αυτα μη γαρ τοιουτων εστιν ὁ βασιλεια ὁ θεου,"EXTRA: DB has 'ιδων' (G3708), no TR counterpart anywhere in verse"
Mrk,10,23,extra_word,1,yes,καὶ περιβλεψάμενος ὁ Ἰησοῦς λέγει τοῖς μαθηταῖς αὐτοῦ· πῶς δυσκόλως οἱ τὰ χρήματα ἔχοντες εἰς τὴν βασιλείαν τοῦ θεοῦ εἰσελεύσονται.,οι και ὁ ιησους περιβλεψαμενος λεγει ὁ αυτου ὁ μαθηταις πως δυσκολως εχοντες ὁ χρηματα εισελευσονται εις ὁ βασιλειαν ὁ θεου,"EXTRA: DB has 'ὁ' (G3588), no TR counterpart anywhere in verse"
Mrk,10,42,missing_word,1,yes,"Ὁ δὲ προσκαλεσάμενος αὐτοὺς ὁ Ἰησοῦς λέγει αὐτοῖς· οἴδατε ὅτι οἱ δοκοῦντες ἄρχειν τῶν ἐθνῶν κατακυριεύουσιν αὐτῶν, καὶ οἱ μεγάλοι αὐτῶν κατεξουσιάζουσιν αὐτῶν.",οι οι ο δε ιησους προσκαλεσαμενος αυτους λεγει αυτοις οιδατε οτι δοκουντες αρχειν ὁ εθνων κατακυριευουσιν αυτων και αυτων μεγαλοι κατεξουσιαζουσιν αυτων,"MISSING: TR has 'τῶν' (G3588), no match anywhere in DB verse"
Mrk,10,46,extra_word,1,yes,"Καὶ ἔρχονται εἰς Ἰεριχώ. καὶ ἐκπορευομένου αὐτοῦ ἀπὸ Ἰεριχὼ καὶ τῶν μαθητῶν αὐτοῦ καὶ ὄχλου ἱκανοῦ υἱὸς Τιμαίου Βαρτιμαῖος, ὁ τυφλὸς ἐκάθητο παρὰ τὴν ὁδόν.",ο και ερχονται εις ιεριχω και αυτου εκπορευομενου απο ιεριχω και αυτου ὁ μαθητων και ικανου οχλου τυφλος βαρτιμαιος υιος τιμαιου εκαθητο παρα ὁ οδον προσαιτων,"EXTRA: DB has 'προσαιτων' (G4319), no TR counterpart anywhere in verse"
Mrk,10,49,extra_word,1,yes,"καὶ στὰς ὁ Ἰησοῦς εἶπεν· αὐτόν. καὶ φωνοῦσιν τὸν τυφλὸν λέγοντες αὐτῷ· θάρσει, ἔγειραι φωνεῖ σε.",τον και ὁ ιησους στας ειπεν αυτον φωνηθηναι και φωνουσιν τυφλον λεγοντες αυτω θαρσει εγειραι φωνει σε,"EXTRA: DB has 'φωνηθηναι' (G5455), no TR counterpart anywhere in verse"
Mrk,10,51,extra_word,1,yes,"καὶ ἀποκριθεὶς αὐτῷ ὁ Ἰησοῦς τί σοι θέλεις ποιήσω; ὁ δὲ τυφλὸς εἶπεν αὐτῷ· ραββουνι, ἵνα ἀναβλέψω.",ο και ὁ ιησους αποκριθεις λεγει αυτω τι θελεις ποιησω σοι δε τυφλος ειπεν αυτω ραββονι ινα αναβλεψω,"EXTRA: DB has 'λεγει' (G3004), no TR counterpart anywhere in verse"
Mrk,11,1,strongs_mismatch,1,yes,"Καὶ ὅτε ἐγγίζουσιν εἰς Ἱεροσόλυμα εἰς Βηθφαγὴ καὶ Βηθανίαν πρὸς τὸ ὄρος τῶν ἐλαιῶν, ἀποστέλλει δύο τῶν μαθητῶν αὐτοῦ",και οτε εγγιζουσιν εις ιερουσαλημ εις βηθφαγη και βηθανιαν προς ὁ ορος ὁ ελαιων αποστελλει δυο αυτου ὁ μαθητων,"STRONGS MISMATCH: word text matches ('Ἱεροσόλυμα'); expected Strong's (TR/TAGNT G2414, cross-walked to this DB's lexeme numbering: G2414) vs DB actual 'ιερουσαλημ'=G2419"
Mrk,11,18,extra_word,1,yes,"Καὶ ἤκουσαν οἱ ἀρχιερεῖς καὶ οἱ γραμματεῖς καὶ ἐζήτουν πῶς αὐτὸν ἀπολέσουσιν ἐφοβοῦντο γὰρ αὐτόν, πᾶς ὁ ὄχλος ἐξεπλήσσετο ἐπὶ τῇ διδαχῇ αὐτοῦ.¶",και ὁ γραμματεις και ὁ αρχιερεις ηκουσαν και εζητουν πως απολεσουσιν αυτον γαρ εφοβουντο αυτον οτι πας ὁ οχλος εξεπλησσετο επι αυτου ὁ διδαχη,"EXTRA: DB has 'οτι' (G3754), no TR counterpart anywhere in verse"
Mrk,12,6,extra_word,1,yes,ἔτι οὖν ἕνα υἱὸν ἀγαπητόν αὐτοῦ· ἀπέστειλεν καὶ αὐτὸν ἔσχατον πρὸς αὐτοὺς λέγων ὅτι ἐντραπήσονται τὸν υἱόν μου.,εχων ετι ουν ενα υιον αυτου αγαπητον απεστειλεν αυτον και εσχατον προς αυτους λεγων εντραπησονται μου ὁ υιον οτι,"EXTRA: DB has 'εχων' (G2192), no TR counterpart anywhere in verse"
Mrk,12,7,mixed_content,2,yes,"ἐκεῖνοι δὲ οἱ γεωργοὶ πρὸς ἑαυτοὺς εἶπαν ὅτι οὗτός ἐστιν ὁ κληρονόμος· δεῦτε ἀποκτείνωμεν αὐτόν, καὶ ἡμῶν ἔσται ἡ κληρονομία.",δε εκεινοι ὁ γεωργοι ειπον προς εαυτους οτι ουτος εστιν ὁ κληρονομος δευτε αποκτεινωμεν αυτον και ὁ κληρονομια εσται ημων,"MISSING: TR has 'εἶπαν' (G2036), no match anywhere in DB verse | EXTRA: DB has 'ειπον' (G3004), no TR counterpart anywhere in verse"
Mrk,12,15,extra_word,5,yes,Ὁ δὲ εἰδὼς αὐτῶν τὴν ὑπόκρισιν εἶπεν αὐτοῖς· τί με πειράζετε; φέρετέ μοι δηνάριον ἵνα ἴδω.,δωμεν η δωμεν μη δωμεν δε ο ειδως αυτων ὁ υποκρισιν ειπεν αυτοις τι πειραζετε με φερετε μοι δηναριον ινα ιδω,"EXTRA: DB has 'δωμεν' (G1325), no TR counterpart anywhere in verse | EXTRA: DB has 'η' (G2228), no TR counterpart anywhere in verse | EXTRA: DB has 'δωμεν' (G1325), no TR counterpart anywhere in verse | EXTRA: DB has 'μη' (G3361), no TR counterpart anywhere in verse | EXTRA: DB has 'δωμεν' (G1325), no TR counterpart anywhere in verse"
Mrk,12,19,extra_word,1,yes,"διδάσκαλε, Μωϋσῆς ἔγραψεν ἡμῖν ὅτι ἐάν τινος ἀδελφὸς ἀποθάνῃ καὶ καταλίπῃ γυναῖκα καὶ μὴ ἀφῇ ἵνα λάβῃ ὁ ἀδελφὸς αὐτοῦ τὴν γυναῖκα αὐτοῦ καὶ ἐξαναστήσῃ σπέρμα τῷ ἀδελφῷ αὐτοῦ.",διδασκαλε μωσης εγραψεν ημιν οτι εαν τινος αδελφος αποθανη και καταλιπη γυναικα και αφη μη τεκνα ινα αυτου ὁ αδελφος λαβη αυτου ὁ γυναικα και εξαναστηση σπερμα αυτου ὁ αδελφω,"EXTRA: DB has 'τεκνα' (G5043), no TR counterpart anywhere in verse"
Mrk,12,36,missing_word,1,yes,αὐτὸς γὰρ Δαυὶδ εἶπεν ἐν τῷ πνεύματι τῷ ἁγίῳ· εἶπεν ὁ κύριος τῷ κυρίῳ μου· κάθου ἐκ δεξιῶν μου ἕως ἂν θῶ τοὺς ἐχθρούς σου ὑποπόδιον τῶν ποδῶν σου.,γαρ δαβιδ αυτος εν ὁ αγιω ὁ πνευματι ὁ κυριος ειπεν μου ὁ κυριω καθου εκ μου δεξιων ἕως αν θω σου ὁ εχθρους σου ὑποπόδιον ὁ ποδων,"MISSING: TR has 'εἶπεν' (G2036), no match anywhere in DB verse"
Mrk,12,40,strongs_mismatch,1,yes,"οἱ κατεσθίοντες τὰς οἰκίας τῶν χηρῶν καὶ προφάσει μακρὰ προσευχόμενοι, οὗτοι λήμψονται περισσότερον κρίμα.¶",οι κατεσθιοντες ὁ χηρων ὁ οικιας και προφασει μακρα προσευχομενοι ουτοι ληψονται περισσοτερον κριμα,"STRONGS MISMATCH: word text matches ('περισσότερον'); expected Strong's (TR/TAGNT G4055, cross-walked to this DB's lexeme numbering: G4055) vs DB actual 'περισσοτερον'=G4053"
Mrk,13,14,mixed_content,2,yes,"ὅταν δὲ ἴδητε τὸ βδέλυγμα τῆς ἐρημώσεως τὸ ῥηθὲν ὑπὸ Δανιὴλ τοῦ προφήτου ὅπου οὐ δεῖ, ὁ ἀναγινώσκων νοείτω, τότε οἱ ἐν τῇ Ἰουδαίᾳ φευγέτωσαν εἰς τὰ ὄρη·",δε οταν ιδητε ὁ βδελυγμα ὁ ερημωσεως ὁ ρηθεν υπο δανιηλ ὁ προφητου εστος οπου δει ου ο αναγινωσκων νοειτω τοτε οι εν ὁ ιουδαια φευγετωσαν εις ὁ ορη,"DIFFERENT FORM: same Strong's G3588, TR 'τοῦ' vs DB 'οι' | EXTRA: DB has 'εστος' (G2476), no TR counterpart anywhere in verse"
Mrk,13,20,word_substitution,1,yes,"καὶ εἰ μὴ ἐκολόβωσεν κύριος τὰς ἡμέρας, οὐκ ἂν ἐσώθη πᾶσα σάρξ· ἀλλὰ διὰ τοὺς ἐκλεκτοὺς οὓς ἐξελέξατο ἐκολόβωσεν τὰς ἡμέρας.",και εἰ μη κυριος εκολοβωσεν ὁ ημερας οὐ αν πᾶς σαρξ εσωθη αλλα δια ὁ εκλεκτους ους εξελεξατο εκολοβωσεν ὁ ημερας,"DIFFERENT FORM: same Strong's G3956, TR 'πᾶσα' vs DB 'πᾶς'"
Mrk,13,23,strongs_mismatch,1,yes,ὑμεῖς δὲ βλέπετε· ἰδού προείρηκα ὑμῖν πάντα.¶,δε υμεις βλεπετε ιδου προειρηκα υμιν παντα,"STRONGS MISMATCH: word text matches ('προείρηκα'); expected Strong's (TR/TAGNT G4280, cross-walked to this DB's lexeme numbering: G4280) vs DB actual 'προειρηκα'=G4302"
Mrk,13,25,missing_word,1,yes,καὶ οἱ ἀστέρες ἔσονται ἐκ τοῦ οὐρανοῦ ἐκπίπτοντες καὶ αἱ δυνάμεις αἱ ἐν τοῖς οὐρανοῖς σαλευθήσονται.,και ὁ αστερες ὁ ουρανου εσονται εκπιπτοντες και ὁ δυναμεις αι εν ὁ ουρανοις σαλευθησονται,"MISSING: TR has 'ἐκ' (G1537), no match anywhere in DB verse"
Mrk,14,17,word_substitution,1,yes,Καὶ ὀψίας γενομένης ἔρχεται μετὰ τῶν δώδεκα.,και οψιας γίνομαι ερχεται μετα ὁ δωδεκα,"DIFFERENT FORM: same Strong's G1096, TR 'γενομένης' vs DB 'γίνομαι'"
Mrk,14,24,word_substitution,1,yes,καὶ εἶπεν αὐτοῖς· τοῦτό ἐστιν τὸ αἷμά μου τὸ τῆς καινῆς διαθήκης τὸ ἐκχυννόμενον περὶ πολλῶν.,της το και ειπεν αυτοις τουτο εστιν μου ὁ αιμα καινης διαθηκης το εκχυνομενον περι πολλων,"DIFFERENT FORM: same Strong's G1632, TR 'ἐκχυννόμενον' vs DB 'εκχυνομενον'"
Mrk,14,27,extra_word,1,yes,"Καὶ λέγει αὐτοῖς ὁ Ἰησοῦς ὅτι πάντες σκανδαλισθήσεσθε ἐν ἐμοὶ ἐν τῇ νυκτὶ ταύτῃ, ὅτι γέγραπται· πατάξω τὸν ποιμένα, καὶ τὰ πρόβατα",και ὁ ιησους λεγει αυτοις οτι παντες σκανδαλισθησεσθε εν εμοι εν ταυτη ὁ νυκτι οτι γεγραπται παταξω ὁ ποιμενα και ὁ προβατα διασκορπισθησεται,"EXTRA: DB has 'διασκορπισθησεται' (G1287), no TR counterpart anywhere in verse"
Mrk,14,31,mixed_content,2,yes,"ὁ δὲ ἐκπερισσῶς ἔλεγεν μᾶλλον· ἐὰν δέῃ με συναποθανεῖν σοι, οὐ μή σε ἀπαρνήσομαι. ὡσαύτως δὲ καὶ πάντες ἔλεγον.¶",ο δε ελεγεν περισσου μαλλον εαν με δεη συναποθανειν εκ σοι ου μη απαρνησομαι σε ωσαυτως δε και ελεγον παντες,"DIFFERENT FORM: same Strong's G1537, TR 'ἐκπερισσῶς' vs DB 'εκ' | EXTRA: DB has 'περισσου' (G4053), no TR counterpart anywhere in verse"
Mrk,14,46,extra_word,1,yes,οἱ δὲ ἐπέβαλον τὰς χεῖρας αὐτῶν καὶ ἐκράτησαν αὐτόν.,οι δε επεβαλον αυτων ὁ χειρας επ και εκρατησαν αυτον,"EXTRA: DB has 'επ' (G1909), no TR counterpart anywhere in verse"
Mrk,14,51,extra_word,1,yes,"καὶ εἷς νεανίσκος τις αὐτῷ περιβεβλημένος σινδόνα ἐπὶ γυμνοῦ, καὶ κρατοῦσιν αὐτόν οἱ νεανίσκοι.",και ηκολουθει αυτω εις τις νεανισκος περιβεβλημενος σινδονα επι γυμνου και ὁ νεανισκοι κρατουσιν αυτον,"EXTRA: DB has 'ηκολουθει' (G0190), no TR counterpart anywhere in verse"
Mrk,15,2,extra_word,1,yes,Καὶ ἐπηρώτησεν αὐτὸν ὁ Πιλᾶτος· σὺ εἶ ὁ βασιλεὺς τῶν Ἰουδαίων; ὁ δὲ ἀποκριθεὶς αὐτῷ σὺ λέγεις.,ο των και ὁ πιλατος επηρωτησεν αυτον ει συ ὁ βασιλευς ιουδαιων δε αποκριθεις ειπεν αυτω συ λεγεις,"EXTRA: DB has 'ειπεν' (G3004), no TR counterpart anywhere in verse"
Mrk,15,3,extra_word,4,yes,καὶ κατηγόρουν αὐτοῦ οἱ ἀρχιερεῖς πολλά.¶,και ὁ αρχιερεις κατηγορουν αυτου πολλα δε αυτος απεκρινατο ουδεν,"EXTRA: DB has 'δε' (G1161), no TR counterpart anywhere in verse | EXTRA: DB has 'αυτος' (G0846), no TR counterpart anywhere in verse | EXTRA: DB has 'απεκρινατο' (G0611), no TR counterpart anywhere in verse | EXTRA: DB has 'ουδεν' (G3762), no TR counterpart anywhere in verse"
Mrk,15,20,extra_word,2,yes,"καὶ ὅτε ἐνέπαιξαν αὐτῷ, ἐξέδυσαν αὐτὸν τὴν πορφύραν καὶ ἐνέδυσαν αὐτὸν τὰ ἱμάτια καὶ ἐξάγουσιν αὐτὸν ἵνα σταυρώσωσιν αὐτόν.",τα και οτε ενεπαιξαν αυτω εξεδυσαν ὁ πορφυραν αυτον και ενεδυσαν ιδια ὁ ιματια αυτον και αυτον εξαγουσιν ινα σταυρωσωσιν αυτον,"EXTRA: DB has 'ιδια' (G2398), no TR counterpart anywhere in verse | EXTRA: DB has 'ὁ' (G3588), no TR counterpart anywhere in verse"
Mrk,15,32,word_substitution,1,yes,"ὁ χριστός, ὁ βασιλεὺς τοῦ Ἰσραήλ, καταβάτω νῦν ἀπὸ τοῦ σταυροῦ ἵνα ἴδωμεν καὶ πιστεύσωμεν καὶ οἱ συνεσταυρωμένοι αὐτῷ ὠνείδιζον αὐτόν.¶",του ὁ χριστος ὁ βασιλευς ισραηλ καταβατω νυν απο ὁ σταυρου ινα ιδωμεν και πιστευσωμεν και οι συνεσταυρωμενοι αυτω ωνειδιζον αυτον,"DIFFERENT FORM: same Strong's G3588, TR 'τοῦ' vs DB 'οι'"
Mrk,16,9,word_substitution,1,yes,"[[Ἀναστὰς δὲ πρωῒ πρώτῃ σαββάτου ἐφάνη πρῶτον Μαρίᾳ τῇ Μαγδαληνῇ, ἀφ᾽ ἧς ἐκβεβλήκει ἑπτὰ δαιμόνια.",δε αναστας πρωι πρωτη σαββατου εφανη πρωτον μαρια ὁ μαγδαληνη αφ ης εκβεβληκει επτα δαιμονια,"DIFFERENT FORM: same Strong's G0450, TR '[[Ἀναστὰς' vs DB 'αναστας'"
Mrk,16,14,missing_word,1,yes,"ὕστερον δὲ ἀνακειμένοις αὐτοῖς τοῖς ἕνδεκα ἐφανερώθη, καὶ ὠνείδισεν τὴν ἀπιστίαν αὐτῶν καὶ σκληροκαρδίαν ὅτι τοῖς θεασαμένοις αὐτὸν ἐγηγερμένον οὐκ ἐπίστευσαν.¶",τοις υστερον εφανερωθη ενδεκα αυτοις ανακειμενοις και ωνειδισεν αυτων ὁ απιστιαν και σκληροκαρδιαν οτι επιστευσαν ουκ τοις θεασαμενοις αυτον εγηγερμενον,"MISSING: TR has 'δὲ' (G1161), no match anywhere in DB verse"
Phm,1,6,strongs_mismatch,1,yes,ὅπως ἡ κοινωνία τῆς πίστεώς σου ἐνεργὴς γένηται ἐν ἐπιγνώσει παντὸς ἀγαθοῦ τοῦ ἐν ὑμῖν εἰς Χριστόν Ἰησοῦν.,οπως ὁ κοινωνια σου ὁ πιστεως γενηται ενεργης εν επιγνωσει παντος αγαθου του εν υμιν εις χριστον ιησουν,"STRONGS MISMATCH: word text matches ('ὑμῖν'); expected Strong's (TR/TAGNT G5213, cross-walked to this DB's lexeme numbering: G1473/G3165/G5213) vs DB actual 'υμιν'=G4771"
Phm,1,7,mixed_content,2,yes,"Χάριν γὰρ πολλὴν καὶ παράκλησιν ἐπὶ τῇ ἀγάπῃ σου, ὅτι τὰ σπλάγχνα τῶν ἁγίων ἀναπέπαυται διὰ σοῦ, ἀδελφέ.¶",γαρ εχομεν πολλην χαραν και παρακλησιν επι σου ὁ αγαπη οτι ὁ σπλαγχνα ὁ αγιων αναπεπαυται δια σου αδελφε,"DIFFERENT FORM: same Strong's G5485, TR 'Χάριν' vs DB 'χαραν' | EXTRA: DB has 'εχομεν' (G2192), no TR counterpart anywhere in verse"
Phm,1,25,missing_word,8,yes,ἡ χάρις τοῦ κυρίου ἡμῶν Ἰησοῦ Χριστοῦ μετὰ τοῦ πνεύματος ὑμῶν. ἀμήν. Πρός Φιλήμονα ἐγράφη ἀπό Ῥώμης διά Ὀνησίμου οἰκέτου.¶,ὁ χαρις ημων ὁ κυριου ιησου χριστου μετα υμων ὁ πνευματος αμην,"MISSING: TR has 'Πρός' (G4314), no match anywhere in DB verse | MISSING: TR has 'Φιλήμονα' (G5371), no match anywhere in DB verse | MISSING: TR has 'ἐγράφη' (G1125), no match anywhere in DB verse | MISSING: TR has 'ἀπό' (G0575), no match anywhere in DB verse | MISSING: TR has 'Ῥώμης' (G4516), no match anywhere in DB verse | MISSING: TR has 'διά' (G1223), no match anywhere in DB verse | MISSING: TR has 'Ὀνησίμου' (G3682), no match anywhere in DB verse | MISSING: TR has 'οἰκέτου.¶' (G3610), no match anywhere in DB verse"
Php,1,7,extra_word,1,yes,"καθώς ἐστιν δίκαιον ἐμοὶ τοῦτο φρονεῖν ὑπὲρ πάντων ὑμῶν διὰ τὸ ἔχειν με ἐν τῇ καρδίᾳ ὑμᾶς, ἔν τε τοῖς δεσμοῖς μου καὶ τῇ ἀπολογίᾳ καὶ βεβαιώσει τοῦ εὐαγγελίου συγκοινωνούς μου τῆς χάριτος πάντας ὑμᾶς ὄντας.¶",καθως εστιν δικαιον εμοι φρονειν τουτο υπερ υμων παντων δια με εχειν υμας εν καρδια εν τε ὁ μου ὁ δεσμοις και ὁ απολογια και βεβαιωσει ὁ ευαγγελιου υμας παντας οντας συγκοινωνους ὁ μου ὁ χαριτος το,"EXTRA: DB has 'ὁ' (G3588), no TR counterpart anywhere in verse"
Php,1,14,mixed_content,2,yes,καὶ τοὺς πλείονας τῶν ἀδελφῶν ἐν κυρίῳ πεποιθότας τοῖς δεσμοῖς μου περισσοτέρως τολμᾶν ἀφόβως τὸν λόγον λαλεῖν.,και πλειονας ὁ αδελφων εν κυριω πεποιθοτας ὁ μου ὁ δεσμοις περισσοτερως τολμαν λαλειν ὁ λογον αφοβως τους,"STRONGS MISMATCH: word text matches ('περισσοτέρως'); expected Strong's (TR/TAGNT G4056, cross-walked to this DB's lexeme numbering: G4056) vs DB actual 'περισσοτερως'=G4057 | EXTRA: DB has 'ὁ' (G3588), no TR counterpart anywhere in verse"
Php,1,27,strongs_mismatch,1,yes,"μόνον ἀξίως τοῦ εὐαγγελίου τοῦ Χριστοῦ πολιτεύεσθε, ἵνα εἴτε ἐλθὼν καὶ ἰδὼν ὑμᾶς εἴτε ἀπὼν ἀκούσω τὰ περὶ ὑμῶν ὅτι στήκετε ἐν ἑνὶ πνεύματι, μιᾷ ψυχῇ συναθλοῦντες τῇ πίστει τοῦ εὐαγγελίου,",μονον πολιτευεσθε αξιως ὁ ευαγγελιου ὁ χριστου ινα ειτε ελθων και ιδων υμας ειτε απων ακουσω υμων τα περι οτι στηκετε εν ενι πνευματι μια ψυχη συναθλουντες ὁ πιστει ὁ ευαγγελιου,"STRONGS MISMATCH: word text matches ('μόνον'); expected Strong's (TR/TAGNT G3441, cross-walked to this DB's lexeme numbering: G3441) vs DB actual 'μονον'=G3440"
Php,1,30,mixed_content,2,yes,τὸν αὐτὸν ἀγῶνα ἔχοντες οἷον ἴδετε ἐν ἐμοὶ καὶ νῦν ἀκούετε ἐν ἐμοί.¶,εχοντες αυτον ὁ αγωνα οιον ειδετε εν εμοι και νυν ακουετε εν εμοι,"MISSING: TR has 'ἴδετε' (G1492), no match anywhere in DB verse | EXTRA: DB has 'ειδετε' (G3708), no TR counterpart anywhere in verse"
Php,2,8,extra_word,5,yes,"ἐταπείνωσεν ἑαυτὸν γενόμενος ὑπήκοος μέχρι θανάτου, θανάτου δὲ σταυροῦ·",και ευρεθεις σχηματι ως ανθρωπος εταπεινωσεν εαυτον γενομενος υπηκοος μεχρι θανατου δε θανατου σταυρου,"EXTRA: DB has 'και' (G2532), no TR counterpart anywhere in verse | EXTRA: DB has 'ευρεθεις' (G2147), no TR counterpart anywhere in verse | EXTRA: DB has 'σχηματι' (G4976), no TR counterpart anywhere in verse | EXTRA: DB has 'ως' (G5613), no TR counterpart anywhere in verse | EXTRA: DB has 'ανθρωπος' (G0444), no TR counterpart anywhere in verse"
Php,2,12,strongs_mismatch,1,yes,"Ὥστε, ἀγαπητοί μου, καθὼς πάντοτε ὑπηκούσατε, μὴ ὡς ἐν τῇ παρουσίᾳ μου μόνον ἀλλὰ νῦν πολλῷ μᾶλλον ἐν τῇ ἀπουσίᾳ μου, μετὰ φόβου καὶ τρόμου τὴν ἑαυτῶν σωτηρίαν κατεργάζεσθε·",ωστε μου αγαπητοι καθως παντοτε υπηκουσατε μη ως εν μου ὁ παρουσια μονον αλλα νυν πολλω μαλλον εν μου ὁ απουσια κατεργαζεσθε εαυτων σωτηριαν μετα φοβου και τρομου την,"STRONGS MISMATCH: word text matches ('μόνον'); expected Strong's (TR/TAGNT G3441, cross-walked to this DB's lexeme numbering: G3441) vs DB actual 'μονον'=G3440"
Php,2,21,word_substitution,1,yes,"οἱ πάντες γὰρ τὰ ἑαυτῶν ζητοῦσιν, οὐ τὰ τοῦ Ἰησοῦ Χριστοῦ·",γαρ παντες ζητουσιν εαυτων ου τα ιησου ὁ χριστου οι τα,"DIFFERENT FORM: same Strong's G3588, TR 'τοῦ' vs DB 'οι'"
Php,2,27,strongs_mismatch,1,yes,"καὶ γὰρ ἠσθένησεν παραπλήσιον θανάτῳ· ἀλλ᾽ ὁ θεὸς ἠλέησεν αὐτόν, οὐκ αὐτὸν δὲ μόνον ἀλλὰ καὶ ἐμέ, ἵνα μὴ λύπην ἐπὶ λύπην σχῶ.",γαρ και ησθενησεν παραπλησιον θανατω αλλ ὁ θεος ηλεησεν αυτον δε ουκ αυτον μονον αλλα εμε και ινα μη σχω λυπην επι λυπη,"STRONGS MISMATCH: word text matches ('μόνον'); expected Strong's (TR/TAGNT G3441, cross-walked to this DB's lexeme numbering: G3441) vs DB actual 'μονον'=G3440"
Php,3,3,word_substitution,1,yes,"ἡμεῖς γάρ ἐσμεν ἡ περιτομή, οἱ πνεύματι Θεῷ λατρεύοντες καὶ καυχώμενοι ἐν Χριστῷ Ἰησοῦ καὶ οὐκ ἐν σαρκὶ πεποιθότες,",γαρ ημεις εσμεν ὁ περιτομη λατρευοντες θεω πνευματι και καυχωμενοι εν χριστω ιησου και ουκ πεποιθοτες εν σαρκι οι,"DIFFERENT FORM: same Strong's G3588, TR 'ἡ' vs DB 'οι'"
Php,3,10,extra_word,1,yes,"τοῦ γνῶναι αὐτὸν καὶ τὴν δύναμιν τῆς ἀναστάσεως αὐτοῦ καὶ τὴν κοινωνίαν τῶν παθημάτων αὐτοῦ συμμορφιζόμενος τῷ θανάτῳ αὐτοῦ,",του γνωναι αυτον και δυναμιν ὁ αυτου ὁ αναστασεως και ὁ κοινωνιαν ὁ αυτου ὁ παθηματων συμμορφουμενος αυτου ὁ θανατω,"EXTRA: DB has 'ὁ' (G3588), no TR counterpart anywhere in verse"
Php,3,13,word_substitution,1,yes,"Ἀδελφοί, ἐγὼ ἐμαυτὸν οὔπω λογίζομαι κατειληφέναι· ἓν δέ, τὰ μὲν ὀπίσω ἐπιλανθανόμενος, τοῖς δὲ ἔμπροσθεν ἐπεκτεινόμενος,",αδελφοι εγω λογιζομαι ου εμαυτον κατειληφεναι δε μεν εν επιλανθανομενος τα οπισω δε επεκτεινομενος τοις εμπροσθεν,"DIFFERENT FORM: same Strong's G3768, TR 'οὔπω' vs DB 'ου'"
Php,3,19,word_substitution,1,yes,"ὧν τὸ τέλος ἀπώλεια, ὧν ὁ θεὸς ἡ κοιλία καὶ ἡ δόξα ἐν τῇ αἰσχύνῃ αὐτῶν, οἱ τὰ ἐπίγεια φρονοῦντες.",ων ὁ τελος απωλεια ων ὁ θεος ὁ κοιλια και ὁ δοξα εν αυτων ὁ αισχυνη οι φρονουντες επιγεια τα,"DIFFERENT FORM: same Strong's G3588, TR 'τῇ' vs DB 'οι'"
Php,4,12,missing_word,1,yes,"οἶδα δὲ ταπεινοῦσθαι, οἶδα καὶ περισσεύειν· ἐν παντὶ καὶ ἐν πᾶσιν μεμύημαι καὶ χορτάζεσθαι καὶ πεινᾶν καὶ περισσεύειν καὶ ὑστερεῖσθαι·",οιδα και ταπεινουσθαι οιδα περισσευειν εν παντι και εν πασιν μεμυημαι και χορταζεσθαι και πειναν και περισσευειν και υστερεισθαι,"MISSING: TR has 'δὲ' (G1161), no match anywhere in DB verse"
Php,4,23,missing_word,7,yes,Ἡ χάρις τοῦ κυρίου ἡμῶν Ἰησοῦ Χριστοῦ μετὰ πάντων ὑμῶν. ἀμήν. πρός Φιλιππησίους ἐγράφη ἀπό Ῥώμης δι᾽ Ἐπαφροδίτου.¶,χαρις ὁ ημων ὁ κυριου ιησου χριστου μετα υμων παντων αμην,"MISSING: TR has 'πρός' (G4314), no match anywhere in DB verse | MISSING: TR has 'Φιλιππησίους' (G5374), no match anywhere in DB verse | MISSING: TR has 'ἐγράφη' (G1125), no match anywhere in DB verse | MISSING: TR has 'ἀπό' (G0575), no match anywhere in DB verse | MISSING: TR has 'Ῥώμης' (G4516), no match anywhere in DB verse | MISSING: TR has 'δι᾽' (G1223), no match anywhere in DB verse | MISSING: TR has 'Ἐπαφροδίτου.¶' (G1891), no match anywhere in DB verse"
Rev,1,4,extra_word,2,yes,Ἰωάννης ταῖς ἑπτὰ ἐκκλησίαις ταῖς ἐν τῇ Ἀσίᾳ· χάρις ὑμῖν καὶ εἰρήνη ἀπὸ τοῦ ὁ ὢν καὶ ὁ ἦν καὶ ὁ ἐρχόμενος καὶ ἀπὸ τῶν ἑπτὰ πνευμάτων ἃ ἐστιν ἐνώπιον τοῦ θρόνου αὐτοῦ,ιωαννης ὁ επτα ὁ εκκλησιαις ταις εν ὁ ασια χαρις υμιν και ειρηνη απο του ὁ ων και ο ην και ὁ ερχομενος και απο ὁ επτα ὁ πνευματων α εστιν ενωπιον αυτου ὁ θρονου,"EXTRA: DB has 'ὁ' (G3588), no TR counterpart anywhere in verse | EXTRA: DB has 'ὁ' (G3588), no TR counterpart anywhere in verse"
Rev,1,9,missing_word,1,yes,"Ἐγὼ Ἰωάννης, ὁ καὶ ἀδελφὸς ὑμῶν καὶ συγκοινωνὸς ἐν τῇ θλίψει καὶ ἐν τῇ βασιλείᾳ καὶ ὑπομονῇ Ἰησοῦ Χριστῷ, ἐγενόμην ἐν τῇ νήσῳ τῇ καλουμένῃ Πάτμῳ διὰ τὸν λόγον τοῦ θεοῦ καὶ διὰ τὴν μαρτυρίαν Ἰησοῦ Χριστοῦ.",εγω ιωαννης και υμων αδελφος και συγκοινωνος εν ὁ θλιψει και εν ὁ βασιλεια και υπομονη ιησου εγενομην εν ὁ νησω καλουμενη πατμω δια ὁ λογον ὁ θεου και δια ὁ μαρτυριαν ιησου χριστου ο τη,"MISSING: TR has 'Χριστῷ,' (G5547), no match anywhere in DB verse"
Rev,1,11,extra_word,1,yes,"λεγούσης ἐγώ ἐιμι τὸ Α καὶ τὸ Ω, ὃ πρῶτος καὶ ὁ ἔσχατος· καὶ ὃ βλέπεις γράψον εἰς βιβλίον καὶ πέμψον ταῖς ἐκκλησίαις ταῖς ἐν Ἀσίᾳ· εἰς Ἔφεσον καὶ εἰς Σμύρναν καὶ εἰς Πέργαμον καὶ εἰς Θυάτειρα καὶ εἰς Σάρδεις καὶ εἰς Φιλαδέλφειαν καὶ εἰς Λαοδίκειαν.¶",λεγουσης εγω ειμι α και ω ὁ πρωτος και ὁ εσχατος και ο βλεπεις γραψον εις βιβλιον και πεμψον ὁ επτα ὁ εκκλησιαις ὁ εν ὁ ασια εις εφεσον και εις σμυρναν και εις περγαμον και εις θυατειρα και εις σαρδεις και εις φιλαδελφειαν και εις λαοδικειαν,"EXTRA: DB has 'επτα' (G2033), no TR counterpart anywhere in verse"
Rev,1,16,extra_word,1,yes,καὶ ἔχων ἐν τῇ δεξιᾷ χειρὶ αὐτοῦ ἀστέρας ἑπτὰ καὶ ἐκ τοῦ στόματος αὐτοῦ ῥομφαία δίστομος ὀξεῖα ἐκπορευομένη καὶ ἡ ὄψις αὐτοῦ ὡς ὁ ἥλιος φαίνει ἐν τῇ δυνάμει αὐτοῦ.¶,και εχων εν αυτου δεξια επτα αστερας και εκ ὁ αυτου ὁ στοματος εκπορευομενη οξεια διστομος ρομφαια και αυτου ὁ οψις ως ὁ ηλιος φαινει εν αυτου ὁ δυναμει τη χειρι,"EXTRA: DB has 'ὁ' (G3588), no TR counterpart anywhere in verse"
Rev,1,20,extra_word,1,yes,τὸ μυστήριον τῶν ἑπτὰ ἀστέρων ὧν εἶδες ἐπὶ τῆς δεξιᾶς μου καὶ τὰς ἑπτὰ λυχνίας τὰς χρυσᾶς· οἱ ἑπτὰ ἀστέρες ἄγγελοι τῶν ἑπτὰ ἐκκλησιῶν εἰσιν καὶ αἱ λυχνίαι ἅς εἶδες ἑπτὰ ἑπτὰ ἐκκλησίαι εἰσίν.¶,μυστηριον επτα αστερων ων ειδες επι μου δεξιας και ὁ επτα ὁ χρυσας ὁ λυχνιας ὁ επτα ὁ αστερες εισιν αγγελοι ὁ επτα ὁ εκκλησιων και ὁ επτα ὁ λυχνιαι ας ειδες εισιν επτα εκκλησιαι,"EXTRA: DB has 'ὁ' (G3588), no TR counterpart anywhere in verse"
Rev,2,1,extra_word,1,yes,"Τῷ ἀγγέλῳ τῆς Ἐφέσίνης ἐκκλησίας γράψον· τάδε λέγει ὁ κρατῶν τοὺς ἑπτὰ ἀστέρας ἐν τῇ δεξιᾷ αὐτοῦ, ὁ περιπατῶν ἐν μέσῳ τῶν ἑπτὰ λυχνιῶν τῶν χρυσῶν·",αγγελω εκκλησιας ὁ εφεσινης γραψον ταδε λεγει ὁ κρατων ὁ επτα ὁ αστερας εν αυτου ὁ δεξια ὁ περιπατων εν μεσω ὁ επτα χρυσων ὁ λυχνιων των,"EXTRA: DB has 'ὁ' (G3588), no TR counterpart anywhere in verse"
Rev,2,5,word_substitution,1,yes,"μνημόνευε οὖν πόθεν ἐκπέπτωκας καὶ μετανόησον καὶ τὰ πρῶτα ἔργα ποίησον· εἰ δὲ μή, ἔρχομαί σοι τάχει καὶ κινήσω τὴν λυχνίαν σου ἐκ τοῦ τόπου αὐτῆς, ἐὰν μὴ μετανοήσῃς.",μνημονευε ουν ποθεν εκπεπτωκας και μετανοησον και ποιησον πρωτα εργα δε εἰ μη ερχομαι σοι ταχυ και κινησω σου ὁ λυχνιαν εκ ὁ αυτης ὁ τοπου ἐάν μη μετανοησης,"DIFFERENT FORM: same Strong's G5034, TR 'τάχει' vs DB 'ταχυ'"
Rev,2,8,extra_word,1,yes,"Καὶ τῷ ἀγγέλῳ τῆς ἐκκλησίας γράψον· τάδε λέγει ὁ πρῶτος καὶ ὁ ἔσχατος, ὃς ἐγένετο νεκρὸς καὶ ἔζησεν·",και ὁ αγγελω ὁ εκκλησιας σμυρναιων γραψον ταδε λεγει πρωτος και εσχατος ος εγενετο νεκρος και εζησεν ο ο,"EXTRA: DB has 'σμυρναιων' (G4668), no TR counterpart anywhere in verse"
Rev,2,12,extra_word,1,yes,Καὶ τῷ ἀγγέλῳ τῆς ἐν Περγάμῳ ἐκκλησίας γράψον· τάδε λέγει ὁ ἔχων τὴν ῥομφαίαν τὴν δίστομον τὴν ὀξεῖαν·,και ὁ αγγελω εκκλησιας εν περγαμω γραψον ταδε λεγει εχων ὁ οξειαν ὁ ρομφαιαν διστομον της ο την την,"EXTRA: DB has 'ο' (G3588), no TR counterpart anywhere in verse"
Rev,2,14,missing_word,1,yes,"ἀλλ᾽ ἔχω κατὰ σοῦ ὀλίγα ὅτι ἔχεις ἐκεῖ κρατοῦντας τὴν διδαχὴν Βαλαάμ, ὃς ἐδίδασκεν ἕν τῷ Βαλὰκ βαλεῖν σκάνδαλον ἐνώπιον τῶν υἱῶν Ἰσραὴλ φαγεῖν εἰδωλόθυτα καὶ πορνεῦσαι.",αλλ εχω ολιγα κατα σου οτι εχεις εκει κρατουντας ὁ διδαχην βαλααμ ος εδιδασκεν ὁ βαλακ βαλειν σκανδαλον ενωπιον ὁ υιων ισραηλ φαγειν ειδωλοθυτα και πορνευσαι,"MISSING: TR has 'ἕν' (G1722), no match anywhere in DB verse"
Rev,2,15,extra_word,2,yes,οὕτως ἔχεις καὶ σὺ κρατοῦντας τὴν διδαχὴν τῶν Νικολαϊτῶν,ουτως εχεις συ και κρατουντας ὁ διδαχην ὁ νικολαιτων ο μισω,"EXTRA: DB has 'ο' (G3739), no TR counterpart anywhere in verse | EXTRA: DB has 'μισω' (G3404), no TR counterpart anywhere in verse"
Rev,2,20,extra_word,1,yes,"ἀλλ᾽ ἔχω κατὰ σοῦ ὀλίγα ὅτι ἐᾷς τὴν γυναῖκα Ἰεζάβελ, τὴν ἑαυτὴν προφῆτιν διδάσκειν καὶ πλανᾶσθαι ἐμοὺς δούλους πορνεῦσαι καὶ φαγεῖν εἰδωλόθυτα.",αλλ εχω ολιγα κατα σου οτι εας ὁ γυναικα ιεζαβηλ λεγουσαν εαυτην προφητιν διδασκειν και πλανασθαι εμους δουλους πορνευσαι και φαγειν ειδωλοθυτα την,"EXTRA: DB has 'λεγουσαν' (G3004), no TR counterpart anywhere in verse"
Rev,2,21,extra_word,1,yes,καὶ ἔδωκα αὐτῇ χρόνον ἵνα μετανοήσῃ καὶ οὐ ἐκ τῆς πορνείας αὐτῆς.,και εδωκα αυτη χρονον ινα μετανοηση εκ αυτης ὁ πορνειας και μετενοησεν ου,"EXTRA: DB has 'μετενοησεν' (G3340), no TR counterpart anywhere in verse"
Rev,2,27,extra_word,6,yes,"καὶ ποιμανεῖ αὐτοὺς ἐν ῥάβδῳ σιδηρᾷ, ὡς τὰ σκεύη τὰ κεραμικὰ συντρίβεται",και ποιμανει αυτους εν ραβδω σιδηρα ὁ σκευη κεραμικα συντριβεται ως καγω ειληφα παρα μου ὁ πατρος τα,"EXTRA: DB has 'καγω' (G2504), no TR counterpart anywhere in verse | EXTRA: DB has 'ειληφα' (G2983), no TR counterpart anywhere in verse | EXTRA: DB has 'παρα' (G3844), no TR counterpart anywhere in verse | EXTRA: DB has 'μου' (G1473), no TR counterpart anywhere in verse | EXTRA: DB has 'ὁ' (G3588), no TR counterpart anywhere in verse | EXTRA: DB has 'πατρος' (G3962), no TR counterpart anywhere in verse"
Rev,3,2,extra_word,1,yes,γίνου γρηγορῶν καὶ στήρισον τὰ λοιπὰ ἃ ἀποθανεῖν· οὐ γὰρ εὕρηκά σου τὰ ἔργα πεπληρωμένα ἐνώπιον τοῦ θεοῦ,γινου γρηγορων και στηριξον λοιπα α μελλει αποθανειν γαρ ου ευρηκα σου ὁ εργα πεπληρωμενα ενωπιον ὁ θεου τα,"EXTRA: DB has 'μελλει' (G3195), no TR counterpart anywhere in verse"
Rev,3,10,extra_word,1,yes,"ὅτι ἐτήρησας τὸν λόγον τῆς ὑπομονῆς μου, κἀγώ σε τηρήσω ἐκ τῆς ὥρας τοῦ πειρασμοῦ τῆς μελλούσης ἔρχεσθαι ἐπὶ τῆς οἰκουμένης ὅλης πειράσαι τοὺς κατοικοῦντας ἐπὶ τῆς γῆς.",οτι ετηρησας ὁ λογον ὁ μου ὁ υπομονης καγω τηρησω σε εκ ὁ ωρας ὁ πειρασμου μελλουσης ερχεσθαι επι ολης ὁ οικουμενης πειρασαι κατοικουντας επι ὁ γης της τους,"EXTRA: DB has 'ὁ' (G3588), no TR counterpart anywhere in verse"
Rev,3,12,mixed_content,3,yes,"ὁ νικῶν, ποιήσω αὐτὸν στῦλον ἐν τῷ ναῷ τοῦ θεοῦ μου, καὶ ἔξω οὐ μὴ ἐξέλθῃ ἔτι, καὶ γράψω ἐπ᾽ αὐτὸν τὸ ὄνομα τοῦ θεοῦ μου καὶ τὸ ὄνομα τῆς πόλεως τοῦ θεοῦ μου, τῆς καινῆς Ἰερουσαλήμ, ἡ καταβαίνουσα ἐκ τοῦ οὐρανοῦ ἀπὸ τοῦ θεοῦ μου, καὶ τὸ ὄνομά μου τὸ καινόν.",νικων ποιησω αυτον στυλον εν ναω ὁ μου ὁ θεου και εξελθη οὐ μη ετι εξω και γραψω επ αυτον ὁ ονομα ὁ μου ὁ θεου και ὁ ονομα ὁ πολεως ὁ μου ὁ θεου ὁ καινης ιερουσαλημ η καταβαινει εκ ὁ ουρανου απο μου ὁ θεου και μου ὁ καινον ὁ ονομα,"STRONGS MISMATCH: word text matches ('ἡ'); expected Strong's (TR/TAGNT G3588, cross-walked to this DB's lexeme numbering: G3588) vs DB actual 'η'=G3739 | DIFFERENT FORM: same Strong's G2597, TR 'καταβαίνουσα' vs DB 'καταβαινει' | EXTRA: DB has 'ὁ' (G3588), no TR counterpart anywhere in verse"
Rev,3,14,extra_word,1,yes,"Καὶ τῷ ἀγγέλῳ τῆς ἐκκλησίας γράψον· τάδε λέγει ὁ ἀμήν, ὁ μάρτυς ὁ πιστὸς καὶ ἀληθινός, ἡ ἀρχὴ τῆς κτίσεως τοῦ θεοῦ·",και αγγελω ὁ εκκλησιας λαοδικεων γραψον ταδε λεγει αμην ὁ πιστος και αληθινος ὁ μαρτυς ὁ αρχη ὁ κτισεως ὁ θεου ο ο,"EXTRA: DB has 'λαοδικεων' (G2994), no TR counterpart anywhere in verse"
Rev,3,18,extra_word,1,yes,"συμβουλεύω σοι ἀγοράσαι παρ᾽ ἐμοῦ χρυσίον πεπυρωμένον ἐκ πυρὸς ἵνα πλουτήσῃς, καὶ ἱμάτια λευκὰ ἵνα περιβάλῃ, καὶ μὴ φανερωθῇ ἡ αἰσχύνη τῆς γυμνότητός σου, καὶ κολλούριον τοὺς ὀφθαλμούς σου ἵνα βλέπῃς.",συμβουλευω σοι αγορασαι παρ εμου χρυσιον πεπυρωμενον εκ πυρος ινα πλουτησης και λευκα ιματια ινα περιβαλη και αισχυνη ὁ σου ὁ γυμνοτητος μη φανερωθη και εγχρισον σου ὁ οφθαλμους κολλουριον ινα βλεπης,"EXTRA: DB has 'εγχρισον' (G1472), no TR counterpart anywhere in verse"
Rev,4,3,strongs_mismatch,1,yes,καὶ ὁ καθήμενος ἦν ὅμοιος ὁράσει λίθῳ ἰάσπιδι καὶ σαρδίῳ καὶ ἶρις κυκλόθεν τοῦ θρόνου ὅμοιος ὁράσει σμαραγδίνων,και ο καθημενος ην ορασει ομοιος ιασπιδι και σαρδινω λιθω και ιρις κυκλοθεν ὁ θρονου ορασει ομοιος σμαραγδινω,"STRONGS MISMATCH: word text matches ('σαρδίῳ'); expected Strong's (TR/TAGNT G4556, cross-walked to this DB's lexeme numbering: G4556) vs DB actual 'σαρδινω'=G4555"
Rev,4,8,mixed_content,2,yes,"καὶ τέσσαρα ζῷα, ἓν καθ᾽ ἑαυτὸ ἀνὰ πτέρυγας ἕξ κυκλόθεν καὶ ἔσωθεν γέμοντα ὀφθαλμῶν καὶ ἀνάπαυσιν οὐκ ἔχουσιν ἡμέρας καὶ νυκτὸς λέγοντα ἅγιος ἅγιος ἅγιος κύριος ὁ θεὸς ὁ παντοκράτωρ, ὁ ἦν καὶ ὁ ὢν καὶ ὁ ἐρχόμενος.",και τεσσαρα ζωα ειχον ανα εν καθ εαυτο εξ πτερυγας κυκλοθεν και γεμοντα οφθαλμων εσωθεν και ἀνάπαυσις εχουσιν ουκ ημερας και νυκτος λεγοντα αγιος αγιος αγιος κυριος ὁ θεος ὁ παντοκρατωρ ο ην και ὁ ων και ὁ ερχομενος,"DIFFERENT FORM: same Strong's G0372, TR 'ἀνάπαυσιν' vs DB 'ἀνάπαυσις' | EXTRA: DB has 'ειχον' (G2192), no TR counterpart anywhere in verse"
Rev,4,10,word_substitution,1,yes,πεσοῦνται οἱ εἴκοσι καὶ τέσσαρες πρεσβύτεροι ἐνώπιον τοῦ καθημένου ἐπὶ τοῦ θρόνου καὶ προσκυνοῦσιν τῷ ζῶντι εἰς τοὺς αἰῶνας τῶν αἰώνων καὶ βάλλουσιν τοὺς στεφάνους αὐτῶν ἐνώπιον τοῦ θρόνου λέγοντες·,τεσσαρες και εικοσι πρεσβυτεροι πεσουνται ενωπιον του καθημενου επι ὁ θρονου και προσκυνουσιν τω ζωντι εις ὁ αιωνας ὁ αιωνων και βαλλουσιν αυτων ὁ στεφανους ενωπιον ὁ θρονου λεγοντες οι,"DIFFERENT FORM: same Strong's G3588, TR 'τοῦ' vs DB 'οι'"
Rev,5,5,strongs_mismatch,1,yes,"καὶ εἷς ἐκ τῶν πρεσβυτέρων λέγει μοι· μὴ κλαῖε. ἰδοὺ ἐνίκησεν ὁ λέων ὁ ὢν ἐκ τῆς φυλῆς Ἰούδα, ἡ ῥίζα Δαυίδ, ἀνοῖξαι τὸ βιβλίον καὶ λῦσαι τὰς ἑπτὰ σφραγῖδας αὐτοῦ.",και εις εκ πρεσβυτερων λεγει μοι κλαιε μη ιδου ὁ λεων ὁ ων εκ ὁ φυλης ιουδα ὁ ριζα δαβιδ ενικησεν ανοιξαι ὁ βιβλιον και λυσαι ὁ επτα ὁ σφραγιδας αυτου,"STRONGS MISMATCH: word text matches ('Ἰούδα,'); expected Strong's (TR/TAGNT G2455, cross-walked to this DB's lexeme numbering: G2455) vs DB actual 'ιουδα'=G2448"
Rev,5,8,mixed_content,3,yes,"καὶ ὅτε ἔλαβεν τὸ βιβλίον, τὰ τέσσαρα ζῷα καὶ οἱ εἴκοσι τέσσαρες πρεσβύτεροι ἔπεσαν ἐνώπιον τοῦ ἀρνίου ἔχοντες ἕκαστος κιθάρας καὶ φιάλας χρυσᾶς γεμούσας θυμιαμάτων αἵ εἰσιν αἱ προσευχαὶ τῶν ἁγίων.",και οτε ελαβεν βιβλιον ὁ τεσσαρα ὁ ζωα και εικοσιτεσσαρες εικοσιτεσσαρες ὁ πρεσβυτεροι επεσον ενωπιον ὁ αρνιου εχοντες εκαστος κιθαρας και χρυσας φιαλας γεμουσας θυμιαματων αι εισιν ὁ προσευχαι ὁ αγιων,"DIFFERENT FORM: same Strong's G1501, TR 'εἴκοσι' vs DB 'εικοσιτεσσαρες' | MISSING: TR has 'τέσσαρες' (G5064), no match anywhere in DB verse | EXTRA: DB has 'εικοσιτεσσαρες' (G1501), no TR counterpart anywhere in verse"
Rev,5,10,mixed_content,2,yes,"καὶ ἐποίησας ἡμᾶς τῷ θεῷ ἡμῶν βασιλεῖς καὶ ἱερεῖς, καὶ ἐπὶ τῆς γῆς.¶",και εποιησας ημας ημων ὁ θεω βασιλεις και ιερεις και βασιλευσομεν επι ὁ γης,"STRONGS MISMATCH: word text matches ('ἡμᾶς'); expected Strong's (TR/TAGNT G2248, cross-walked to this DB's lexeme numbering: G0846/G2248) vs DB actual 'ημας'=G1473 | EXTRA: DB has 'βασιλευσομεν' (G0936), no TR counterpart anywhere in verse"
Rev,5,11,extra_word,5,yes,Καὶ εἶδον καὶ ἤκουσα φωνὴν ἀγγέλων πολλῶν κύκλοθεν τοῦ θρόνου καὶ τῶν ζῴων καὶ τῶν πρεσβυτέρων. καὶ χιλιάδες χιλιάδων,ειδον και ηκουσα φωνην πολλων αγγελων κυκλοθεν θρονου και ὁ ζωων και ὁ πρεσβυτερων και ὁ αριθμος αυτων ην μυριαδες μυριαδων και χιλιαδες χιλιαδων,"EXTRA: DB has 'αριθμος' (G0706), no TR counterpart anywhere in verse | EXTRA: DB has 'αυτων' (G0846), no TR counterpart anywhere in verse | EXTRA: DB has 'ην' (G1510), no TR counterpart anywhere in verse | EXTRA: DB has 'μυριαδες' (G3461), no TR counterpart anywhere in verse | EXTRA: DB has 'μυριαδων' (G3461), no TR counterpart anywhere in verse"
Rev,6,11,extra_word,1,yes,"καὶ ἐδόθησαν ἑκάστοις στολαὶ λευκαὶ καὶ ἐρρέθη αὐτοῖς ἵνα ἀναπαύσωνται ἔτι χρόνον μικρὸν ἕως οὗ καὶ οἱ σύνδουλοι αὐτῶν καὶ οἱ ἀδελφοὶ αὐτῶν, οἱ μέλλοντες ἀποκτέννεσθαι ὡς καὶ αὐτοί.¶",και λευκαι στολαι εδοθησαν εκαστοις και ερρεθη αυτοις ινα αναπαυσωνται ετι μικρον χρονον εως ου αυτων ὁ συνδουλοι και και αυτων ὁ αδελφοι ὁ μελλοντες αποκτεινεσθαι ως και αυτοι πληρωσονται,"EXTRA: DB has 'πληρωσονται' (G4137), no TR counterpart anywhere in verse"
Rev,6,14,strongs_mismatch,1,yes,"καὶ οὐρανὸς ἀπεχωρίσθη ὡς βιβλίον ἑλισσόμενον, καὶ πᾶν ὄρος καὶ νῆσος ἐκ τῶν τόπων αὐτῶν ἐκινήθησαν,",και ουρανος απεχωρισθη ως βιβλιον ειλισσομενον και παν ορος και νησος εκινηθησαν εκ αυτων ὁ τοπων,"STRONGS MISMATCH: word text matches ('ἑλισσόμενον,'); expected Strong's (TR/TAGNT G1667, cross-walked to this DB's lexeme numbering: G1667) vs DB actual 'ειλισσομενον'=G1507"
Rev,6,15,mixed_content,2,yes,καὶ οἱ βασιλεῖς τῆς γῆς καὶ οἱ μεγιστᾶνες καὶ οἱ χιλίαρχοι καὶ οἱ πλούσιοι καὶ δυνατοί καὶ πᾶς δοῦλος καὶ πᾶς ἐλεύθερος ἔκρυψαν ἑαυτοὺς εἰς τὰ σπήλαια καὶ εἰς τὰς πέτρας τῶν ὀρέων,και ὁ βασιλεις ὁ γης και μεγιστανες οι και πλουσιοι και ὁ χιλιαρχοι και δυνατοι και πας δουλος και πας ελευθερος εκρυψαν εαυτους εις ὁ σπηλαια και εις πετρας ὁ ορεων οι οι τας,"DIFFERENT FORM: same Strong's G3588, TR 'τῶν' vs DB 'οι' | EXTRA: DB has 'οι' (G3588), no TR counterpart anywhere in verse"
Rev,7,4,mixed_content,6,yes,Καὶ ἤκουσα τὸν ἀριθμὸν τῶν ἐσφραγισμένων· τεσσεράκοντα ρμδ χιλιάδες ἐσφραγισμένοι ἐκ πάσης φυλῆς υἱῶν Ἰσραήλ·,και ηκουσα ὁ αριθμον ὁ εσφραγισμενων εσφραγισμενοι ἑκατόν τεσσαράκοντα ρμδ ἑκατόν τεσσαράκοντα ἑκατόν τεσσαράκοντα χιλιαδες εκ πασης φυλης υιων ισραηλ,"DIFFERENT FORM: same Strong's G5062, TR 'τεσσεράκοντα' vs DB 'τεσσαράκοντα' | EXTRA: DB has 'ἑκατόν' (G1540), no TR counterpart anywhere in verse | EXTRA: DB has 'ἑκατόν' (G1540), no TR counterpart anywhere in verse | EXTRA: DB has 'τεσσαράκοντα' (G5062), no TR counterpart anywhere in verse | EXTRA: DB has 'ἑκατόν' (G1540), no TR counterpart anywhere in verse | EXTRA: DB has 'τεσσαράκοντα' (G5062), no TR counterpart anywhere in verse"
Rev,7,5,strongs_mismatch,1,yes,ἐκ φυλῆς Ἰούδα ιβ χιλιάδες ἐσφραγισμένοι· ἐκ φυλῆς Ῥουβὴν ιβ χιλιάδες ἐσφραγισμένοι· ἐκ φυλῆς Γὰδ ιβ χιλιάδες ἐσφραγισμένοι·,εκ φυλης ιουδα εσφραγισμενοι ιβ χιλιαδες εκ φυλης ρουβην εσφραγισμενοι ιβ χιλιαδες εκ φυλης γαδ εσφραγισμενοι ιβ χιλιαδες,"STRONGS MISMATCH: word text matches ('Ἰούδα'); expected Strong's (TR/TAGNT G2455, cross-walked to this DB's lexeme numbering: G2455) vs DB actual 'ιουδα'=G2448"
Rev,7,10,extra_word,1,yes,καὶ κράζοντες φωνῇ μεγάλῃ λέγοντες· ἡ σωτηρία ἡμῶν τῷ καθημένῳ ἐπὶ τοῦ θρόνου καὶ τῷ ἀρνίῳ.,και κραζοντες μεγαλη φωνη λεγοντες σωτηρια ημων ὁ θεω ὁ καθημενω επι ὁ θρονου και ὁ αρνιω,"EXTRA: DB has 'θεω' (G2316), no TR counterpart anywhere in verse"
Rev,7,13,word_substitution,1,yes,"Καὶ ἀπεκρίθη εἷς ἐκ τῶν πρεσβυτέρων λέγων μοι· οὗτοι οἱ περιβεβλημένοι τὰς στολὰς τὰς λευκάς, τίνες εἰσὶν καὶ πόθεν ἦλθον;",και εις εκ πρεσβυτερων απεκριθη λεγων μοι ουτοι τινες εισιν περιβεβλημενοι λευκας ὁ στολας και ηλθον ποθεν των οι τας,"DIFFERENT FORM: same Strong's G3588, TR 'τὰς' vs DB 'οι'"
Rev,7,14,mixed_content,2,yes,καὶ εἴρηκα αὐτῷ· κύριέ σὺ οἶδας. καὶ εἶπέν μοι· οὗτοί εἰσιν οἱ ἐρχόμενοι ἐκ τῆς θλίψεως τῆς μεγάλης καὶ ἔπλυναν τὰς στολὰς αὐτῶν καὶ ἐλεύκαναν στολὰς αὐτῶν ἐν τῷ αἵματι τοῦ ἀρνίου.,και ειρηκα αυτω κυριε συ οιδας και ειπεν μοι ουτοι εισιν ὁ ερχομενοι εκ ὁ μεγαλης ὁ θλιψεως και επλυναν αυτων ὁ στολας και αυτας ελευκαναν εν ὁ αιματι ὁ αρνιου,"DIFFERENT FORM: same Strong's G0846, TR 'αὐτῶν' vs DB 'αυτας' | MISSING: TR has 'στολὰς' (G4749), no match anywhere in DB verse"
Rev,9,14,mixed_content,2,yes,λέγουσαν τῷ ἕκτῳ ἀγγέλῳ ὅς εἴχε τὴν σάλπιγγα· λῦσον τοὺς τέσσαρας ἀγγέλους τοὺς δεδεμένους ἐπὶ τῷ ποταμῷ τῷ μεγάλῳ Εὐφράτῃ.,λεγουσαν ὁ εκτω αγγελω ος ειχε ὁ σαλπιγγα λυσον ὁ τεσσαρας αγγελους τους δεδεμενους επι ὁ μεγαλω ὁ ποταμω ευφρατη,"MISSING: TR has 'τῷ' (G3588), no match anywhere in DB verse | EXTRA: DB has 'ος' (G3739), no TR counterpart anywhere in verse"
Rev,9,16,extra_word,2,yes,καὶ ὁ ἀριθμὸς στρατευμάτων τοῦ ἱππικοῦ μυριάδων· καὶ ἤκουσα τὸν ἀριθμὸν αὐτῶν.¶,και ὁ αριθμος στρατευματων ὁ ιππικου δυο μυριαδες μυριαδων και ηκουσα ὁ αριθμον αυτων,"EXTRA: DB has 'δυο' (G1417), no TR counterpart anywhere in verse | EXTRA: DB has 'μυριαδες' (G3461), no TR counterpart anywhere in verse"
Rev,9,19,mixed_content,3,yes,αἱ γὰρ ἐξουσίαι αὐτῶν ἐν τῷ στόματι αὐτῶν εἰσιν αἱ γὰρ οὐραὶ αὐτῶν ὅμοιαι ὄφεσιν ἔχουσαι κεφαλὰς καὶ ἐν αὐταῖς ἀδικοῦσιν.,γαρ ὁ εξουσια εστιν αυτων ὁ στοματι εν αυτων ὁ ουραις γαρ αυτων ὁ ουραι ομοιαι οφεσιν εχουσαι κεφαλας και εν αυταις αδικουσιν,"DIFFERENT FORM: same Strong's G1510, TR 'εἰσιν' vs DB 'εστιν' | EXTRA: DB has 'ὁ' (G3588), no TR counterpart anywhere in verse | EXTRA: DB has 'ουραι' (G3769), no TR counterpart anywhere in verse"
Rev,9,20,extra_word,1,yes,"καὶ οἱ λοιποὶ τῶν ἀνθρώπων, οἳ οὐκ ἀπεκτάνθησαν ἐν ταῖς πληγαῖς ταύταις, μετενόησαν ἐκ τῶν ἔργων τῶν χειρῶν αὐτῶν, ἵνα μὴ προσκυνήσωσιν τὰ δαιμόνια καὶ εἴδωλα τὰ χρυσᾶ καὶ τὰ ἀργυρᾶ καὶ τὰ χαλκᾶ καὶ τὰ λίθινα καὶ τὰ ξύλινα, ἃ οὔτε βλέπειν δύναται οὔτε ἀκούειν οὔτε περιπατεῖν,",και ὁ λοιποι ὁ ανθρωπων οι ουκ απεκτανθησαν εν ταυταις ὁ πληγαις μετενοησαν ου εκ ὁ εργων αυτων ὁ χειρων ινα μη προσκυνησωσιν ὁ δαιμονια και ειδωλα ὁ χρυσα και ὁ αργυρα και ὁ χαλκα και ὁ λιθινα και ὁ ξυλινα α ουτε δυναται βλεπειν ουτε ακουειν ουτε περιπατειν,"EXTRA: DB has 'ου' (G3756), no TR counterpart anywhere in verse"
Rev,10,4,strongs_mismatch,1,yes,"καὶ ὅτε ἐλάλησαν αἱ ἑπτὰ βρονταί, τὰς φωνὰς ἑαυτῶν ἤμελλον γράφειν. καὶ ἤκουσα φωνὴν ἐκ τοῦ οὐρανοῦ λέγουσαν μοι, σφράγισον ἃ ἐλάλησαν αἱ ἑπτὰ βρονταί, καὶ μὴ ταὐτὰ γράψῃς.",αι αι και οτε επτα βρονται ελαλησαν εαυτων ὁ φωνας εμελλον γραφειν και ηκουσα φωνην εκ ὁ ουρανου λεγουσαν μοι σφραγισον α επτα βρονται ελαλησαν και γραψης ταυτα μη,"STRONGS MISMATCH: word text matches ('ταὐτὰ'); expected Strong's (TR/TAGNT G5023, cross-walked to this DB's lexeme numbering: G0846/G5023) vs DB actual 'ταυτα'=G3778"
Rev,10,6,mixed_content,2,yes,"καὶ ὤμοσεν ἐν τῷ ζῶντι εἰς τοὺς αἰῶνας τῶν αἰώνων, ὃς ἔκτισεν τὸν οὐρανὸν καὶ τὰ ἐν αὐτῷ καὶ τὴν γῆν καὶ τὰ ἐν αὐτῇ καὶ τὴν θάλασσαν καὶ τὰ ἐν αὐτῇ ὅτι χρόνος οὐκέτι ἔσται,",και ωμοσεν εν ὁ ζωντι εις ὁ αιωνας ὁ αιωνων ος εκτισεν ὁ ουρανον και ὁ εν αυτω και ὁ γην και ὁ εν αυτη και ὁ θαλασσαν και ὁ εν αυτη οτι εσται χρονος ουκ ετι,"DIFFERENT FORM: same Strong's G3756, TR 'οὐκέτι' vs DB 'ουκ' | EXTRA: DB has 'ετι' (G2089), no TR counterpart anywhere in verse"
Rev,11,1,extra_word,3,yes,"Καὶ ἐδόθη μοι κάλαμος ὅμοιος ῥάβδῳ λέγων· Ἔγειραι καὶ μέτρησον τὸν ναὸν τοῦ θεοῦ καὶ τὸ θυσιαστήριον, καὶ τοὺς προσκυνοῦντας ἐν αὐτῷ.",εδοθη μοι καλαμος ομοιος ραβδω και ὁ αγγελος ειστηκει λεγων εγειραι και μετρησον ὁ ναον ὁ θεου και ὁ θυσιαστηριον και τους προσκυνουντας ἐν αυτω,"EXTRA: DB has 'αγγελος' (G0032), no TR counterpart anywhere in verse | EXTRA: DB has 'ειστηκει' (G2476), no TR counterpart anywhere in verse | EXTRA: DB has 'ὁ' (G3588), no TR counterpart anywhere in verse"
Rev,11,2,extra_word,1,yes,"καὶ τὴν αὐλὴν τὴν ἔσωθεν τοῦ ναοῦ ἔκβαλε ἔξω καὶ μὴ αὐτὴν μετρήσῃς, ὅτι ἐδόθη τοῖς ἔθνεσιν· καὶ τὴν πόλιν τὴν ἁγίαν πατήσουσιν μῆνας τεσσεράκοντα δύο.¶",και ὁ αυλην την εσωθεν ὁ ναου εκβαλε εξω και μετρησης αυτην μη οτι εδοθη ὁ εθνεσιν και ὁ ὁ αγιαν ὁ πολιν πατησουσιν τεσσαρακοντα δυο μηνας,"EXTRA: DB has 'ὁ' (G3588), no TR counterpart anywhere in verse"
Rev,11,4,extra_word,1,yes,οὗτοί εἰσιν αἱ δύο ἐλαῖαι καὶ δύο λυχνίαι αἱ ἐνώπιον τοῦ Θεοῦ τῆς γῆς ἑστῶσαι,ουτοι εισιν αι δυο ελαιαι και αι δυο λυχνιαι ὁ εστωσαι ενωπιον ὁ θεου ὁ γης,"EXTRA: DB has 'ὁ' (G3588), no TR counterpart anywhere in verse"
Rev,11,5,missing_word,1,yes,"καὶ εἴ τις αὐτοὺς θέλῃ ἀδικῆσαι, πῦρ ἐκπορεύεται ἐκ τοῦ στόματος αὐτῶν καὶ κατεσθίει τοὺς ἐχθροὺς αὐτῶν· καὶ εἴ τις θελήσῃ αὐτοὺς ἀδικῆσαι, οὕτως δεῖ αὐτὸν ἀποκτανθῆναι.",τους και ει τις αδικησαι αυτους πυρ εκπορευεται εκ αυτων ὁ στοματος και κατεσθιει αυτων εχθρους και ει τις θελη αδικησαι αυτους αυτον δει ουτως αποκτανθηναι,"MISSING: TR has 'θελήσῃ' (G2309), no match anywhere in DB verse"
Rev,11,8,strongs_mismatch,1,yes,"καὶ τὰ πτῶματα αὐτῶν ἐπὶ τῆς πλατείας πόλεως τῆς μεγάλης, ἥτις καλεῖται πνευματικῶς Σόδομα καὶ Αἴγυπτος, ὅπου καὶ ὁ κύριος ἡμῶν ἐσταυρώθη.",της και αυτων ὁ πτωματα επι ὁ πλατειας μεγαλης πολεως ητις πνευματικως καλειται σοδομα και αιγυπτος οπου και ημων ὁ κυριος εσταυρωθη,"STRONGS MISMATCH: word text matches ('ἡμῶν'); expected Strong's (TR/TAGNT G2257, cross-walked to this DB's lexeme numbering: G0846/G2257) vs DB actual 'ημων'=G1473"
Rev,11,11,extra_word,1,yes,"Καὶ μετὰ τὰς τρεῖς ἡμέρας καὶ ἥμισυ πνεῦμα ζωῆς ἐκ τοῦ θεοῦ εἰσῆλθεν αὐτούς καὶ ἔστησαν ἐπὶ τοὺς πόδας αὐτῶν, καὶ φόβος μέγας ἔπεσεν ἐπὶ τοὺς θεωροῦντας αὐτούς.",τας και μετα τρεις ημερας και ημισυ πνευμα εκ ζωης ὁ θεου εισηλθεν επ αυτους και εστησαν επι αυτων ὁ ποδας και μεγας φοβος επεσεν επι τους θεωρουντας αυτους,"EXTRA: DB has 'επι' (G1909), no TR counterpart anywhere in verse"
Rev,12,15,strongs_mismatch,1,yes,"καὶ ἔβαλεν ὁ ὄφις ἐκ τοῦ στόματος αὐτοῦ ὀπίσω τῆς γυναικὸς ὕδωρ ὡς ποταμόν, ἵνα ταὐτὴν ποταμοφόρητον ποιήσῃ.",και ὁ οφις εβαλεν εκ αυτου ὁ στοματος υδωρ ως ποταμον οπισω ὁ γυναικος ινα ποιηση ταυτην ποταμοφορητον,"STRONGS MISMATCH: word text matches ('ταὐτὴν'); expected Strong's (TR/TAGNT G5026, cross-walked to this DB's lexeme numbering: G0846/G5026) vs DB actual 'ταυτην'=G3778"
Rev,13,1,extra_word,2,yes,"Καὶ εἶδον ἐκ τῆς θαλάσσης θηρίον ἀναβαῖνον, ἔχον κέρατα δέκα καὶ κεφαλὰς ἑπτὰ καὶ ἐπὶ τῶν κεράτων αὐτοῦ δέκα διαδήματα καὶ ἐπὶ τὰς κεφαλὰς αὐτοῦ ὄνομα βλασφημίας.",εσταθην αμμον και ειδον θηριον αναβαινον εκ ὁ θαλασσης εχον επτα κεφαλας και δεκα κερατα και επι αυτου ὁ κερατων δεκα διαδηματα και επι αυτου ὁ κεφαλας ονομα βλασφημιας,"EXTRA: DB has 'εσταθην' (G2476), no TR counterpart anywhere in verse | EXTRA: DB has 'αμμον' (G0285), no TR counterpart anywhere in verse"
Rev,13,4,extra_word,1,yes,καὶ προσεκύνησαν τόν δράκοντα ἔδωκεν ἐξουσίαν τῷ θηρίῳ καὶ προσεκύνησαν τὸ θηρίον λέγοντες· τίς ὅμοιος τῷ θηρίῳ τίς δύναται πολεμῆσαι μετ᾽ αὐτοῦ;,και προσεκυνησαν ὁ δρακοντα ος εδωκεν εξουσιαν ὁ θηριω και προσεκυνησαν ὁ θηριον λεγοντες τις ομοιος ὁ θηριω τις δυναται πολεμησαι μετ αυτου,"EXTRA: DB has 'ος' (G3739), no TR counterpart anywhere in verse"
Rev,13,12,extra_word,1,yes,"καὶ τὴν ἐξουσίαν τοῦ πρώτου θηρίου πᾶσαν ποιεῖ ἐνώπιον αὐτοῦ καὶ ποιεῖ τὴν γῆν καὶ τοὺς ἐν αὐτῇ κατοικοῦντας ἵνα προσκυνήσωσιν τὸ θηρίον τὸ πρῶτον, οὗ ἐθεραπεύθη ἡ πληγὴ τοῦ θανάτου αὐτοῦ.",και ποιει πασαν εξουσιαν ὁ πρωτου ὁ θηριου ενωπιον αυτου και ποιει ὁ γην και τους κατοικουντας ἐν αυτη ινα προσκυνησωσιν ὁ ὁ πρωτον ὁ θηριον ου ὁ θανατου αυτου ὁ πληγη εθεραπευθη,"EXTRA: DB has 'ὁ' (G3588), no TR counterpart anywhere in verse"
Rev,13,16,mixed_content,2,yes,"καὶ ποιεῖ πάντας, τοὺς μικροὺς καὶ τοὺς μεγάλους καὶ τοὺς πλουσίους καὶ τοὺς πτωχοὺς καὶ τοὺς ἐλευθέρους καὶ τοὺς δούλους, ἵνα αὐτοῖς χαράγματα ἐπὶ τῆς χειρὸς αὐτῶν τῆς δεξιᾶς ἢ ἐπὶ τῶν μέτωπων αὐτῶν,",και ποιει παντας και ὁ μικρους και ὁ μεγαλους ὁ πλουσιους και ὁ πτωχους και ὁ ελευθερους και ὁ δουλους ινα δωση αυτοις χαραγμα επι αυτων ὁ δεξιας ὁ χειρος η επι αυτων ὁ μετωπων,"DIFFERENT FORM: same Strong's G5480, TR 'χαράγματα' vs DB 'χαραγμα' | EXTRA: DB has 'δωση' (G1325), no TR counterpart anywhere in verse"
Rev,13,18,missing_word,2,yes,"Ὧδε ἡ σοφία ἐστίν. ὁ ἔχων τὸν νοῦν ψηφισάτω τὸν ἀριθμὸν τοῦ θηρίου, ἀριθμὸς γὰρ ἀνθρώπου ἐστίν, καὶ ὁ ἀριθμὸς αὐτοῦ ἑξακόσιοι ἑξήκοντα χ̅ξ̅ς᾽",ωδε εστιν ὁ σοφια ο εχων ὁ νουν ψηφισατω ὁ αριθμον ὁ θηριου γαρ εστιν αριθμος ανθρωπου και αυτου ὁ αριθμος χξς,"MISSING: TR has 'ἑξακόσιοι' (G1812), no match anywhere in DB verse | MISSING: TR has 'ἑξήκοντα' (G1835), no match anywhere in DB verse"
Rev,14,3,word_substitution,1,yes,"καὶ ᾄδουσιν ὡς ᾠδὴν καινὴν ἐνώπιον τοῦ θρόνου καὶ ἐνώπιον τῶν τεσσάρων ζῴων καὶ τῶν πρεσβυτέρων, καὶ οὐδεὶς ἐδύνατο μαθεῖν τὴν ᾠδὴν εἰ μὴ αἱ ἑκατὸν τεσσεράκοντα τέσσαρες χιλιάδες, οἱ ἠγορασμένοι ἀπὸ τῆς γῆς.",αι των των και αδουσιν ως καινην ωδην ενωπιον ὁ θρονου και ενωπιον τεσσαρων ζωων και πρεσβυτερων και ουδεις ηδυνατο μαθειν ει ὁ ωδην μη εκατον τεσσαρακοντα τεσσαρες χιλιαδες οι ηγορασμενοι απο ὁ γης,"DIFFERENT FORM: same Strong's G3588, TR 'τὴν' vs DB 'οι'"
Rev,14,11,word_substitution,1,yes,"καὶ ὁ καπνὸς τοῦ βασανισμοῦ αὐτῶν εἰς αἰῶνας αἰώνων ἀναβαίνει, καὶ οὐκ ἔχουσιν ἀνάπαυσιν ἡμέρας καὶ νυκτὸς οἱ προσκυνοῦντες τὸ θηρίον καὶ τὴν εἰκόνα αὐτοῦ καὶ εἴ τις λαμβάνει τὸ χάραγμα τοῦ ὀνόματος αὐτοῦ.¶",και ὁ καπνος αυτων ὁ βασανισμου αναβαινει εις αιωνας και αιωνων και εχουσιν ουκ αναπαυσιν ημερας νυκτος οι προσκυνουντες ὁ θηριον και αυτου ὁ εικονα και ει τις λαμβανει ὁ χαραγμα αυτου ὁ ονοματος,"DIFFERENT FORM: same Strong's G3588, TR 'τοῦ' vs DB 'οι'"
Rev,14,13,mixed_content,3,yes,"Καὶ ἤκουσα φωνῆς ἐκ τοῦ οὐρανοῦ λεγούσης μοι· γράψον· μακάριοι οἱ νεκροὶ οἱ ἐν κυρίῳ ἀποθνῄσκοντες ἀπ᾽ ἄρτι. ναί, λέγει τὸ πνεῦμα, ἵνα ἀναπαύσωνται ἐκ τῶν κόπων αὐτῶν, τὰ δὲ ἔργα αὐτῶν ἀκολουθεῖ μετ᾽ αὐτῶν.¶",τα οι και ηκουσα φωνης εκ ὁ ουρανου λεγουσης μοι γραψον μακαριοι νεκροι οι αποθνησκοντες εν κυριω απαρτι ναι λεγει ὁ πνευμα ινα αναπαυσωνται εκ αυτων ὁ κοπων δε αυτων εργα ακολουθει αυτων μετ,"DIFFERENT FORM: same Strong's G3588, TR 'τοῦ' vs DB 'οι' | DIFFERENT FORM: same Strong's G0737, TR 'ἄρτι.' vs DB 'απαρτι' | MISSING: TR has 'ἀπ᾽' (G0575), no match anywhere in DB verse"
Rev,14,18,extra_word,1,yes,"Καὶ ἄλλος ἄγγελος ἐξῆλθεν ἐκ τοῦ θυσιαστηρίου ἔχων ἐξουσίαν ἐπὶ τοῦ πυρὸς καὶ ἐφώνησεν κραυγῇ μεγάλῃ τῷ ἔχοντι τὸ δρέπανον τὸ ὀξὺ λέγων· πέμψον σου τὸ δρέπανον τὸ ὀξὺ καὶ τρύγησον τοὺς βότρυας τῆς γῆς, ὅτι ἤκμασαν αἱ σταφυλαὶ αὐτῆς.",και αλλος αγγελος εξηλθεν εκ θυσιαστηριου εχων εξουσιαν επι πυρος και εφωνησεν μεγαλη κραυγη ὁ εχοντι ὁ ὁ οξυ ὁ δρεπανον λεγων πεμψον σου ὁ οξυ ὁ δρεπανον και τρυγησον ὁ βοτρυας ὁ αμπελου ὁ γης οτι αυτης ὁ σταφυλαι ηκμασαν,"EXTRA: DB has 'αμπελου' (G0288), no TR counterpart anywhere in verse"
Rev,14,20,mixed_content,2,yes,"καὶ ἐπατήθη ἡ ληνὸς ἔξωθεν τῆς πόλεως, καὶ ἐξῆλθεν αἷμα ἐκ τῆς ληνοῦ ἄχρι τῶν χαλινῶν τῶν ἵππων ἀπὸ σταδίων χιλίων ἑξακοσίων.¶",και ὁ ληνος επατηθη εξω ὁ πολεως και αιμα εξηλθεν εκ ὁ ληνου αχρι ὁ ιππων ὁ χαλινων απο χιλιων εξακοσιων σταδιων,"MISSING: TR has 'ἔξωθεν' (G1855), no match anywhere in DB verse | EXTRA: DB has 'εξω' (G1854), no TR counterpart anywhere in verse"
Rev,15,2,missing_word,1,yes,Καὶ εἶδον ὡς θάλασσαν ὑαλίνην μεμιγμένην πυρὶ καὶ τοὺς νικῶντας ἐκ τοῦ θηρίου καὶ ἐκ τῆς εἰκόνος αὐτοῦ καὶ ἐκ τοῦ χαράγματος τοῦ ἐκ τοῦ ἀριθμοῦ τοῦ ὀνόματος αὐτοῦ ἑστῶτας ἐπὶ τὴν θάλασσαν τὴν ὑαλίνην ἔχοντας κιθάρας τοῦ θεοῦ.,την και ειδον ως θαλασσαν υαλινην μεμιγμενην πυρι και τους νικωντας εκ ὁ θηριου και εκ ὁ εικονος και εκ αυτου ὁ χαραγματος εκ ὁ αριθμου αυτου ὁ ονοματος εστωτας επι ὁ θαλασσαν υαλινην εχοντας κιθαρας ὁ θεου,"MISSING: TR has 'τοῦ' (G0846), no match anywhere in DB verse"
Rev,15,3,extra_word,1,yes,"καὶ ᾄδουσιν τὴν ᾠδὴν Μωϋσέως δούλου τοῦ θεοῦ καὶ τὴν ᾠδὴν τοῦ ἀρνίου λέγοντες· μεγάλα καὶ θαυμαστὰ τὰ ἔργα σου, κύριε ὁ θεὸς ὁ παντοκράτωρ. δίκαιαι καὶ ἀληθιναὶ αἱ ὁδοί σου, ὁ βασιλεὺς τῶν",και αδουσιν ὁ ωδην μωσεως δουλου ὁ θεου και ὁ ωδην ὁ αρνιου λεγοντες μεγαλα και θαυμαστα ὁ εργα κυριε ὁ θεος ὁ παντοκρατωρ δικαιαι και αληθιναι σου ὁ οδοι σου ὁ βασιλευς ὁ αγιων,"EXTRA: DB has 'αγιων' (G0040), no TR counterpart anywhere in verse"
Rev,16,12,extra_word,1,yes,"Καὶ ὁ ἕκτος ἄγγελος ἐξέχεεν τὴν φιάλην αὐτοῦ ἐπὶ τὸν ποταμὸν τὸν μέγαν τὸν Εὐφράτην, καὶ ἐξηράνθη τὸ ὕδωρ αὐτοῦ ἵνα ἑτοιμασθῇ ἡ ὁδὸς τῶν βασιλέων τῶν ἀπὸ ἀνατολῶν ἡλίου.¶",και εκτος ὁ αγγελος εξεχεεν αυτου ὁ φιαλην επι ὁ ὁ μεγαν ὁ ποταμον ὁ ευφρατην και ὁ υδωρ αυτου εξηρανθη ινα ὁ οδος ὁ βασιλεων των απο ανατολων ηλιου ετοιμασθη,"EXTRA: DB has 'ὁ' (G3588), no TR counterpart anywhere in verse"
Rev,17,8,extra_word,2,yes,"θηρίον ὃ εἶδες, ἦν καὶ οὐκ ἔστιν καὶ μέλλει ἀναβαίνειν ἐκ τῆς ἀβύσσου καὶ εἰς ἀπώλειαν ὑπάγειν καὶ θαυμάσονται οἱ κατοικοῦντες ἐπὶ τῆς γῆς, ὧν οὐ γέγραπται τὰ ὀνόματα ἐπὶ τὸ βιβλίον τῆς ζωῆς ἀπὸ καταβολῆς κόσμου, βλεπόντες τὸ θηρίον ἦν καὶ οὐκ ἔστιν καὶπερ ἔστιν",θηριον ο ειδες ην και εστιν ουκ και μελλει αναβαινειν εκ ὁ αβυσσου και υπαγειν εις απωλειαν και ὁ κατοικουντες επι ὁ γης θαυμασονται ων ὁ ονοματα ου γεγραπται επι ὁ βιβλιον ὁ ζωης απο καταβολης κοσμου βλεποντες ὁ θηριον ὅς τι ην και εστιν ουκ καιπερ εστιν,"EXTRA: DB has 'ὅς' (G3739), no TR counterpart anywhere in verse | EXTRA: DB has 'τι' (G5100), no TR counterpart anywhere in verse"
Rev,17,10,extra_word,3,yes,"οἱ πέντε ἔπεσαν, καὶ ὁ εἷς ἔστιν, ὁ ἄλλος οὔπω ἦλθεν· καὶ ὅταν ἔλθῃ, ὀλίγον αὐτὸν δεῖ μεῖναι.¶",ο ο οι εισιν επτα βασιλεις πεντε επεσαν και εις εστιν αλλος ουπω ηλθεν και οταν αυτον ελθη δει μειναι ολιγον,"EXTRA: DB has 'εισιν' (G1510), no TR counterpart anywhere in verse | EXTRA: DB has 'επτα' (G2033), no TR counterpart anywhere in verse | EXTRA: DB has 'βασιλεις' (G0935), no TR counterpart anywhere in verse"
Rev,17,14,word_substitution,1,yes,"οὗτοι μετὰ τοῦ ἀρνίου πολεμήσουσιν, καὶ τὸ ἀρνίον νικήσει αὐτούς, ὅτι κύριος κυρίων ἐστὶν καὶ βασιλεὺς βασιλέων, καὶ οἱ μετ᾽ αὐτοῦ κλητοὶ καὶ ἐκλεκτοὶ καὶ πιστοί.¶",ουτοι πολεμησουσιν μετα ὁ αρνιου και ὁ αρνιον νικησει αυτους οτι εστιν κυριος κυριων και βασιλευς βασιλεων και οι μετ αυτου κλητοι και εκλεκτοι και πιστοι,"DIFFERENT FORM: same Strong's G3588, TR 'τὸ' vs DB 'οι'"
Rev,17,17,extra_word,1,yes,ὁ γὰρ θεὸς ἔδωκεν εἰς τὰς καρδίας αὐτῶν ποιῆσαι τὴν γνώμην αὐτοῦ καὶ ποιῆσαι μίαν γνώμην καὶ δοῦναι τὴν βασιλείαν αὐτῶν τῷ θηρίῳ ἄχρι τὰ ῥήματά τοῦ θεοῦ.,ο γαρ θεος εδωκεν εις αυτου ὁ καρδιας ποιησαι αυτων ὁ γνωμην και ποιησαι μιαν γνωμην και δουναι αυτων ὁ βασιλειαν ὁ θηριω αχρι ὁ ρηματα ὁ θεου τελεσθη,"EXTRA: DB has 'τελεσθη' (G5055), no TR counterpart anywhere in verse"
Rev,18,1,extra_word,1,yes,"Καὶ μετὰ ταῦτα εἶδον ἄγγελον καταβαίνοντα ἐκ τοῦ οὐρανοῦ, ἔχοντα ἐξουσίαν μεγάλην, καὶ ἡ γῆ ἐφωτίσθη ἐκ τῆς δόξης αὐτοῦ.",και μετα ταυτα ειδον αλλον αγγελον καταβαινοντα εκ ὁ ουρανου εχοντα μεγαλην εξουσιαν και ὁ γη εφωτισθη εκ αυτου ὁ δοξης,"EXTRA: DB has 'αλλον' (G0243), no TR counterpart anywhere in verse"
Rev,18,9,word_substitution,1,yes,"Καὶ κλαύσονται αὐτὴν καὶ κόψονται ἐπ᾽ αὐτὴν οἱ βασιλεῖς τῆς γῆς οἱ μετ᾽ αὐτῆς πορνεύσαντες καὶ στρηνιάσαντες, ὅταν βλέπωσιν τὸν καπνὸν τῆς πυρώσεως αὐτῆς",και ὁ βασιλεις ὁ γης οι πορνευσαντες και στρηνιασαντες μετ αυτης κλαυσονται αυτην και κοψονται επ αυτη οταν βλεπωσιν ὁ καπνον αυτης ὁ πυρωσεως,"DIFFERENT FORM: same Strong's G3588, TR 'τῆς' vs DB 'οι'"
Rev,18,14,extra_word,1,yes,"καὶ ἡ ὀπώρα σου τῆς ἐπιθυμίας τῆς ψυχῆς ἀπῆλθεν ἀπὸ σοῦ, καὶ πάντα τὰ λιπαρὰ καὶ τὰ λαμπρὰ ἀπῆλθεν ἀπὸ σοῦ, καὶ οὐκέτι οὐ μὴ αὐτὰ",και οπωρα η σου ὁ ψυχης ὁ επιθυμιας απηλθεν απο σου και παντα ὁ λιπαρα και ὁ λαμπρα απηλθεν απο σου και ευρησης αυτα ουκετι οὐ μη,"EXTRA: DB has 'ευρησης' (G2147), no TR counterpart anywhere in verse"
Rev,18,24,word_substitution,1,yes,καὶ ἐν αὐτῇ αἵματα προφητῶν καὶ ἁγίων εὑρέθη καὶ πάντων τῶν ἐσφαγμένων ἐπὶ τῆς γῆς.¶,των και εν αυτη ευρεθη αιμα προφητων και αγιων και παντων εσφαγμενων επι ὁ γης,"DIFFERENT FORM: same Strong's G0129, TR 'αἵματα' vs DB 'αιμα'"
Rev,19,5,word_substitution,1,yes,"Καὶ φωνὴ ἐκ τοῦ θρόνου ἐξῆλθεν λέγουσα· αἰνεῖτε τὸν θεὸν ἡμῶν πάντες οἱ δοῦλοι αὐτοῦ καὶ οἱ φοβούμενοι αὐτόν, καὶ οἱ μικροὶ καὶ οἱ μεγάλοι.",οι οι και φωνη εξηλθεν εκ ὁ θρονου λεγουσα αινειτε ημων ὁ θεον παντες αυτου ὁ δουλοι και οι φοβουμενοι αυτον και μικροι και μεγαλοι,"DIFFERENT FORM: same Strong's G3588, TR 'τὸν' vs DB 'οι'"
Rev,19,6,extra_word,1,yes,καὶ ἤκουσα ὡς φωνὴν ὄχλου πολλοῦ καὶ ὡς φωνὴν ὑδάτων πολλῶν καὶ ὡς φωνὴν βροντῶν ἰσχυρῶν ἁλληλουϊά· ὅτι ἐβασίλευσεν κύριος ὁ θεὸς ὁ παντοκράτωρ.,και ηκουσα ως φωνην πολλου οχλου και ως φωνην πολλων υδατων και ως φωνην ισχυρων βροντων λεγοντας αλληλουια οτι κυριος ὁ θεος ὁ παντοκρατωρ εβασιλευσεν,"EXTRA: DB has 'λεγοντας' (G3004), no TR counterpart anywhere in verse"
Rev,19,10,missing_word,1,yes,"καὶ ἔπεσα ἔμπροσθεν τῶν ποδῶν αὐτοῦ προσκυνῆσαι αὐτῷ, καὶ λέγει μοι· ὅρα μή, σύνδουλός σού εἰμι καὶ τῶν ἀδελφῶν σου τῶν ἐχόντων ἐχόντων τὴν μαρτυρίαν τοῦ Ἰησοῦ· τῷ θεῷ προσκύνησον. ἡ γὰρ μαρτυρία τοῦ Ἰησοῦ ἐστιν τὸ πνεῦμα τῆς προφητείας.¶",η των και επεσον εμπροσθεν αυτου ὁ ποδων προσκυνησαι αυτω και λεγει μοι ορα μη ειμι σου συνδουλος και σου ὁ αδελφων εχοντων ὁ μαρτυριαν ὁ ιησου προσκυνησον ὁ θεω γαρ μαρτυρια ὁ ιησου εστιν ὁ πνευμα ὁ προφητειας,"MISSING: TR has 'ἐχόντων' (G2192), no match anywhere in DB verse"
Rev,19,20,strongs_mismatch,1,yes,"καὶ ἐπιάσθη τὸ θηρίον, καὶ μετ᾽ τοὐτοῦ ὁ ψευδοπροφήτης ὁ ποιήσας τὰ σημεῖα ἐνώπιον αὐτοῦ, ἐν οἷς ἐπλάνησεν τοὺς λαβόντας τὸ χάραγμα τοῦ θηρίου καὶ τοὺς προσκυνοῦντας τῇ εἰκόνι αὐτοῦ. ζῶντες ἐβλήθησαν οἱ δύο εἰς τὴν λίμνην τοῦ πυρὸς τὴν καιομένην ἐν τῷ θείῳ.",την οι ο και ὁ θηριον επιασθη και μετα τουτου ὁ ψευδοπροφητης ποιησας ὁ σημεια ενωπιον αυτου εν οις επλανησεν τους λαβοντας ὁ χαραγμα ὁ θηριου και τους προσκυνουντας αυτου ὁ εικονι δυο εβληθησαν ζωντες εις ὁ λιμνην ὁ πυρος καιομενην εν ὁ θειω,"STRONGS MISMATCH: word text matches ('τοὐτοῦ'); expected Strong's (TR/TAGNT G5127, cross-walked to this DB's lexeme numbering: G0846/G5127) vs DB actual 'τουτου'=G3778"
Rev,21,6,word_substitution,1,yes,"καὶ εἶπέν μοι· γέγονεν ἐγώ εἰμι τὸ ἄλφα καὶ τὸ ὦ, ἡ ἀρχὴ καὶ τὸ τέλος. ἐγὼ τῷ διψῶντι δώσω ἐκ τῆς πηγῆς τοῦ ὕδατος τῆς ζωῆς δωρεάν.",τω το το και ειπεν μοι γεγονεν εγω ειμι α και ω ὁ αρχη και ὁ τελος εγω δωσω διψωντι εκ ὁ πηγης ὁ υδατος ὁ ζωης δωρεαν,"DIFFERENT FORM: same Strong's G0001, TR 'ἄλφα' vs DB 'α'"
Rev,21,13,extra_word,1,yes,"ἀπὸ ἀνατολῆς πυλῶνες τρεῖς, ἀπὸ βορρᾶ πυλῶνες τρεῖς, ἀπὸ νότου πυλῶνες τρεῖς, ἀπὸ δυσμῶν πυλῶνες τρεῖς.",απ ανατολης τρεις πυλωνες απο βορρα τρεις πυλωνες απο νοτου τρεις πυλωνες και απο δυσμων τρεις πυλωνες,"EXTRA: DB has 'και' (G2532), no TR counterpart anywhere in verse"
Rev,22,8,word_substitution,1,yes,"κἀγὼ Ἰωάννης ὁ ἀκούων καὶ βλέπων ταῦτα· καὶ ὅτε ἤκουσα καὶ ἔβλεψα, ἔπεσα προσκυνῆσαι ἔμπροσθεν τῶν ποδῶν τοῦ ἀγγέλου τοῦ δεικνύοντός μοι ταῦτα.",του ο εγω ιωαννης βλεπων ταυτα και ακουων και οτε ηκουσα και εβλεψα επεσα προσκυνησαι εμπροσθεν ὁ ποδων ὁ αγγελου δεικνυοντος μοι ταυτα,"DIFFERENT FORM: same Strong's G1473, TR 'κἀγὼ' vs DB 'εγω'"
Rev,22,18,strongs_mismatch,1,yes,Συμμαρτυροῦμαι γὰρ παντὶ ἀκούοντι τοὺς λόγους τῆς προφητείας τοῦ βιβλίου τούτου· ἐάν τις ἐπιτιθῇ πρὸς ταὐτά ἐπιθήσει ὁ θεὸς ἐπ᾽ αὐτὸν τὰς πληγὰς τὰς γεγραμμένας ἐν βιβλίῳ τούτῳ.,γαρ συμμαρτυρουμαι παντι ακουοντι ὁ λογους ὁ προφητειας τουτου ὁ βιβλιου εαν τις επιτιθη προς ταυτα ὁ θεος επιθησει επ αυτον ὁ πληγας ὁ γεγραμμενας εν τουτω βιβλιω,"STRONGS MISMATCH: word text matches ('ταὐτά'); expected Strong's (TR/TAGNT G5023, cross-walked to this DB's lexeme numbering: G0846/G5023) vs DB actual 'ταυτα'=G3778"
Rom,1,3,extra_word,5,yes,"περὶ τοῦ υἱοῦ αὐτοῦ, τοῦ γενομένου ἐκ σπέρματος Δαυὶδ κατὰ σάρκα,",περι αυτου ὁ υιου ιησου χριστου ημων ὁ κυριου του γενομενου εκ σπερματος δαβιδ κατα σαρκα,"EXTRA: DB has 'ιησου' (G2424), no TR counterpart anywhere in verse | EXTRA: DB has 'χριστου' (G5547), no TR counterpart anywhere in verse | EXTRA: DB has 'ημων' (G1473), no TR counterpart anywhere in verse | EXTRA: DB has 'ὁ' (G3588), no TR counterpart anywhere in verse | EXTRA: DB has 'κυριου' (G2962), no TR counterpart anywhere in verse"
Rom,1,4,missing_word,5,yes,"τοῦ ὁρισθέντος υἱοῦ θεοῦ ἐν δυνάμει κατὰ πνεῦμα ἁγιωσύνης ἐξ ἀναστάσεως νεκρῶν, Ἰησοῦ Χριστοῦ τοῦ κυρίου ἡμῶν,",ὁ ορισθεντος υιου θεου εν δυναμει κατα πνευμα αγιωσυνης εξ αναστασεως νεκρων,"MISSING: TR has 'Ἰησοῦ' (G2424), no match anywhere in DB verse | MISSING: TR has 'Χριστοῦ' (G5547), no match anywhere in DB verse | MISSING: TR has 'τοῦ' (G3588), no match anywhere in DB verse | MISSING: TR has 'κυρίου' (G2962), no match anywhere in DB verse | MISSING: TR has 'ἡμῶν,' (G3165), no match anywhere in DB verse"
Rom,1,9,extra_word,3,yes,"μάρτυς γάρ μού ἐστιν ὁ θεός, ᾧ λατρεύω ἐν τῷ πνεύματί μου ἐν τῷ εὐαγγελίῳ τοῦ υἱοῦ αὐτοῦ, ὡς ἀδιαλείπτως μνείαν ὑμῶν ποιοῦμαι",γαρ θεος εστιν μαρτυς ω λατρευω εν μου ὁ πνευματι εν ὁ ευαγγελιω αυτου ὁ υιου ως αδιαλειπτως ποιουμαι μνειαν υμων παντοτε επι μου ὁ προσευχων,"EXTRA: DB has 'παντοτε' (G3842), no TR counterpart anywhere in verse | EXTRA: DB has 'επι' (G1909), no TR counterpart anywhere in verse | EXTRA: DB has 'προσευχων' (G4335), no TR counterpart anywhere in verse"
Rom,1,10,mixed_content,2,yes,"δεόμενος, εἴ πως ἤδη ποτὲ εὐοδωθήσομαι ἐν τῷ θελήματι τοῦ θεοῦ ἐλθεῖν πρὸς ὑμᾶς·",δεομενος ειπως ηδη ποτε ευοδωθησομαι εν ὁ θεληματι ὁ θεου ελθειν προς υμας,"DIFFERENT FORM: same Strong's G4458, TR 'πως' vs DB 'ειπως' | MISSING: TR has 'εἴ' (G1487), no match anywhere in DB verse"
Rom,1,32,mixed_content,2,yes,"οἵτινες τὸ δικαίωμα τοῦ θεοῦ ἐπιγνόντες ὅτι οἱ τὰ τοιαῦτα πράσσοντες ἄξιοι θανάτου εἰσίν, οὐ μόνον αὐτὰ ποιοῦσιν ἀλλὰ καὶ συνευδοκοῦσιν τοῖς πράσσουσιν.¶",τα οιτινες επιγνοντες ὁ δικαιωμα ὁ θεου οτι οι πρασσοντες τοιαυτα εισιν αξιοι θανατου ου μονον ποιουσιν αυτα αλλα και συνευδοκουσιν τοις πρασσουσιν,"STRONGS MISMATCH: word text matches ('μόνον'); expected Strong's (TR/TAGNT G3441, cross-walked to this DB's lexeme numbering: G3441) vs DB actual 'μονον'=G3440 | DIFFERENT FORM: same Strong's G3588, TR 'τοῦ' vs DB 'οι'"
Rom,2,29,extra_word,1,yes,"ἀλλ᾽ ὁ ἐν τῷ κρυπτῷ Ἰουδαῖος, καὶ περιτομὴ καρδίας ἐν πνεύματι οὐ γράμματι, οὗ ὁ ἔπαινος οὐκ ἐξ ἀνθρώπων ἀλλ᾽ ἐκ τοῦ θεοῦ.¶",τω αλλ ο ιουδαιος ο εν κρυπτω και περιτομη καρδιας εν πνευματι ου γραμματι ου ὁ επαινος ουκ εξ ανθρωπων αλλ εκ ὁ θεου,"EXTRA: DB has 'ὁ' (G3588), no TR counterpart anywhere in verse"
Rom,3,25,extra_word,2,yes,ὃν προέθετο ὁ θεὸς ἱλαστήριον διὰ τῆς πίστεως ἐν τῷ αὐτοῦ αἵματι εἰς ἔνδειξιν τῆς δικαιοσύνης αὐτοῦ διὰ τὴν πάρεσιν τῶν προγεγονότων ἁμαρτημάτων,ον θεος προεθετο ιλαστηριον δια πιστεως αυτου ὁ αιματι εις ενδειξιν αυτου ὁ δικαιοσυνης δια ὁ παρεσιν αμαρτηματων ὁ προγεγονοτων εν ὁ ανοχη ὁ θεου,"EXTRA: DB has 'ανοχη' (G0463), no TR counterpart anywhere in verse | EXTRA: DB has 'θεου' (G2316), no TR counterpart anywhere in verse"
Rom,3,29,strongs_mismatch,1,yes,"ἢ Ἰουδαίων ὁ θεὸς μόνον, οὐχὶ δὲ καὶ ἐθνῶν; ναὶ καὶ ἐθνῶν,",η ὁ θεος ιουδαιων μονον ουχι δε και εθνων ναι εθνων και,"STRONGS MISMATCH: word text matches ('μόνον,'); expected Strong's (TR/TAGNT G3441, cross-walked to this DB's lexeme numbering: G3441) vs DB actual 'μονον'=G3440"
Rom,4,12,mixed_content,2,yes,"καὶ πατέρα περιτομῆς, τοῖς οὐκ ἐκ περιτομῆς μόνον ἀλλὰ καὶ τοῖς στοιχοῦσιν τοῖς ἴχνεσιν ἐν τῇ ἀκροβυστίᾳ τῆς πίστεως τοῦ πατρὸς ἡμῶν Ἀβραάμ.",της τοις και πατερα περιτομης τοις ουκ εκ περιτομης μονον αλλα και στοιχουσιν ὁ ιχνεσιν πιστεως ὁ ημων ὁ πατρος αβρααμ εν ὁ ακροβυστια,"STRONGS MISMATCH: word text matches ('μόνον'); expected Strong's (TR/TAGNT G3441, cross-walked to this DB's lexeme numbering: G3441) vs DB actual 'μονον'=G3440 | EXTRA: DB has 'ὁ' (G3588), no TR counterpart anywhere in verse"
Rom,4,13,extra_word,1,yes,οὐ γὰρ διὰ νόμου ἡ ἐπαγγελία τῷ Ἀβραὰμ ἢ τῷ σπέρματι αὐτοῦ τὸ κληρονόμον αὐτὸν εἶναι τοῦ κόσμου ἀλλὰ διὰ δικαιοσύνης πίστεως.,το τω γαρ ὁ επαγγελια αυτον ειναι κληρονομον ὁ κοσμου ου αβρααμ η ὁ αυτου ὁ σπερματι δια νομου αλλα δια δικαιοσυνης πιστεως,"EXTRA: DB has 'ὁ' (G3588), no TR counterpart anywhere in verse"
Rom,4,16,strongs_mismatch,1,yes,"διὰ τοῦτο ἐκ πίστεως, ἵνα κατὰ χάριν, εἰς τὸ εἶναι βεβαίαν τὴν ἐπαγγελίαν παντὶ τῷ σπέρματι, οὐ τῷ ἐκ τοῦ νόμου μόνον ἀλλὰ καὶ τῷ ἐκ πίστεως Ἀβραάμ, ὅς ἐστιν πατὴρ πάντων ἡμῶν",το δια τουτο εκ πιστεως ινα κατα χαριν εις ὁ επαγγελιαν ειναι βεβαιαν παντι ὁ σπερματι ου τω μονον εκ ὁ νομου αλλα τω και εκ πιστεως αβρααμ ος εστιν πατηρ ημων παντων,"STRONGS MISMATCH: word text matches ('μόνον'); expected Strong's (TR/TAGNT G3441, cross-walked to this DB's lexeme numbering: G3441) vs DB actual 'μονον'=G3440"
Rom,4,19,extra_word,1,yes,"καὶ μὴ ἀσθενήσας τῇ πίστει οὐ κατενόησεν τὸ ἑαυτοῦ σῶμα ἤδη νενεκρωμένον, ἑκατονταετής που ὑπάρχων, καὶ τὴν νέκρωσιν τῆς μήτρας Σάρρας,",το και μη ασθενησας ὁ πιστει κατενοησεν ου εαυτου σωμα ηδη νενεκρωμενον που εκατονταετης και ὁ νεκρωσιν ὁ σαρρας ὁ μητρας υπαρχων,"EXTRA: DB has 'ὁ' (G3588), no TR counterpart anywhere in verse"
Rom,4,23,strongs_mismatch,1,yes,"Οὐκ ἐγράφη δὲ δι᾽ αὐτὸν μόνον ὅτι ἐλογίσθη αὐτῷ,",δε ουκ εγραφη αυτον δι μονον οτι ελογισθη αυτω,"STRONGS MISMATCH: word text matches ('μόνον'); expected Strong's (TR/TAGNT G3441, cross-walked to this DB's lexeme numbering: G3441) vs DB actual 'μονον'=G3440"
Rom,5,3,strongs_mismatch,1,yes,"οὐ μόνον δέ, ἀλλὰ καὶ καυχώμεθα ἐν ταῖς θλίψεσιν εἰδότες ὅτι ἡ θλῖψις ὑπομονὴν κατεργάζεται,",δε ου μονον αλλα καυχωμεθα εν ὁ θλιψεσιν και ειδοτες οτι ὁ θλιψις κατεργαζεται υπομονην,"STRONGS MISMATCH: word text matches ('μόνον'); expected Strong's (TR/TAGNT G3441, cross-walked to this DB's lexeme numbering: G3441) vs DB actual 'μονον'=G3440"
Rom,5,11,strongs_mismatch,1,yes,"οὐ μόνον δέ, ἀλλὰ καὶ καυχώμενοι ἐν τῷ θεῷ διὰ τοῦ κυρίου ἡμῶν Ἰησοῦ Χριστοῦ δι᾽ οὗ νῦν τὴν καταλλαγὴν ἐλάβομεν.¶",δε ου μονον αλλα και καυχωμενοι εν ὁ θεω δια ημων ὁ κυριου ιησου χριστου δι ου νυν ελαβομεν ὁ καταλλαγην,"STRONGS MISMATCH: word text matches ('μόνον'); expected Strong's (TR/TAGNT G3441, cross-walked to this DB's lexeme numbering: G3441) vs DB actual 'μονον'=G3440"
Rom,5,14,extra_word,1,yes,ἀλλ᾽ ἐβασίλευσεν ὁ θάνατος ἀπὸ Ἀδὰμ μέχρι Μωϋσέως καὶ ἐπὶ τοὺς μὴ ἁμαρτήσαντας ἐπὶ τῷ ὁμοιώματι τῆς παραβάσεως Ἀδὰμ ὅς ἐστιν τύπος τοῦ μέλλοντος.,του τους αλλ ὁ θανατος εβασιλευσεν απο αδαμ μεχρι μωσεως και επι μη αμαρτησαντας επι ὁ ομοιωματι ὁ αδαμ ὁ παραβασεως ος εστιν τυπος μελλοντος,"EXTRA: DB has 'ὁ' (G3588), no TR counterpart anywhere in verse"
Rom,6,1,extra_word,1,yes,Τί οὖν ἐροῦμεν; τῇ ἁμαρτίᾳ ἵνα ἡ χάρις πλεονάσῃ;,τι ερουμεν ουν επιμενουμεν ὁ αμαρτια ινα ὁ χαρις πλεοναση,"EXTRA: DB has 'επιμενουμεν' (G1961), no TR counterpart anywhere in verse"
Rom,7,2,extra_word,1,yes,"ἡ γὰρ ὕπανδρος γυνὴ τῷ ζῶντι ἀνδρὶ δέδεται νόμῳ· ἐὰν δὲ ἀποθάνῃ ὁ ἀνήρ, κατήργηται ἀπὸ τοῦ νόμου τοῦ ἀνδρός.",η γαρ γυνη υπανδρος δεδεται νομω ανδρι ὁ ζωντι δε εαν ὁ ανηρ αποθανη κατηργηται απο ὁ νομου ὁ ὁ ανδρος,"EXTRA: DB has 'ὁ' (G3588), no TR counterpart anywhere in verse"
Rom,7,9,extra_word,1,yes,"ἐγὼ δὲ ἔζων χωρὶς νόμου ποτέ· ἐλθούσης δὲ τῆς ἐντολῆς ἡ ἁμαρτία ἀνέζησεν,",εζων χωρις νομου ποτε δε ὁ εντολης ελθουσης ὁ αμαρτια ανεζησεν δε εγω απεθανον,"EXTRA: DB has 'απεθανον' (G0599), no TR counterpart anywhere in verse"
Rom,7,23,extra_word,1,yes,βλέπω δὲ ἕτερον νόμον ἐν τοῖς μέλεσίν μου ἀντιστρατευόμενον τῷ νόμῳ τοῦ νοός μου καὶ αἰχμαλωτίζοντά με τῷ νόμῳ τῆς ἁμαρτίας τῷ ὄντι ἐν τοῖς μέλεσίν μου.,τω δε βλεπω ετερον νομον εν μου ὁ μελεσιν αντιστρατευομενον ὁ νομω ὁ μου ὁ νοος και με αιχμαλωτιζοντα ὁ νομω ὁ αμαρτιας οντι εν μου ὁ μελεσιν,"EXTRA: DB has 'ὁ' (G3588), no TR counterpart anywhere in verse"
Rom,8,2,strongs_mismatch,1,yes,ὁ γὰρ νόμος τοῦ πνεύματος τῆς ζωῆς ἐν Χριστῷ Ἰησοῦ ἠλευθέρωσέν με ἀπὸ τοῦ νόμου τῆς ἁμαρτίας καὶ τοῦ θανάτου.,ο γαρ νομος ὁ πνευματος ὁ ζωης εν χριστω ιησου ηλευθερωσεν με απο ὁ νομου ὁ αμαρτιας και ὁ θανατου,"STRONGS MISMATCH: word text matches ('με'); expected Strong's (TR/TAGNT G3165, cross-walked to this DB's lexeme numbering: G3165/G4771) vs DB actual 'με'=G1473"
Rom,8,5,word_substitution,1,yes,οἱ γὰρ κατὰ σάρκα ὄντες τὰ τῆς σαρκὸς φρονοῦσιν οἱ δὲ κατὰ πνεῦμα τὰ τοῦ πνεύματος.,οι γαρ οντες κατα σαρκα φρονουσιν τα ὁ σαρκος δε οι κατα πνευμα τα ὁ πνευματος,"DIFFERENT FORM: same Strong's G3588, TR 'τῆς' vs DB 'οι'"
Rom,8,23,strongs_mismatch,1,yes,"οὐ μόνον δέ, ἀλλὰ καὶ αὐτοὶ τὴν ἀπαρχὴν τοῦ πνεύματος ἔχοντες ἡμεῖς καὶ αὐτοὶ ἐν ἑαυτοῖς στενάζομεν υἱοθεσίαν ἀπεκδεχόμενοι, τὴν ἀπολύτρωσιν τοῦ σώματος ἡμῶν.",δε ου μονον αλλα αυτοι και εχοντες απαρχην ὁ πνευματος και ημεις αυτοι στεναζομεν εν εαυτοις απεκδεχομενοι υιοθεσιαν ὁ απολυτρωσιν ὁ ημων ὁ σωματος,"STRONGS MISMATCH: word text matches ('μόνον'); expected Strong's (TR/TAGNT G3441, cross-walked to this DB's lexeme numbering: G3441) vs DB actual 'μονον'=G3440"
Rom,8,29,extra_word,1,yes,"ὅτι οὓς προέγνω, καὶ προώρισεν συμμόρφους τῆς εἰκόνος τοῦ υἱοῦ αὐτοῦ εἰς τὸ εἶναι αὐτὸν πρωτότοκον ἐν πολλοῖς ἀδελφοῖς·",το οτι ους προεγνω και προωρισεν συμμορφους ὁ εικονος ὁ αυτου ὁ υιου εις αυτον ειναι πρωτοτοκον εν πολλοις αδελφοις,"EXTRA: DB has 'ὁ' (G3588), no TR counterpart anywhere in verse"
Rom,8,31,extra_word,1,yes,"Τί οὖν ἐροῦμεν πρὸς ταῦτα; εἰ ὁ θεὸς ὑπὲρ ἡμῶν, τίς καθ᾽ ἡμῶν;",τι ερουμεν ουν ερουμεν προς ταυτα ει ὁ θεος υπερ ημων τις καθ ημων,"EXTRA: DB has 'ερουμεν' (G2046), no TR counterpart anywhere in verse"
Rom,9,6,word_substitution,1,yes,Οὐχ οἷον δὲ ὅτι ἐκπέπτωκεν ὁ λόγος τοῦ θεοῦ. οὐ γὰρ πάντες οἱ ἐξ Ἰσραὴλ οὗτοι Ἰσραήλ·,δε ουχ οιον οτι ὁ λογος ὁ θεου εκπεπτωκεν γαρ ουτοι ου παντες ισραηλ οι εξ ισραηλ,"DIFFERENT FORM: same Strong's G3588, TR 'τοῦ' vs DB 'οι'"
Rom,9,10,strongs_mismatch,1,yes,"Οὐ μόνον δέ, ἀλλὰ καὶ Ῥεβέκκα ἐξ ἑνὸς κοίτην ἔχουσα Ἰσαὰκ τοῦ πατρὸς ἡμῶν·",δε ου μονον αλλα εχουσα ρεβεκκα και κοιτην εξ ενος ημων ὁ πατρος ισαακ,"STRONGS MISMATCH: word text matches ('μόνον'); expected Strong's (TR/TAGNT G3441, cross-walked to this DB's lexeme numbering: G3441) vs DB actual 'μονον'=G3440"
Rom,9,11,extra_word,7,yes,"μήπω γὰρ γεννηθέντων μηδὲ πραξάντων τι ἀγαθὸν ἢ κακόν ἵνα ἡ κατ᾽ ἐκλογὴν πρόθεσις τοῦ θεοῦ μένῃ,",του η γαρ μηπω γεννηθεντων μηδε πραξαντων τι αγαθον η κακον ινα προθεσις ὁ θεου κατ εκλογην μενη ουκ εξ εργων αλλ εκ καλουντος,"EXTRA: DB has 'ὁ' (G3588), no TR counterpart anywhere in verse | EXTRA: DB has 'ουκ' (G3756), no TR counterpart anywhere in verse | EXTRA: DB has 'εξ' (G1537), no TR counterpart anywhere in verse | EXTRA: DB has 'εργων' (G2041), no TR counterpart anywhere in verse | EXTRA: DB has 'αλλ' (G0235), no TR counterpart anywhere in verse | EXTRA: DB has 'εκ' (G1537), no TR counterpart anywhere in verse | EXTRA: DB has 'καλουντος' (G2564), no TR counterpart anywhere in verse"
Rom,9,20,extra_word,1,yes,"ὦ ἄνθρωπε, μενοῦνγε, σὺ τίς εἶ ὁ ἀνταποκρινόμενος τῷ θεῷ; μὴ ἐρεῖ τὸ πλάσμα τῷ πλάσαντι· τί με ἐποίησας οὕτως;",μη τω ο μενουνγε ω ανθρωπε τις ει συ ανταποκρινομενος ὁ θεω ερει ὁ πλασμα ερει πλασαντι τι εποιησας με ουτως,"EXTRA: DB has 'ερει' (G2046), no TR counterpart anywhere in verse"
Rom,9,24,strongs_mismatch,1,yes,"οὓς καὶ ἐκάλεσεν ἡμᾶς οὐ μόνον ἐξ Ἰουδαίων ἀλλὰ καὶ ἐξ ἐθνῶν,",και ημας ους εκαλεσεν ου εξ ιουδαιων μονον αλλα και εξ εθνων,"STRONGS MISMATCH: word text matches ('μόνον'); expected Strong's (TR/TAGNT G3441, cross-walked to this DB's lexeme numbering: G3441) vs DB actual 'μονον'=G3440"
Rom,9,29,strongs_mismatch,1,yes,"καὶ καθὼς προείρηκεν Ἠσαΐας· εἰ μὴ κύριος σαβαὼθ ἐγκατέλιπεν ἡμῖν σπέρμα, ὡς Σόδομα ἂν ἐγενήθημεν καὶ ὡς Γόμορρα ἂν ὡμοιώθημεν.¶",και καθως ησαιας προειρηκεν εἰ μη κυριος σαβαωθ εγκατελιπεν ημιν σπερμα αν εγενηθημεν ως σοδομα και ως αν ωμοιωθημεν γομορρα,"STRONGS MISMATCH: word text matches ('προείρηκεν'); expected Strong's (TR/TAGNT G4280, cross-walked to this DB's lexeme numbering: G4280) vs DB actual 'προειρηκεν'=G4302"
Rom,11,10,missing_word,1,yes,"σκοτισθήτωσαν οἱ ὀφθαλμοὶ αὐτῶν τοῦ μὴ βλέπειν, καὶ τὸν νῶτον αὐτῶν διὰ διαπαντός σύγκαμψον.¶",του αυτων ὁ οφθαλμοι σκοτισθητωσαν μη βλεπειν και συγκαμψον αυτων ὁ νωτον διαπαντος,"MISSING: TR has 'διὰ' (G1223), no match anywhere in DB verse"
Rom,11,20,mixed_content,3,yes,"καλῶς· τῇ ἀπιστίᾳ ἐξεκλάσθησαν, σὺ δὲ τῇ πίστει ἕστηκας. μὴ ὑψηλὰ φρόνει ἀλλὰ φοβοῦ·",καλως ὁ απιστια εξεκλασθησαν δε συ εστηκας ὁ πιστει υψηλοφρονει μη υψηλοφρονει αλλα φοβου,"STRONGS MISMATCH: word text matches ('φρόνει'); expected Strong's (TR/TAGNT G5426, cross-walked to this DB's lexeme numbering: G5426) vs DB actual 'υψηλοφρονει'=G5309 | MISSING: TR has 'ὑψηλὰ' (G5308), no match anywhere in DB verse | EXTRA: DB has 'υψηλοφρονει' (G5309), no TR counterpart anywhere in verse"
Rom,11,21,mixed_content,2,yes,"εἰ γὰρ ὁ θεὸς τῶν κατὰ φύσιν κλάδων οὐκ ἐφείσατο, μή πως οὐδὲ σοῦ φείσηται",κατα των γαρ ει ὁ θεος εφεισατο ουκ φυσιν κλαδων μηπως ουδε φεισηται σου,"DIFFERENT FORM: same Strong's G4458, TR 'πως' vs DB 'μηπως' | MISSING: TR has 'μή' (G3361), no match anywhere in DB verse"
Rom,11,22,extra_word,1,yes,Ἴδε οὖν χρηστότητα καὶ ἀποτομίαν θεοῦ· ἐπὶ μὲν τοὺς πεσόντας ἀποτομίαν ἐπὶ δὲ σὲ χρηστότητα ἐὰν ἐπιμείνῃς τῇ χρηστότητι· ἐπεὶ καὶ σὺ ἐκκοπήσῃ.,τους μεν ιδε ουν χρηστοτητα και αποτομιαν θεου επι πεσοντας αποτομιαν δε επι σε χρηστοτητα εαν επιμεινης ὁ ὁ χρηστοτητι επει συ και εκκοπηση,"EXTRA: DB has 'ὁ' (G3588), no TR counterpart anywhere in verse"
Rom,11,23,mixed_content,2,yes,"κἀκεῖνοι δέ, ἐὰν μὴ ἐπιμείνωσιν τῇ ἀπιστίᾳ, ἐγκεντρισθήσονται· δυνατὸς γάρ ἐστιν ὁ θεὸς πάλιν ἐγκεντρίσαι αὐτούς·",δε εκεινοι και εαν μη επιμεινωσιν ὁ απιστια εγκεντρισθησονται γαρ ὁ θεος εστιν δυνατος εγκεντρισαι αυτους παλιν,"DIFFERENT FORM: same Strong's G2532, TR 'κἀκεῖνοι' vs DB 'και' | EXTRA: DB has 'εκεινοι' (G1565), no TR counterpart anywhere in verse"
Rom,11,28,extra_word,2,yes,κατὰ μὲν τὸ εὐαγγέλιον ἐχθροὶ δι᾽ ὑμᾶς κατὰ δὲ τὴν ἐκλογὴν ἀγαπητοὶ διὰ τοὺς πατέρας·,μεν κατα ὁ ευαγγελιον εχθροι δι υμας δι δε κατα ὁ εκλογην αγαπητοι δια ὁ πατερας δια,"EXTRA: DB has 'δια' (G1223), no TR counterpart anywhere in verse | EXTRA: DB has 'δια' (G1223), no TR counterpart anywhere in verse"
Rom,12,2,extra_word,2,yes,"καὶ μὴ συσχηματίζεσθε τῷ αἰῶνι τούτῳ, ἀλλὰ μεταμορφοῦσθε τῇ ἀνακαινώσει τοῦ νοὸς ὑμῶν εἰς τὸ δοκιμάζειν ὑμᾶς τί τὸ θέλημα τοῦ θεοῦ τὸ ἀγαθὸν καὶ εὐάρεστον καὶ τέλειον.",το το και μη συσχηματιζεσθε τουτω ὁ αιωνι αλλα μεταμορφουσθε ὁ ανακαινωσει ὁ υμων ὁ νοος εις υμας δοκιμαζειν τι ὁ αγαθον και ευαρεστον και τελειον ὁ θελημα ὁ θεου,"EXTRA: DB has 'ὁ' (G3588), no TR counterpart anywhere in verse | EXTRA: DB has 'ὁ' (G3588), no TR counterpart anywhere in verse"
Rom,12,11,word_substitution,1,yes,"τῇ σπουδῇ μὴ ὀκνηροί, τῷ πνεύματι ζέοντες, τῷ καιρῷ δουλεύοντες,",μη οκνηροι ὁ σπουδη ζεοντες ὁ πνευματι δουλευοντες ὁ κυριω,"DIFFERENT FORM: same Strong's G2540, TR 'καιρῷ' vs DB 'κυριω'"
Rom,12,20,extra_word,1,yes,"ἐὰν πεινᾷ ὁ ἐχθρός σου, ψώμιζε αὐτόν· ἐὰν διψᾷ, πότιζε αὐτόν· τοῦτο γὰρ ποιῶν ἄνθρακας πυρὸς σωρεύσεις ἐπὶ τὴν κεφαλὴν αὐτοῦ.",ο ουν εαν σου εχθρος πεινα ψωμιζε αυτον εαν διψα αυτον ποτιζε γαρ τουτο ποιων σωρευσεις ανθρακας πυρος επι αυτου ὁ κεφαλην,"EXTRA: DB has 'ουν' (G3767), no TR counterpart anywhere in verse"
Rom,13,5,strongs_mismatch,1,yes,"διὸ ἀνάγκη ὑποτάσσεσθαι, οὐ μόνον διὰ τὴν ὀργὴν ἀλλὰ καὶ διὰ τὴν συνείδησιν.",διο αναγκη υποτασσεσθαι ου μονον δια ὁ οργην αλλα και δια ὁ συνειδησιν,"STRONGS MISMATCH: word text matches ('μόνον'); expected Strong's (TR/TAGNT G3441, cross-walked to this DB's lexeme numbering: G3441) vs DB actual 'μονον'=G3440"
Rom,13,11,strongs_mismatch,1,yes,"Καὶ τοῦτο εἰδότες τὸν καιρόν, ὅτι ὥρα ἤδη ἡμᾶς ἐξ ὕπνου ἐγερθῆναι· νῦν γὰρ ἐγγύτερον ἡμῶν ἡ σωτηρία ἢ ὅτε ἐπιστεύσαμεν·",και τουτο ειδοτες ὁ καιρον οτι ηδη ωρα ημας εγερθηναι εξ υπνου γαρ νυν ημων ὁ σωτηρια εγγυτερον η οτε επιστευσαμεν,"STRONGS MISMATCH: word text matches ('ἡμᾶς'); expected Strong's (TR/TAGNT G2248, cross-walked to this DB's lexeme numbering: G2248/G4771) vs DB actual 'ημας'=G1473"
Rom,14,13,extra_word,1,yes,"μηκέτι οὖν ἀλλήλους κρίνωμεν, ἀλλὰ τοῦτο κρίνατε μᾶλλον, τὸ μὴ τιθέναι πρόσκομμα τῷ ἀδελφῷ ἢ σκάνδαλον.¶",ουν κρινωμεν αλληλους μηκετι αλλα κρινατε τουτο μαλλον το μη τιθεναι προσκομμα η σκανδαλον ὁ ὁ αδελφω,"EXTRA: DB has 'ὁ' (G3588), no TR counterpart anywhere in verse"
Rom,15,7,strongs_mismatch,1,yes,"διὸ προσλαμβάνεσθε ἀλλήλους, καθὼς καὶ ὁ Χριστὸς προσελάβετο ἡμᾶς εἰς δόξαν θεοῦ.",διο προσλαμβανεσθε αλληλους καθως ὁ χριστος και προσελαβετο ημας εις δοξαν θεου,"STRONGS MISMATCH: word text matches ('ἡμᾶς'); expected Strong's (TR/TAGNT G2248, cross-walked to this DB's lexeme numbering: G2248/G4771) vs DB actual 'ημας'=G1473"
Rom,15,9,extra_word,1,yes,τὰ δὲ ἔθνη ὑπὲρ ἐλέους δοξάσαι τὸν θεὸν καθὼς γέγραπται· διὰ τοῦτο ἐξομολογήσομαί σοι ἐν ἔθνεσιν καὶ τῷ ὀνόματί σου ψαλῶ.,τα δε εθνη δοξασαι ὁ θεον υπερ ελεους καθως γεγραπται δια τουτο εξομολογησομαι σοι εν εθνεσιν και ψαλω ὁ σου ὁ ονοματι,"EXTRA: DB has 'ὁ' (G3588), no TR counterpart anywhere in verse"
Rom,16,6,strongs_mismatch,1,yes,"ἀσπάσασθε Μαρίαν, ἥτις πολλὰ ἐκοπίασεν εἰς ἡμᾶς",ασπασασθε μαριαμ ητις εκοπιασεν πολλα εις ημας,"STRONGS MISMATCH: word text matches ('ἡμᾶς'); expected Strong's (TR/TAGNT G2248, cross-walked to this DB's lexeme numbering: G2248/G4771) vs DB actual 'ημας'=G1473"
Rom,16,20,extra_word,1,yes,ὁ δὲ θεὸς τῆς εἰρήνης συντρίψει τὸν σατανᾶν ὑπὸ τοὺς πόδας ὑμῶν ἐν τάχει. ἡ χάρις τοῦ κυρίου ἡμῶν Ἰησοῦ Χριστοῦ μεθ᾽ ὑμῶν.¶,δε θεος ὁ ειρηνης συντριψει ὁ σαταναν υπο υμων ὁ ποδας ἐν ταχει ὁ χαρις ὁ ημων ὁ κυριου ιησου χριστου μεθ υμων αμην,"EXTRA: DB has 'αμην' (G0281), no TR counterpart anywhere in verse"
Tit,2,7,word_substitution,1,yes,"περὶ πάντα σεαυτὸν παρεχόμενος τύπον καλῶν ἔργων, ἐν τῇ διδασκαλίᾳ ἀδιαφθορίαν ἀφθορίαν, σεμνότητα,",περι παντα παρεχομενος σεαυτον τυπον καλων εργων εν ὁ διδασκαλια αδιαφθοριαν σεμνοτητα αφθαρσιαν,"DIFFERENT FORM: same Strong's G0861, TR 'ἀφθορίαν,' vs DB 'αφθαρσιαν'"
Tit,2,8,strongs_mismatch,1,yes,"λόγον ὑγιῆ, ἀκατάγνωστον, ἵνα ὁ ἐξ ἐναντίας ἐντραπῇ μηδὲν ἔχων λέγειν περὶ ὑμῶν φαῦλον.¶",υγιη λογον ακαταγνωστον ινα ο εξ εναντιας εντραπη εχων μηδεν φαυλον λεγειν περι υμων,"STRONGS MISMATCH: word text matches ('ὑμῶν'); expected Strong's (TR/TAGNT G5216, cross-walked to this DB's lexeme numbering: G1473/G3165/G5216) vs DB actual 'υμων'=G4771"
Tit,2,10,word_substitution,1,yes,"μὴ νοσφιζομένους ἀλλὰ πᾶσαν πίστιν ἐνδεικνυμένους ἀγαθήν, ἵνα τὴν διδασκαλίαν τοῦ σωτῆρος ὑμῶν θεοῦ κοσμῶσιν ἐν πᾶσιν.¶",μη νοσφιζομενους αλλα ενδεικνυμενους πασαν αγαθην πιστιν ινα κοσμωσιν ὁ διδασκαλιαν θεου ημων ὁ σωτηρος εν πασιν,"DIFFERENT FORM: same Strong's G5216, TR 'ὑμῶν' vs DB 'ημων'"
Tit,3,15,missing_word,13,yes,Ἀσπάζονταί σε οἱ μετ᾽ ἐμοῦ πάντες. ἄσπασαι τοὺς φιλοῦντας ἡμᾶς ἐν πίστει.¶ Ἡ χάρις μετὰ πάντων ὑμῶν ἀμήν. πρός Τίτον τῆς Κρητῶν ἐκκλησίας πρῶτον ἐπίσκοπον χειροτονηθέντα ἐγράφη ἀπό Νικοπόλεως τῆς Κρητῶν.¶,ὁ παντες μετ εμου ασπαζονται σε ασπασαι ὁ φιλουντας ημας εν πιστει ὁ χαρις μετα υμων παντων αμην,"MISSING: TR has 'πρός' (G4314), no match anywhere in DB verse | MISSING: TR has 'Τίτον' (G5103), no match anywhere in DB verse | MISSING: TR has 'τῆς' (G3588), no match anywhere in DB verse | MISSING: TR has 'Κρητῶν' (G2912), no match anywhere in DB verse | MISSING: TR has 'ἐκκλησίας' (G1577), no match anywhere in DB verse | MISSING: TR has 'πρῶτον' (G4413), no match anywhere in DB verse | MISSING: TR has 'ἐπίσκοπον' (G1985), no match anywhere in DB verse | MISSING: TR has 'χειροτονηθέντα' (G5500), no match anywhere in DB verse | MISSING: TR has 'ἐγράφη' (G1125), no match anywhere in DB verse | MISSING: TR has 'ἀπό' (G0575), no match anywhere in DB verse | MISSING: TR has 'Νικοπόλεως' (G3533), no match anywhere in DB verse | MISSING: TR has 'τῆς' (G3588), no match anywhere in DB verse | MISSING: TR has 'Κρητῶν.¶' (G3109), no match anywhere in DB verse"
